EmployeeID,Age,Attrition,Department,JobRole,BusinessTravel,DailyRate,DistanceFromHome,Education,EducationField,EnvironmentSatisfaction,Gender,HourlyRate,JobInvolvement,JobLevel,JobSatisfaction,MaritalStatus,MonthlyIncome,MonthlyRate,NumCompaniesWorked,OverTime,PercentSalaryHike,PerformanceRating,RelationshipSatisfaction,StockOptionLevel,TotalWorkingYears,TrainingTimesLastYear,WorkLifeBalance,YearsAtCompany,YearsInCurrentRole,YearsSinceLastPromotion,YearsWithCurrManager,IncomeExperienceRatio,PromotionDelay,EngagementScore,WorkloadStress,AttritionProbability,RiskScore,RiskCategory
E1,41,1,Sales,Sales Executive,Travel_Rarely,1102,1,2,Life Sciences,2,Female,94,3,2,4,Single,5993,19479,8,Yes,11,3,1,0,8,0,1,6,4,0,5,665.8888888888889,0.0,2.2,1,0.9167265560726988,91.67,High Risk
E2,49,0,Research & Development,Research Scientist,Travel_Frequently,279,8,1,Life Sciences,3,Male,61,2,2,2,Married,5130,24907,1,No,23,4,4,1,10,3,3,10,7,1,7,466.3636363636364,0.09090909090909091,2.8,0,0.12101393576289671,12.1,Low Risk
E3,37,1,Research & Development,Laboratory Technician,Travel_Rarely,1373,2,2,Other,4,Male,92,2,1,3,Single,2090,2396,6,Yes,15,3,2,0,7,3,3,0,0,0,0,261.25,0.0,2.8,1,0.8553126225815818,85.53,High Risk
E4,33,0,Research & Development,Research Scientist,Travel_Frequently,1392,3,4,Life Sciences,4,Female,56,3,1,3,Married,2909,23159,1,Yes,11,3,3,0,8,3,3,8,7,3,0,323.22222222222223,0.3333333333333333,3.2,1,0.3780913754850519,37.81,Medium Risk
E5,27,0,Research & Development,Laboratory Technician,Travel_Rarely,591,2,1,Medical,1,Male,40,3,1,2,Married,3468,16632,9,No,12,3,4,1,6,3,3,2,2,2,2,495.42857142857144,0.6666666666666666,2.6,0,0.7286510978901072,72.87,High Risk
E6,32,0,Research & Development,Laboratory Technician,Travel_Frequently,1005,2,2,Life Sciences,4,Male,79,3,1,4,Single,3068,11864,0,No,13,3,3,0,8,2,2,7,7,3,6,340.8888888888889,0.375,3.2,0,0.18594425219125238,18.59,Low Risk
E7,59,0,Research & Development,Laboratory Technician,Travel_Rarely,1324,3,3,Medical,3,Female,81,4,1,1,Married,2670,9964,4,Yes,20,4,1,3,12,3,2,1,0,0,0,205.3846153846154,0.0,2.2,1,0.5575574879050502,55.76,Medium Risk
E8,30,0,Research & Development,Laboratory Technician,Travel_Rarely,1358,24,1,Life Sciences,4,Male,67,3,1,3,Divorced,2693,13335,1,No,22,4,2,1,1,2,3,1,0,0,0,1346.5,0.0,3.0,0,0.3674069838830185,36.74,Medium Risk
E9,38,0,Research & Development,Manufacturing Director,Travel_Frequently,216,23,3,Life Sciences,4,Male,44,2,3,3,Single,9526,8787,0,No,21,4,2,0,10,2,3,9,7,1,8,866.0,0.1,2.8,0,0.26293428886900727,26.29,Low Risk
E10,36,0,Research & Development,Healthcare Representative,Travel_Rarely,1299,27,3,Medical,3,Male,94,3,2,3,Married,5237,16577,6,No,13,3,2,2,17,3,2,7,7,7,7,290.94444444444446,0.875,2.6,0,0.15065944753891958,15.07,Low Risk
E11,35,0,Research & Development,Laboratory Technician,Travel_Rarely,809,16,3,Medical,1,Male,84,4,1,2,Married,2426,16479,0,No,13,3,3,1,6,5,3,5,4,0,3,346.57142857142856,0.0,2.6,0,0.20429455656520806,20.43,Low Risk
E12,29,0,Research & Development,Laboratory Technician,Travel_Rarely,153,15,2,Life Sciences,4,Female,49,2,2,3,Single,4193,12682,0,Yes,12,3,4,0,10,3,3,9,5,0,8,381.1818181818182,0.0,3.2,1,0.5586957303468237,55.87,Medium Risk
E13,31,0,Research & Development,Research Scientist,Travel_Rarely,670,26,1,Life Sciences,1,Male,31,3,1,3,Divorced,2911,15170,1,No,17,3,4,1,5,1,2,5,2,4,3,485.1666666666667,0.6666666666666666,2.6,0,0.3571282459431386,35.71,Medium Risk
E14,34,0,Research & Development,Laboratory Technician,Travel_Rarely,1346,19,2,Medical,2,Male,93,3,1,4,Divorced,2661,8758,0,No,11,3,3,1,3,2,3,2,2,1,2,665.25,0.3333333333333333,3.0,0,0.16075348937730768,16.08,Low Risk
E15,28,1,Research & Development,Laboratory Technician,Travel_Rarely,103,24,3,Life Sciences,3,Male,50,2,1,3,Single,2028,12947,5,Yes,14,3,2,0,6,4,3,4,2,0,3,289.7142857142857,0.0,2.6,1,0.9332095957178802,93.32,High Risk
E16,29,0,Research & Development,Manufacturing Director,Travel_Rarely,1389,21,4,Life Sciences,2,Female,51,4,3,1,Divorced,9980,10195,1,No,11,3,3,1,10,1,3,10,9,8,8,907.2727272727273,0.7272727272727273,2.6,0,0.12537013814482767,12.54,Low Risk
E17,32,0,Research & Development,Research Scientist,Travel_Rarely,334,5,2,Life Sciences,1,Male,80,4,1,2,Divorced,3298,15053,0,Yes,12,3,4,2,7,5,2,6,2,0,5,412.25,0.0,2.6,1,0.2209159485039994,22.09,Low Risk
E18,22,0,Research & Development,Laboratory Technician,Non-Travel,1123,16,2,Medical,4,Male,96,4,1,4,Divorced,2935,7324,1,Yes,13,3,2,2,1,2,2,1,0,0,0,1467.5,0.0,3.2,1,0.41011873126528164,41.01,Medium Risk
E19,53,0,Sales,Manager,Travel_Rarely,1219,2,4,Life Sciences,1,Female,78,2,4,4,Married,15427,22021,2,No,16,3,3,0,31,3,3,25,8,3,7,482.09375,0.11538461538461539,2.6,0,0.07065084892675225,7.07,Low Risk
E20,38,0,Research & Development,Research Scientist,Travel_Rarely,371,2,3,Life Sciences,4,Male,45,3,1,4,Single,3944,4306,5,Yes,11,3,3,0,6,3,3,3,2,1,2,563.4285714285714,0.25,3.4,1,0.5314661749686229,53.15,Medium Risk
E21,24,0,Research & Development,Manufacturing Director,Non-Travel,673,11,2,Other,1,Female,96,4,2,3,Divorced,4011,8232,0,No,18,3,4,1,5,5,2,4,2,1,3,668.5,0.2,2.8,0,0.027844195516295883,2.78,Low Risk
E22,36,1,Sales,Sales Representative,Travel_Rarely,1218,9,4,Life Sciences,3,Male,82,2,1,1,Single,3407,6986,7,No,23,4,2,0,10,4,3,5,3,0,3,309.72727272727275,0.0,2.2,0,0.8066165050430021,80.66,High Risk
E23,34,0,Research & Development,Research Director,Travel_Rarely,419,7,4,Life Sciences,1,Female,53,3,3,2,Single,11994,21293,0,No,11,3,3,0,13,4,3,12,6,2,11,856.7142857142857,0.15384615384615385,2.4,0,0.042173715383613745,4.22,Low Risk
E24,21,0,Research & Development,Research Scientist,Travel_Rarely,391,15,2,Life Sciences,3,Male,96,3,1,4,Single,1232,19281,1,No,14,3,4,0,0,6,3,0,0,0,0,1232.0,0.0,3.4,0,0.29774115648509647,29.77,Low Risk
E25,34,1,Research & Development,Research Scientist,Travel_Rarely,699,6,1,Medical,2,Male,83,3,1,1,Single,2960,17102,2,No,11,3,3,0,8,2,3,4,2,1,3,328.8888888888889,0.2,2.4,0,0.5381329034480501,53.81,Medium Risk
E26,53,0,Research & Development,Manager,Travel_Rarely,1282,5,3,Other,3,Female,58,3,5,3,Divorced,19094,10735,4,No,11,3,4,1,26,3,2,14,13,4,8,707.1851851851852,0.26666666666666666,3.0,0,0.025691614273039145,2.57,Low Risk
E27,32,1,Research & Development,Research Scientist,Travel_Frequently,1125,16,1,Life Sciences,2,Female,72,1,1,1,Single,3919,4681,1,Yes,22,4,2,0,10,5,3,10,2,6,7,356.27272727272725,0.5454545454545454,1.8,1,0.9428497603292367,94.28,High Risk
E28,42,0,Sales,Sales Executive,Travel_Rarely,691,8,4,Marketing,3,Male,48,3,2,2,Married,6825,21173,0,No,11,3,4,1,10,2,3,9,7,4,2,620.4545454545455,0.4,3.0,0,0.26563617525327793,26.56,Low Risk
E29,44,0,Research & Development,Healthcare Representative,Travel_Rarely,477,7,4,Medical,1,Female,42,2,3,4,Married,10248,2094,3,No,14,3,4,1,24,4,3,22,6,5,17,409.92,0.21739130434782608,2.8,0,0.05933373043036922,5.93,Low Risk
E30,46,0,Sales,Manager,Travel_Rarely,705,2,4,Marketing,2,Female,83,3,5,1,Single,18947,22822,3,No,12,3,4,0,22,2,2,2,2,2,1,823.7826086956521,0.6666666666666666,2.4,0,0.19689297272668235,19.69,Low Risk
E31,33,0,Research & Development,Laboratory Technician,Travel_Rarely,924,2,3,Medical,3,Male,78,3,1,4,Single,2496,6670,4,No,11,3,4,0,7,3,3,1,1,0,0,312.0,0.0,3.4,0,0.2170922903155391,21.71,Low Risk
E32,44,0,Research & Development,Healthcare Representative,Travel_Rarely,1459,10,4,Other,4,Male,41,3,2,4,Married,6465,19121,2,Yes,13,3,4,0,9,5,4,4,2,1,3,646.5,0.2,3.8,1,0.06291812869571069,6.29,Low Risk
E33,30,0,Research & Development,Laboratory Technician,Travel_Rarely,125,9,2,Medical,4,Male,83,2,1,3,Single,2206,16117,1,No,13,3,1,0,10,5,3,10,0,1,8,200.54545454545453,0.09090909090909091,2.6,0,0.48020496318629563,48.02,Medium Risk
E34,39,1,Sales,Sales Representative,Travel_Rarely,895,5,3,Technical Degree,4,Male,56,3,2,4,Married,2086,3335,3,No,14,3,3,1,19,6,4,1,0,0,0,104.3,0.0,3.6,0,0.1743261531113976,17.43,Low Risk
E35,24,1,Research & Development,Research Scientist,Travel_Rarely,813,1,3,Medical,2,Male,61,3,1,4,Married,2293,3020,2,Yes,16,3,1,1,6,2,2,2,0,2,0,327.57142857142856,0.6666666666666666,2.4,1,0.6744719590875877,67.45,High Risk
E36,43,0,Research & Development,Research Scientist,Travel_Rarely,1273,2,2,Medical,4,Female,72,4,1,3,Divorced,2645,21923,1,No,12,3,4,2,6,3,2,5,3,1,4,377.85714285714283,0.16666666666666666,3.4,0,0.026250785701050168,2.63,Low Risk
E37,50,1,Sales,Sales Representative,Travel_Rarely,869,3,2,Marketing,1,Male,86,2,1,3,Married,2683,3810,1,Yes,14,3,3,0,3,2,3,3,2,0,2,670.75,0.0,2.4,1,0.9240567703401428,92.41,High Risk
E38,35,0,Sales,Sales Representative,Travel_Rarely,890,2,3,Marketing,4,Female,97,3,1,4,Married,2014,9687,1,No,13,3,1,0,2,3,3,2,2,2,2,671.3333333333334,0.6666666666666666,3.0,0,0.22999892627705265,23.0,Low Risk
E39,36,0,Research & Development,Research Scientist,Travel_Rarely,852,5,4,Life Sciences,2,Female,82,2,1,1,Married,3419,13072,9,Yes,14,3,4,1,6,3,4,1,1,0,0,488.42857142857144,0.0,2.6,1,0.807868540821885,80.79,High Risk
E40,33,0,Sales,Sales Executive,Travel_Frequently,1141,1,3,Life Sciences,3,Female,42,4,2,1,Married,5376,3193,2,No,19,3,1,2,10,3,3,5,3,1,3,488.72727272727275,0.16666666666666666,2.4,0,0.12651300288497935,12.65,Low Risk
E41,35,0,Research & Development,Laboratory Technician,Travel_Rarely,464,4,2,Other,3,Male,75,3,1,4,Divorced,1951,10910,1,No,12,3,3,1,1,3,3,1,0,0,0,975.5,0.0,3.2,0,0.188081862266032,18.81,Low Risk
E42,27,0,Research & Development,Laboratory Technician,Travel_Rarely,1240,2,4,Life Sciences,4,Female,33,3,1,1,Divorced,2341,19715,1,No,13,3,4,1,1,6,3,1,0,0,0,1170.5,0.0,3.0,0,0.1256708231882245,12.57,Low Risk
E43,26,1,Research & Development,Laboratory Technician,Travel_Rarely,1357,25,3,Life Sciences,1,Male,48,1,1,3,Single,2293,10558,1,No,12,3,3,0,1,2,2,1,0,0,1,1146.5,0.0,2.0,0,0.9585904610486619,95.86,High Risk
E44,27,0,Sales,Sales Executive,Travel_Frequently,994,8,3,Life Sciences,4,Male,37,3,3,3,Single,8726,2975,1,No,15,3,4,0,9,0,3,9,8,1,7,872.6,0.1,3.4,0,0.1963178765099978,19.63,Low Risk
E45,30,0,Research & Development,Laboratory Technician,Travel_Frequently,721,1,2,Medical,3,Female,58,3,2,4,Single,4011,10781,1,No,23,4,4,0,12,2,3,12,8,3,7,308.53846153846155,0.23076923076923078,3.4,0,0.16676620545318918,16.68,Low Risk
E46,41,1,Research & Development,Research Director,Travel_Rarely,1360,12,3,Technical Degree,2,Female,49,3,5,3,Married,19545,16280,1,No,12,3,4,0,23,0,3,22,15,15,8,814.375,0.6521739130434783,3.0,0,0.19221273705115716,19.22,Low Risk
E47,34,0,Sales,Sales Executive,Non-Travel,1065,23,4,Marketing,2,Male,72,3,2,3,Single,4568,10034,0,No,20,4,3,0,10,2,3,9,5,8,7,415.27272727272725,0.8,2.8,0,0.3165075421660403,31.65,Medium Risk
E48,37,0,Research & Development,Research Scientist,Travel_Rarely,408,19,2,Life Sciences,2,Male,73,3,1,2,Married,3022,10227,4,No,21,4,1,0,8,1,3,1,0,0,0,335.77777777777777,0.0,2.2,0,0.6379015260347717,63.79,High Risk
E49,46,0,Sales,Sales Executive,Travel_Frequently,1211,5,4,Marketing,1,Male,98,3,2,4,Single,5772,20445,4,Yes,21,4,3,0,14,4,3,9,6,0,8,384.8,0.0,2.8,1,0.6774582614843271,67.75,High Risk
E50,35,0,Research & Development,Laboratory Technician,Travel_Rarely,1229,8,1,Life Sciences,4,Male,36,4,1,4,Married,2269,4892,1,No,19,3,4,0,1,2,3,1,0,0,1,1134.5,0.0,3.8,0,0.1095157723559418,10.95,Low Risk
E51,48,1,Research & Development,Laboratory Technician,Travel_Rarely,626,1,2,Life Sciences,1,Male,98,2,3,3,Single,5381,19294,9,Yes,13,3,4,0,23,2,3,1,0,0,0,224.20833333333334,0.0,2.6,1,0.9539309087453889,95.39,High Risk
E52,28,1,Research & Development,Laboratory Technician,Travel_Rarely,1434,5,4,Technical Degree,3,Male,50,3,1,3,Single,3441,11179,1,Yes,13,3,3,0,2,3,2,2,2,2,2,1147.0,0.6666666666666666,2.8,1,0.9494112314529538,94.94,High Risk
E53,44,0,Sales,Sales Executive,Travel_Rarely,1488,1,5,Marketing,2,Female,75,3,2,1,Divorced,5454,4009,5,Yes,21,4,3,1,9,2,2,4,3,1,3,545.4,0.2,2.2,1,0.5586299135349005,55.86,Medium Risk
E54,35,0,Research & Development,Healthcare Representative,Non-Travel,1097,11,2,Medical,3,Male,79,2,3,1,Married,9884,8302,2,Yes,13,3,3,1,10,3,3,4,0,2,3,898.5454545454545,0.4,2.4,1,0.2782056018861242,27.82,Low Risk
E55,26,0,Sales,Sales Executive,Travel_Rarely,1443,23,3,Marketing,3,Female,47,2,2,4,Married,4157,21436,7,Yes,19,3,3,1,5,2,2,2,2,0,0,692.8333333333334,0.0,2.8,1,0.89719357160906,89.72,High Risk
E56,33,0,Research & Development,Research Director,Travel_Frequently,515,1,2,Life Sciences,1,Female,98,3,3,4,Single,13458,15146,1,Yes,12,3,3,0,15,1,3,15,14,8,12,841.125,0.5,2.8,1,0.19178327747313653,19.18,Low Risk
E57,35,0,Sales,Sales Executive,Travel_Frequently,853,18,5,Life Sciences,2,Male,71,3,3,1,Married,9069,11031,1,No,22,4,4,1,9,3,2,9,8,1,8,906.9,0.1,2.4,0,0.3307666636138541,33.08,Medium Risk
E58,35,0,Research & Development,Laboratory Technician,Travel_Rarely,1142,23,4,Medical,3,Female,30,3,1,1,Married,4014,16002,3,Yes,15,3,3,1,4,3,3,2,2,2,2,802.8,0.6666666666666666,2.6,1,0.8442206296707294,84.42,High Risk
E59,31,0,Research & Development,Laboratory Technician,Travel_Rarely,655,7,4,Life Sciences,4,Male,48,3,2,4,Divorced,5915,9528,3,No,22,4,4,1,10,3,2,7,7,1,7,537.7272727272727,0.125,3.4,0,0.044053089993954256,4.41,Low Risk
E60,37,0,Research & Development,Manufacturing Director,Travel_Rarely,1115,1,4,Life Sciences,1,Male,51,2,2,3,Divorced,5993,2689,1,No,18,3,3,1,7,2,4,7,5,0,7,749.125,0.0,2.6,0,0.05536127010270819,5.54,Low Risk
E61,32,0,Research & Development,Manufacturing Director,Travel_Rarely,427,1,3,Medical,1,Male,33,3,2,4,Married,6162,10877,1,Yes,22,4,2,1,9,3,3,9,8,7,8,616.2,0.7,2.6,1,0.36900020571832576,36.9,Medium Risk
E62,38,0,Research & Development,Laboratory Technician,Travel_Frequently,653,29,5,Life Sciences,4,Female,50,3,2,4,Single,2406,5456,1,No,11,3,4,0,10,2,3,10,3,9,9,218.72727272727272,0.8181818181818182,3.6,0,0.5835362612382912,58.35,Medium Risk
E63,50,0,Research & Development,Research Director,Travel_Rarely,989,7,2,Medical,2,Female,43,2,5,3,Divorced,18740,16701,5,Yes,12,3,4,1,29,2,2,27,3,13,8,624.6666666666666,0.4642857142857143,2.6,1,0.7787623738845955,77.88,High Risk
E64,59,0,Sales,Sales Executive,Travel_Rarely,1435,25,3,Life Sciences,1,Female,99,3,3,1,Single,7637,2354,7,No,11,3,4,0,28,3,2,21,16,7,9,263.3448275862069,0.3181818181818182,2.2,0,0.7148884954930259,71.49,High Risk
E65,36,0,Research & Development,Healthcare Representative,Travel_Rarely,1223,8,3,Technical Degree,3,Female,59,3,3,3,Divorced,10096,8202,1,No,13,3,2,3,17,2,3,17,14,12,8,560.8888888888889,0.6666666666666666,2.8,0,0.08469164704361576,8.47,Low Risk
E66,55,0,Research & Development,Manager,Travel_Rarely,836,8,3,Medical,4,Female,33,3,4,3,Divorced,14756,19730,2,Yes,14,3,3,3,21,2,3,5,0,0,2,670.7272727272727,0.0,3.2,1,0.04899127342820411,4.9,Low Risk
E67,36,0,Research & Development,Manufacturing Director,Travel_Frequently,1195,11,3,Life Sciences,2,Male,95,2,2,2,Single,6499,22656,1,No,13,3,3,0,6,3,3,6,5,0,3,928.4285714285714,0.0,2.4,0,0.5990951882772056,59.91,Medium Risk
E68,45,0,Research & Development,Research Scientist,Travel_Rarely,1339,7,3,Life Sciences,2,Male,59,3,3,1,Divorced,9724,18787,2,No,17,3,3,1,25,2,3,1,0,0,0,374.0,0.0,2.4,0,0.0897784761855248,8.98,Low Risk
E69,35,0,Research & Development,Research Scientist,Travel_Frequently,664,1,3,Medical,2,Male,79,3,1,1,Married,2194,5868,4,No,13,3,4,1,5,2,2,3,2,1,2,365.6666666666667,0.25,2.4,0,0.5939412750178863,59.39,Medium Risk
E70,36,1,Research & Development,Research Scientist,Travel_Rarely,318,9,3,Medical,4,Male,79,2,1,3,Married,3388,21777,0,Yes,17,3,1,1,2,0,2,1,0,0,0,1129.3333333333333,0.0,2.4,1,0.8549542920767872,85.5,High Risk
E71,59,0,Sales,Sales Executive,Travel_Frequently,1225,1,1,Life Sciences,1,Female,57,2,2,3,Single,5473,24668,7,No,11,3,4,0,20,2,2,4,3,1,3,260.6190476190476,0.2,2.4,0,0.6982513903311103,69.83,High Risk
E72,29,0,Research & Development,Research Scientist,Travel_Rarely,1328,2,3,Life Sciences,3,Male,76,3,1,2,Married,2703,4956,0,No,23,4,4,1,6,3,3,5,4,0,4,386.14285714285717,0.0,3.0,0,0.041833955263538405,4.18,Low Risk
E73,31,0,Research & Development,Research Scientist,Travel_Rarely,1082,1,4,Medical,3,Male,87,3,1,2,Single,2501,18775,1,No,17,3,2,0,1,4,3,1,1,1,0,1250.5,0.5,2.6,0,0.4315457545238335,43.15,Medium Risk
E74,32,0,Research & Development,Research Scientist,Travel_Rarely,548,1,3,Life Sciences,2,Male,66,3,2,2,Married,6220,7346,1,No,17,3,2,2,10,3,3,10,4,0,9,565.4545454545455,0.0,2.4,0,0.07540784969751707,7.54,Low Risk
E75,36,0,Research & Development,Laboratory Technician,Travel_Rarely,132,6,3,Life Sciences,2,Female,55,4,1,4,Married,3038,22002,3,No,12,3,2,0,5,3,3,1,0,0,0,506.3333333333333,0.0,3.0,0,0.24138681244622254,24.14,Low Risk
E76,31,0,Research & Development,Manufacturing Director,Travel_Rarely,746,8,4,Life Sciences,3,Female,61,3,2,4,Single,4424,20682,1,No,23,4,4,0,11,2,3,11,7,1,8,368.6666666666667,0.08333333333333333,3.4,0,0.043002657944249546,4.3,Low Risk
E77,35,0,Sales,Sales Executive,Travel_Rarely,776,1,4,Marketing,3,Male,32,2,2,1,Single,4312,23016,0,No,14,3,2,0,16,2,3,15,13,2,8,253.64705882352942,0.125,2.2,0,0.2792916691127913,27.93,Low Risk
E78,45,0,Research & Development,Research Director,Travel_Rarely,193,6,4,Other,4,Male,52,3,3,1,Married,13245,15067,4,Yes,14,3,2,0,17,3,4,0,0,0,0,735.8333333333334,0.0,2.8,1,0.1316907726132948,13.17,Low Risk
E79,37,0,Research & Development,Research Director,Travel_Rarely,397,7,4,Medical,1,Male,30,3,3,3,Single,13664,25258,4,No,13,3,1,0,16,3,4,5,2,0,2,803.7647058823529,0.0,2.4,0,0.12314737419299165,12.31,Low Risk
E80,46,0,Human Resources,Human Resources,Travel_Rarely,945,5,2,Medical,2,Male,80,3,2,2,Divorced,5021,10425,8,Yes,22,4,4,1,16,2,3,4,2,0,2,295.3529411764706,0.0,2.8,1,0.6257157257406428,62.57,High Risk
E81,30,0,Research & Development,Laboratory Technician,Travel_Rarely,852,1,1,Life Sciences,4,Male,55,2,2,4,Married,5126,15998,1,Yes,12,3,3,2,10,1,2,10,8,3,0,466.0,0.2727272727272727,3.0,1,0.6508593994760733,65.09,High Risk
E82,35,0,Research & Development,Research Scientist,Travel_Rarely,1214,1,3,Medical,2,Male,30,2,1,3,Single,2859,26278,1,No,18,3,1,0,6,3,3,6,4,0,4,408.42857142857144,0.0,2.2,0,0.29082797483085115,29.08,Low Risk
E83,55,0,Sales,Sales Executive,Travel_Rarely,111,1,2,Life Sciences,1,Male,70,3,3,4,Married,10239,18092,3,No,14,3,4,1,24,4,3,1,0,1,0,409.56,0.5,3.0,0,0.0732651029240906,7.33,Low Risk
E84,38,0,Research & Development,Research Scientist,Non-Travel,573,6,3,Medical,2,Female,79,1,2,4,Divorced,5329,15717,7,Yes,12,3,4,3,17,3,3,13,11,1,9,296.05555555555554,0.07142857142857142,2.8,1,0.07191762601042058,7.19,Low Risk
E85,34,0,Research & Development,Manufacturing Director,Travel_Rarely,1153,1,2,Medical,1,Male,94,3,2,2,Married,4325,17736,1,No,15,3,3,0,5,2,3,5,2,1,3,720.8333333333334,0.16666666666666666,2.4,0,0.29939732843656,29.94,Low Risk
E86,56,0,Research & Development,Manufacturing Director,Travel_Rarely,1400,7,3,Life Sciences,4,Male,49,1,3,4,Single,7260,21698,4,No,11,3,1,0,37,3,2,6,4,0,2,191.05263157894737,0.0,2.4,0,0.17192565618206346,17.19,Low Risk
E87,23,0,Sales,Sales Representative,Travel_Rarely,541,2,1,Technical Degree,3,Male,62,3,1,1,Divorced,2322,9518,3,No,13,3,3,1,3,3,3,0,0,0,0,580.5,0.0,2.6,0,0.782258689756306,78.23,High Risk
E88,51,0,Research & Development,Laboratory Technician,Travel_Rarely,432,9,4,Life Sciences,4,Male,96,3,1,4,Married,2075,18725,3,No,23,4,2,2,10,4,3,4,2,0,3,188.63636363636363,0.0,3.2,0,0.056728878322125094,5.67,Low Risk
E89,30,0,Research & Development,Healthcare Representative,Travel_Rarely,288,2,3,Life Sciences,3,Male,99,2,2,4,Married,4152,15830,1,No,19,3,1,3,11,3,3,11,10,10,8,346.0,0.8333333333333334,2.6,0,0.05842209418493148,5.84,Low Risk
E90,46,1,Sales,Sales Executive,Travel_Rarely,669,9,2,Medical,3,Male,64,2,3,4,Single,9619,13596,1,No,16,3,4,0,9,3,3,9,8,4,7,961.9,0.4,3.2,0,0.1472051083449178,14.72,Low Risk
E91,40,0,Research & Development,Healthcare Representative,Travel_Frequently,530,1,4,Life Sciences,3,Male,78,2,4,2,Married,13503,14115,1,No,22,4,4,1,22,3,2,22,3,11,11,587.0869565217391,0.4782608695652174,2.6,0,0.4311822749874018,43.12,Medium Risk
E92,51,0,Sales,Sales Executive,Travel_Rarely,632,21,4,Marketing,3,Male,71,3,2,4,Single,5441,8423,0,Yes,22,4,4,0,11,2,1,10,7,1,0,453.4166666666667,0.09090909090909091,3.0,1,0.7911558725789233,79.12,High Risk
E93,30,0,Sales,Sales Executive,Travel_Rarely,1334,4,2,Medical,3,Female,63,2,2,2,Divorced,5209,19760,1,Yes,12,3,2,3,11,4,2,11,8,2,7,434.0833333333333,0.16666666666666666,2.2,1,0.275860190596858,27.59,Low Risk
E94,46,0,Research & Development,Healthcare Representative,Travel_Frequently,638,1,3,Medical,3,Male,40,2,3,1,Married,10673,3142,2,Yes,13,3,3,1,21,5,2,10,9,9,5,485.1363636363636,0.8181818181818182,2.2,1,0.6678678441451658,66.79,High Risk
E95,32,0,Sales,Sales Executive,Travel_Rarely,1093,6,4,Medical,2,Male,87,3,2,3,Single,5010,24301,1,No,16,3,1,0,12,0,3,11,8,5,7,385.38461538461536,0.4166666666666667,2.4,0,0.5257730083084884,52.58,Medium Risk
E96,54,0,Research & Development,Research Director,Travel_Rarely,1217,2,4,Technical Degree,1,Female,60,3,3,3,Married,13549,24001,9,No,12,3,1,1,16,5,1,4,3,0,3,797.0,0.0,1.8,0,0.150642520283971,15.06,Low Risk
E97,24,0,Sales,Sales Executive,Travel_Rarely,1353,3,2,Other,1,Female,33,3,2,3,Married,4999,17519,0,No,21,4,1,1,4,2,2,3,2,0,2,999.8,0.0,2.0,0,0.3133397121916748,31.33,Medium Risk
E98,28,0,Sales,Sales Executive,Non-Travel,120,4,3,Medical,2,Male,43,3,2,3,Married,4221,8863,1,No,15,3,2,0,5,3,4,5,4,0,4,703.5,0.0,2.8,0,0.06902634993481571,6.9,Low Risk
E99,58,0,Sales,Sales Executive,Travel_Rarely,682,10,4,Medical,4,Male,37,3,4,3,Single,13872,24409,0,No,13,3,3,0,38,1,2,37,10,1,8,355.6923076923077,0.02631578947368421,3.0,0,0.3655075957185018,36.55,Medium Risk
E100,44,0,Research & Development,Laboratory Technician,Non-Travel,489,23,3,Medical,2,Male,67,3,2,2,Married,2042,25043,4,No,12,3,3,1,17,3,4,3,2,1,2,113.44444444444444,0.25,2.8,0,0.22048784782736824,22.05,Low Risk
E101,37,1,Human Resources,Human Resources,Travel_Rarely,807,6,4,Human Resources,3,Male,63,3,1,1,Divorced,2073,23648,4,Yes,22,4,4,0,7,3,3,3,2,0,2,259.125,0.0,2.8,1,0.7154620497387888,71.55,High Risk
E102,32,0,Research & Development,Research Scientist,Travel_Rarely,827,1,1,Life Sciences,4,Male,71,3,1,1,Single,2956,15178,1,No,13,3,4,0,1,2,3,1,0,0,0,1478.0,0.0,3.0,0,0.4110021177603711,41.1,Medium Risk
E103,20,1,Research & Development,Laboratory Technician,Travel_Frequently,871,6,3,Life Sciences,4,Female,66,2,1,4,Single,2926,19783,1,Yes,18,3,2,0,1,5,3,1,0,1,0,1463.0,0.5,3.0,1,0.9153763642294638,91.54,High Risk
E104,34,0,Research & Development,Research Scientist,Travel_Rarely,665,6,4,Other,1,Female,41,3,2,3,Single,4809,12482,1,No,14,3,3,0,16,3,3,16,13,2,10,282.88235294117646,0.11764705882352941,2.6,0,0.09374404293212081,9.37,Low Risk
E105,37,0,Research & Development,Healthcare Representative,Non-Travel,1040,2,2,Life Sciences,3,Male,100,2,2,4,Divorced,5163,15850,5,No,14,3,4,1,17,2,4,1,0,0,0,286.8333333333333,0.0,3.4,0,0.02265055571671662,2.27,Low Risk
E106,59,0,Human Resources,Manager,Non-Travel,1420,2,4,Human Resources,3,Female,32,2,5,4,Married,18844,21922,9,No,21,4,4,1,30,3,3,3,2,2,2,607.8709677419355,0.5,3.2,0,0.018884043773427145,1.89,Low Risk
E107,50,0,Research & Development,Research Director,Travel_Frequently,1115,1,3,Life Sciences,1,Female,73,3,5,2,Married,18172,9755,3,Yes,19,3,1,0,28,1,2,8,3,0,7,626.6206896551724,0.0,1.8,1,0.1603706461132946,16.04,Low Risk
E108,25,1,Sales,Sales Executive,Travel_Rarely,240,5,3,Marketing,3,Male,46,2,2,3,Single,5744,26959,1,Yes,11,3,4,0,6,1,3,6,4,0,3,820.5714285714286,0.0,3.0,1,0.9012400091242535,90.12,High Risk
E109,25,0,Research & Development,Research Scientist,Travel_Rarely,1280,7,1,Medical,4,Male,64,2,1,4,Married,2889,26897,1,No,11,3,3,2,2,2,3,2,2,2,1,963.0,0.6666666666666666,3.2,0,0.13539354369109508,13.54,Low Risk
E110,22,0,Research & Development,Laboratory Technician,Travel_Rarely,534,15,3,Medical,2,Female,59,3,1,4,Single,2871,23785,1,No,15,3,3,0,1,5,3,0,0,0,0,1435.5,0.0,3.0,0,0.6202432245891659,62.02,High Risk
E111,51,0,Research & Development,Healthcare Representative,Travel_Frequently,1456,1,4,Medical,1,Female,30,2,3,1,Single,7484,25796,3,No,20,4,3,0,23,1,2,13,12,12,8,311.8333333333333,0.8571428571428571,1.8,0,0.6565664748942875,65.66,High Risk
E112,34,1,Research & Development,Laboratory Technician,Travel_Frequently,658,7,3,Life Sciences,1,Male,66,1,2,3,Single,6074,22887,1,Yes,24,4,4,0,9,3,3,9,7,0,6,607.4,0.0,2.4,1,0.916761897865088,91.68,High Risk
E113,54,0,Human Resources,Manager,Non-Travel,142,26,3,Human Resources,4,Female,30,4,4,4,Single,17328,13871,2,Yes,12,3,3,0,23,3,3,5,3,4,4,722.0,0.6666666666666666,3.6,1,0.039738782149100246,3.97,Low Risk
E114,24,0,Research & Development,Laboratory Technician,Travel_Rarely,1127,18,1,Life Sciences,2,Male,52,3,1,3,Married,2774,13257,0,No,12,3,3,1,6,2,3,5,3,1,2,396.2857142857143,0.16666666666666666,2.8,0,0.32038126171166287,32.04,Medium Risk
E115,34,0,Research & Development,Research Scientist,Travel_Rarely,1031,6,4,Life Sciences,3,Female,45,2,2,2,Divorced,4505,15000,6,No,15,3,3,1,12,3,3,1,0,0,0,346.53846153846155,0.0,2.6,0,0.13120245720250348,13.12,Low Risk
E116,37,0,Sales,Sales Executive,Travel_Rarely,1189,3,3,Life Sciences,3,Male,87,3,3,4,Single,7428,14506,2,No,12,3,1,0,12,3,3,5,3,1,3,571.3846153846154,0.16666666666666666,2.8,0,0.18774896901778532,18.77,Low Risk
E117,34,0,Research & Development,Manager,Travel_Rarely,1354,5,3,Medical,3,Female,45,2,3,1,Single,11631,5615,2,No,12,3,4,0,14,6,3,11,10,5,8,775.4,0.4166666666666667,2.6,0,0.062125137567238295,6.21,Low Risk
E118,36,0,Sales,Sales Executive,Travel_Frequently,1467,11,2,Technical Degree,2,Female,92,3,3,4,Married,9738,22952,0,No,14,3,3,1,10,6,3,9,7,2,8,885.2727272727273,0.2,3.0,0,0.11945518365778822,11.95,Low Risk
E119,36,0,Research & Development,Laboratory Technician,Travel_Rarely,922,3,2,Life Sciences,1,Female,39,3,1,4,Divorced,2835,2561,5,No,22,4,1,1,7,2,3,1,0,0,0,354.375,0.0,2.4,0,0.23943335518820616,23.94,Low Risk
E120,43,0,Sales,Manager,Travel_Frequently,394,26,2,Life Sciences,3,Male,92,3,4,4,Married,16959,19494,1,Yes,12,3,4,2,25,3,4,25,12,4,12,652.2692307692307,0.15384615384615385,3.6,1,0.1575652694574085,15.76,Low Risk
E121,30,0,Research & Development,Research Scientist,Travel_Frequently,1312,23,3,Life Sciences,1,Male,96,1,1,3,Divorced,2613,22310,1,No,25,4,3,3,10,2,2,10,7,0,9,237.54545454545453,0.0,2.0,0,0.18950190012621737,18.95,Low Risk
E122,33,0,Sales,Sales Executive,Non-Travel,750,22,2,Marketing,3,Male,95,3,2,2,Married,6146,15480,0,No,13,3,1,1,8,2,4,7,7,0,7,682.8888888888889,0.0,2.6,0,0.06255054728234931,6.26,Low Risk
E123,56,1,Research & Development,Research Scientist,Travel_Rarely,441,14,4,Life Sciences,2,Female,72,3,1,2,Married,4963,4510,9,Yes,18,3,1,3,7,2,3,5,4,4,3,620.375,0.6666666666666666,2.2,1,0.7976915175826866,79.77,High Risk
E124,51,0,Research & Development,Research Director,Travel_Rarely,684,6,3,Life Sciences,1,Male,51,3,5,3,Single,19537,6462,7,No,13,3,3,0,23,5,3,20,18,15,15,814.0416666666666,0.7142857142857143,2.6,0,0.0832033124751331,8.32,Low Risk
E125,31,1,Sales,Sales Executive,Travel_Rarely,249,6,4,Life Sciences,2,Male,76,1,2,3,Married,6172,20739,4,Yes,18,3,2,0,12,3,2,7,7,7,7,474.7692307692308,0.875,2.0,1,0.8908235430447708,89.08,High Risk
E126,26,0,Research & Development,Research Scientist,Travel_Rarely,841,6,3,Other,3,Female,46,2,1,2,Married,2368,23300,1,No,19,3,3,0,5,3,2,5,4,4,3,394.6666666666667,0.6666666666666666,2.4,0,0.2266951635404752,22.67,Low Risk
E127,58,1,Research & Development,Healthcare Representative,Travel_Rarely,147,23,4,Medical,4,Female,94,3,3,4,Married,10312,3465,1,No,12,3,4,1,40,3,2,40,10,15,6,251.5121951219512,0.36585365853658536,3.4,0,0.4481381157373457,44.81,Medium Risk
E128,19,1,Sales,Sales Representative,Travel_Rarely,528,22,1,Marketing,4,Male,50,3,1,3,Single,1675,26820,1,Yes,19,3,4,0,0,2,2,0,0,0,0,1675.0,0.0,3.2,1,0.9828161903518972,98.28,High Risk
E129,22,0,Research & Development,Laboratory Technician,Travel_Rarely,594,2,1,Technical Degree,3,Male,100,3,1,4,Married,2523,19299,0,No,14,3,3,1,3,2,3,2,1,2,1,630.75,0.6666666666666666,3.2,0,0.431248665726632,43.12,Medium Risk
E130,49,0,Research & Development,Manufacturing Director,Travel_Rarely,470,20,4,Medical,3,Female,96,3,2,1,Married,6567,5549,1,No,14,3,3,0,16,2,2,15,11,5,11,386.29411764705884,0.3125,2.4,0,0.09835856897770552,9.84,Low Risk
E131,43,0,Research & Development,Research Scientist,Travel_Frequently,957,28,3,Medical,2,Female,72,4,1,3,Single,4739,16090,4,No,12,3,4,0,18,2,3,3,2,1,2,249.42105263157896,0.25,3.2,0,0.2747664413296282,27.48,Low Risk
E132,50,0,Sales,Sales Executive,Travel_Frequently,809,12,3,Marketing,3,Female,77,3,3,4,Single,9208,6645,4,No,11,3,4,0,16,3,3,2,2,2,1,541.6470588235294,0.6666666666666666,3.4,0,0.206445681265892,20.64,Low Risk
E133,31,1,Sales,Sales Executive,Travel_Rarely,542,20,3,Life Sciences,2,Female,71,1,2,3,Married,4559,24788,3,Yes,11,3,3,1,4,2,3,2,2,2,2,911.8,0.6666666666666666,2.4,1,0.9164301225205148,91.64,High Risk
E134,41,0,Sales,Sales Executive,Travel_Rarely,802,9,1,Life Sciences,3,Male,96,3,3,3,Divorced,8189,21196,3,Yes,13,3,3,1,12,2,3,9,7,0,7,629.9230769230769,0.0,3.0,1,0.20805637482061998,20.81,Low Risk
E135,26,0,Human Resources,Human Resources,Travel_Rarely,1355,25,1,Life Sciences,3,Female,61,3,1,3,Married,2942,8916,1,No,23,4,4,1,8,3,3,8,7,5,7,326.8888888888889,0.5555555555555556,3.2,0,0.058261086958047624,5.83,Low Risk
E136,36,0,Research & Development,Manufacturing Director,Travel_Rarely,216,6,2,Medical,2,Male,84,3,2,2,Divorced,4941,2819,6,No,20,4,4,2,7,0,3,3,2,0,1,617.625,0.0,2.8,0,0.23548282172852567,23.55,Low Risk
E137,51,1,Research & Development,Manufacturing Director,Travel_Frequently,1150,8,4,Life Sciences,1,Male,53,1,3,4,Single,10650,25150,2,No,15,3,4,0,18,2,3,4,2,0,3,560.5263157894736,0.0,2.6,0,0.30336378172485906,30.34,Medium Risk
E138,39,0,Sales,Sales Executive,Travel_Rarely,1329,4,4,Life Sciences,4,Female,47,2,2,3,Married,5902,14590,4,No,14,3,3,1,17,1,4,15,11,5,9,327.8888888888889,0.3125,3.2,0,0.06407170066403771,6.41,Low Risk
E139,25,0,Sales,Sales Executive,Travel_Rarely,959,28,3,Life Sciences,1,Male,41,2,2,3,Married,8639,24835,2,No,18,3,4,0,6,3,3,2,2,2,2,1234.142857142857,0.6666666666666666,2.6,0,0.6612971971754944,66.13,High Risk
E140,30,0,Human Resources,Human Resources,Travel_Rarely,1240,9,3,Human Resources,3,Male,48,3,2,4,Married,6347,13982,0,Yes,19,3,4,0,12,2,1,11,9,4,7,488.2307692307692,0.3333333333333333,3.0,1,0.5438320025701588,54.38,Medium Risk
E141,32,1,Research & Development,Laboratory Technician,Travel_Rarely,1033,9,3,Medical,1,Female,41,3,1,1,Single,4200,10224,7,No,22,4,1,0,10,2,4,5,4,0,4,381.8181818181818,0.0,2.0,0,0.7441979370867032,74.42,High Risk
E142,45,0,Research & Development,Research Scientist,Travel_Rarely,1316,29,3,Medical,3,Male,83,3,1,4,Single,3452,9752,5,No,13,3,2,0,9,2,2,6,5,0,3,345.2,0.0,2.8,0,0.32808887589022717,32.81,Medium Risk
E143,38,0,Research & Development,Research Scientist,Travel_Rarely,364,3,5,Technical Degree,4,Female,32,3,2,3,Single,4317,2302,3,Yes,20,4,2,0,19,2,3,3,2,2,2,215.85,0.5,3.0,1,0.6383102658789257,63.83,High Risk
E144,30,0,Research & Development,Research Scientist,Travel_Rarely,438,18,3,Life Sciences,1,Female,75,3,1,3,Single,2632,23910,1,No,14,3,3,0,5,4,2,5,4,0,4,438.6666666666667,0.0,2.4,0,0.2455182022994665,24.55,Low Risk
E145,32,0,Sales,Sales Executive,Travel_Frequently,689,9,2,Medical,4,Male,35,1,2,4,Divorced,4668,22812,0,No,17,3,4,3,9,2,4,8,7,0,7,466.8,0.0,3.4,0,0.046524501298846874,4.65,Low Risk
E146,30,0,Research & Development,Research Scientist,Travel_Rarely,201,5,3,Technical Degree,4,Female,84,3,1,1,Divorced,3204,10415,5,No,14,3,4,1,8,3,3,3,2,2,2,356.0,0.5,3.0,0,0.19268041315180773,19.27,Low Risk
E147,30,0,Research & Development,Laboratory Technician,Travel_Rarely,1427,2,1,Medical,2,Male,35,2,1,4,Single,2720,11162,0,No,13,3,4,0,6,3,3,5,3,1,2,388.57142857142856,0.16666666666666666,3.0,0,0.2554077804634928,25.54,Low Risk
E148,41,0,Research & Development,Manager,Travel_Frequently,857,10,3,Life Sciences,4,Male,91,2,4,1,Divorced,17181,12888,4,No,13,3,2,1,21,2,2,7,6,7,7,780.9545454545455,0.875,2.2,0,0.13143411840221975,13.14,Low Risk
E149,41,0,Research & Development,Laboratory Technician,Travel_Rarely,933,9,4,Life Sciences,3,Male,94,3,1,1,Married,2238,6961,2,No,21,4,4,1,7,2,3,5,0,1,4,279.75,0.16666666666666666,2.8,0,0.2064536155914695,20.65,Low Risk
E150,19,0,Research & Development,Laboratory Technician,Travel_Rarely,1181,3,1,Medical,2,Female,79,3,1,2,Single,1483,16102,1,No,14,3,4,0,1,3,3,1,0,0,0,741.5,0.0,2.8,0,0.6103116939374332,61.03,High Risk
E151,40,0,Research & Development,Research Scientist,Travel_Frequently,1395,26,3,Medical,2,Female,54,3,2,2,Divorced,5605,8504,1,No,11,3,1,1,20,2,3,20,7,2,13,266.9047619047619,0.09523809523809523,2.2,0,0.21396629921040194,21.4,Low Risk
E152,35,0,Sales,Sales Executive,Travel_Rarely,662,1,5,Marketing,3,Male,94,3,3,2,Married,7295,11439,1,No,13,3,1,2,10,3,3,10,8,0,6,663.1818181818181,0.0,2.4,0,0.11800686627335726,11.8,Low Risk
E153,53,0,Sales,Sales Representative,Travel_Rarely,1436,6,2,Marketing,2,Male,34,3,2,3,Married,2306,16047,2,Yes,20,4,4,1,13,3,1,7,7,4,5,164.71428571428572,0.5,2.6,1,0.7866801025546879,78.67,High Risk
E154,45,0,Research & Development,Laboratory Technician,Travel_Rarely,194,9,3,Life Sciences,2,Male,60,3,2,2,Divorced,2348,10901,8,No,18,3,3,1,20,2,1,17,9,0,15,111.80952380952381,0.0,2.2,0,0.2396030000986546,23.96,Low Risk
E155,32,0,Sales,Sales Executive,Travel_Frequently,967,8,3,Marketing,2,Female,43,3,3,4,Single,8998,15589,1,No,14,3,4,0,9,2,3,9,8,3,7,899.8,0.3,3.2,0,0.30975664925639557,30.98,Medium Risk
E156,29,0,Research & Development,Manufacturing Director,Non-Travel,1496,1,1,Technical Degree,4,Male,41,3,2,3,Married,4319,26283,1,No,13,3,1,1,10,1,3,10,7,0,9,392.6363636363636,0.0,2.8,0,0.042108016017442684,4.21,Low Risk
E157,51,0,Research & Development,Manufacturing Director,Travel_Rarely,1169,7,4,Medical,2,Male,34,2,2,3,Married,6132,13983,2,No,17,3,3,0,10,2,3,1,0,0,0,557.4545454545455,0.0,2.6,0,0.16575099542999602,16.58,Low Risk
E158,58,0,Research & Development,Research Scientist,Travel_Rarely,1145,9,3,Medical,2,Female,75,2,1,2,Married,3346,11873,4,Yes,20,4,2,1,9,3,2,1,0,0,0,334.6,0.0,2.0,1,0.6790092398744398,67.9,High Risk
E159,40,0,Sales,Sales Executive,Travel_Rarely,630,4,4,Marketing,3,Male,67,2,3,4,Married,10855,8552,7,No,11,3,1,1,15,2,2,12,11,2,11,678.4375,0.15384615384615385,2.4,0,0.19661199349763722,19.66,Low Risk
E160,34,0,Sales,Sales Representative,Travel_Frequently,303,2,4,Marketing,3,Female,75,3,1,3,Married,2231,11314,6,No,18,3,4,1,6,3,3,4,3,1,2,318.7142857142857,0.2,3.2,0,0.5493127562268898,54.93,Medium Risk
E161,22,0,Research & Development,Research Scientist,Travel_Rarely,1256,19,1,Medical,3,Male,80,3,1,4,Married,2323,11992,1,No,24,4,1,2,2,6,3,2,2,2,2,774.3333333333334,0.6666666666666666,2.8,0,0.08367474257039356,8.37,Low Risk
E162,27,0,Research & Development,Research Scientist,Non-Travel,691,9,3,Medical,4,Male,57,3,1,2,Divorced,2024,5970,6,No,18,3,4,1,6,1,1,2,2,2,2,289.14285714285717,0.6666666666666666,2.8,0,0.0592504113093614,5.93,Low Risk
E163,28,0,Research & Development,Research Scientist,Travel_Rarely,440,21,3,Medical,3,Male,42,3,1,4,Married,2713,6672,1,No,11,3,3,1,5,2,1,5,2,0,2,452.1666666666667,0.0,2.8,0,0.21551005978343357,21.55,Low Risk
E164,57,0,Research & Development,Healthcare Representative,Travel_Rarely,334,24,2,Life Sciences,3,Male,83,4,3,4,Divorced,9439,23402,3,Yes,16,3,2,1,12,2,1,5,3,1,4,726.0769230769231,0.16666666666666666,2.8,1,0.19101535728420693,19.1,Low Risk
E165,27,0,Research & Development,Research Scientist,Non-Travel,1450,3,3,Medical,3,Male,79,2,1,3,Divorced,2566,25326,1,Yes,15,3,4,1,1,2,2,1,1,0,1,1283.0,0.0,2.8,1,0.3006553758731122,30.07,Medium Risk
E166,50,0,Research & Development,Manager,Travel_Rarely,1452,11,3,Life Sciences,3,Female,53,3,5,2,Single,19926,17053,3,No,15,3,2,0,21,5,3,5,4,4,4,905.7272727272727,0.6666666666666666,2.6,0,0.04559781681798123,4.56,Low Risk
E167,41,0,Research & Development,Research Scientist,Travel_Rarely,465,14,3,Life Sciences,1,Male,56,3,1,3,Divorced,2451,4609,4,No,12,3,1,1,13,2,3,9,8,1,8,175.07142857142858,0.1,2.2,0,0.11740402199831784,11.74,Low Risk
E168,30,0,Sales,Sales Executive,Travel_Rarely,1339,5,3,Life Sciences,2,Female,41,3,3,4,Married,9419,8053,2,No,12,3,3,1,12,2,3,10,9,7,4,724.5384615384615,0.6363636363636364,3.0,0,0.12084191239299395,12.08,Low Risk
E169,38,0,Sales,Sales Executive,Travel_Rarely,702,1,4,Life Sciences,1,Female,59,2,2,4,Single,8686,12930,4,No,22,4,3,0,12,2,4,8,3,0,7,668.1538461538462,0.0,2.8,0,0.1655746179848322,16.56,Low Risk
E170,32,0,Research & Development,Research Scientist,Travel_Rarely,120,6,5,Life Sciences,3,Male,43,3,1,3,Single,3038,12430,3,No,20,4,1,0,8,2,3,5,4,1,4,337.55555555555554,0.16666666666666666,2.6,0,0.2900813171604171,29.01,Low Risk
E171,27,0,Research & Development,Research Scientist,Travel_Rarely,1157,17,3,Technical Degree,3,Male,51,3,1,2,Married,3058,13364,0,Yes,16,3,4,1,6,3,2,5,2,1,1,436.85714285714283,0.16666666666666666,2.8,1,0.8223403209175388,82.23,High Risk
E172,19,1,Sales,Sales Representative,Travel_Frequently,602,1,1,Technical Degree,3,Female,100,1,1,1,Single,2325,20989,0,No,21,4,1,0,1,5,4,0,0,0,0,1162.5,0.0,2.0,0,0.9682207195426075,96.82,High Risk
E173,36,0,Research & Development,Laboratory Technician,Travel_Frequently,1480,3,2,Medical,4,Male,30,3,1,2,Single,2088,15062,4,No,12,3,3,0,13,3,2,8,7,7,2,149.14285714285714,0.7777777777777778,2.8,0,0.7622653954360287,76.23,High Risk
E174,30,0,Research & Development,Laboratory Technician,Non-Travel,111,9,3,Medical,3,Male,66,3,2,1,Divorced,3072,11012,1,No,11,3,3,2,12,4,3,12,9,6,10,236.30769230769232,0.46153846153846156,2.6,0,0.06294689502571,6.29,Low Risk
E175,45,0,Sales,Sales Executive,Travel_Rarely,1268,4,2,Life Sciences,3,Female,30,3,2,1,Divorced,5006,6319,4,Yes,11,3,1,1,9,3,4,5,4,0,3,500.6,0.0,2.4,1,0.31750927797608325,31.75,Medium Risk
E176,56,0,Research & Development,Research Scientist,Travel_Rarely,713,8,3,Life Sciences,3,Female,67,3,1,1,Divorced,4257,13939,4,Yes,18,3,3,1,19,3,3,2,2,2,2,212.85,0.6666666666666666,2.6,1,0.15358825341989177,15.36,Low Risk
E177,33,0,Research & Development,Research Scientist,Travel_Rarely,134,2,3,Life Sciences,3,Male,90,3,1,4,Single,2500,10515,0,No,14,3,1,0,4,2,4,3,1,0,2,500.0,0.0,3.0,0,0.1385247462021501,13.85,Low Risk
E178,19,1,Research & Development,Laboratory Technician,Travel_Rarely,303,2,3,Life Sciences,2,Male,47,2,1,4,Single,1102,9241,1,No,22,4,3,0,1,3,2,1,0,1,0,551.0,0.5,2.6,0,0.649471098626123,64.95,High Risk
E179,46,0,Sales,Sales Executive,Travel_Rarely,526,1,2,Marketing,2,Female,92,3,3,1,Divorced,10453,2137,1,No,25,4,3,3,24,2,3,24,13,15,7,418.12,0.6,2.4,0,0.27935192935726655,27.94,Low Risk
E180,38,0,Research & Development,Laboratory Technician,Travel_Rarely,1380,9,2,Life Sciences,3,Female,75,3,1,4,Single,2288,6319,1,No,12,3,3,0,2,3,3,2,2,2,1,762.6666666666666,0.6666666666666666,3.2,0,0.21438749374127083,21.44,Low Risk
E181,31,0,Research & Development,Research Scientist,Travel_Rarely,140,12,1,Medical,3,Female,95,3,1,4,Married,3929,6984,8,Yes,23,4,3,1,7,0,3,4,2,0,2,491.125,0.0,3.2,1,0.5641080348444782,56.41,Medium Risk
E182,34,0,Research & Development,Research Scientist,Travel_Rarely,629,27,2,Medical,4,Female,95,3,1,2,Single,2311,5711,2,No,15,3,4,0,9,3,3,3,2,1,2,231.1,0.25,3.2,0,0.15474755382097882,15.47,Low Risk
E183,41,1,Sales,Sales Representative,Travel_Rarely,1356,20,2,Marketing,2,Female,70,3,1,2,Single,3140,21728,1,Yes,22,4,4,0,4,5,2,4,3,0,2,628.0,0.0,2.6,1,0.9091628495926949,90.92,High Risk
E184,50,0,Research & Development,Laboratory Technician,Travel_Rarely,328,1,3,Medical,3,Male,86,2,1,3,Married,3690,3425,2,No,15,3,4,1,5,2,2,3,2,0,2,615.0,0.0,2.8,0,0.23445321859613125,23.45,Low Risk
E185,53,0,Research & Development,Manufacturing Director,Travel_Rarely,1084,13,2,Medical,4,Female,57,4,2,1,Divorced,4450,26250,1,No,11,3,3,2,5,3,3,4,2,1,3,741.6666666666666,0.2,3.0,0,0.05100851276468797,5.1,Low Risk
E186,33,0,Research & Development,Research Scientist,Travel_Rarely,931,14,3,Medical,4,Female,72,3,1,2,Married,2756,4673,1,No,13,3,4,1,8,5,3,8,7,1,6,306.22222222222223,0.1111111111111111,3.2,0,0.034147916100861105,3.41,Low Risk
E187,40,0,Research & Development,Manager,Travel_Rarely,989,4,1,Medical,4,Female,46,3,5,3,Married,19033,6499,1,No,14,3,2,1,21,2,3,20,8,9,9,865.1363636363636,0.42857142857142855,3.0,0,0.05405147206814366,5.41,Low Risk
E188,55,0,Research & Development,Research Director,Travel_Rarely,692,14,4,Medical,3,Male,61,4,5,2,Single,18722,13339,8,No,11,3,4,0,36,3,3,24,15,2,15,506.0,0.08,3.2,0,0.03379092418547115,3.38,Low Risk
E189,34,0,Research & Development,Manufacturing Director,Travel_Frequently,1069,2,1,Life Sciences,4,Male,45,2,2,3,Married,9547,14074,1,No,17,3,3,0,10,2,2,10,9,1,9,867.9090909090909,0.09090909090909091,2.8,0,0.06696843811689475,6.7,Low Risk
E190,51,0,Research & Development,Healthcare Representative,Travel_Rarely,313,3,3,Medical,4,Female,98,3,4,2,Single,13734,7192,3,No,18,3,3,0,21,6,3,7,7,1,0,624.2727272727273,0.125,3.0,0,0.03509382984374224,3.51,Low Risk
E191,52,0,Research & Development,Manager,Travel_Rarely,699,1,4,Life Sciences,3,Male,65,2,5,3,Married,19999,5678,0,No,14,3,1,1,34,5,3,33,18,11,9,571.4,0.3235294117647059,2.4,0,0.07360521681416521,7.36,Low Risk
E192,27,0,Research & Development,Research Scientist,Travel_Rarely,894,9,3,Medical,4,Female,99,3,1,2,Single,2279,11781,1,No,16,3,4,0,7,2,2,7,7,0,3,284.875,0.0,3.0,0,0.08095035416801784,8.1,Low Risk
E193,35,1,Research & Development,Manufacturing Director,Travel_Rarely,556,23,2,Life Sciences,2,Male,50,2,2,3,Married,5916,15497,3,Yes,13,3,1,0,8,1,3,1,0,0,1,657.3333333333334,0.0,2.2,1,0.9084514510956592,90.85,High Risk
E194,43,0,Research & Development,Research Scientist,Non-Travel,1344,7,3,Medical,4,Male,37,4,1,4,Divorced,2089,5228,4,No,14,3,4,3,7,3,4,5,4,2,2,261.125,0.3333333333333333,4.0,0,0.0151806395967894,1.52,Low Risk
E195,45,0,Research & Development,Manager,Non-Travel,1195,2,2,Medical,1,Male,65,2,4,4,Married,16792,20462,9,No,23,4,4,1,22,1,3,20,8,11,8,730.0869565217391,0.5238095238095238,2.8,0,0.1987195111766394,19.87,Low Risk
E196,37,0,Research & Development,Research Scientist,Travel_Rarely,290,21,3,Life Sciences,2,Male,65,4,1,1,Married,3564,22977,1,Yes,12,3,1,1,8,3,2,8,7,1,7,396.0,0.1111111111111111,2.0,1,0.6266593162270228,62.67,High Risk
E197,35,0,Research & Development,Laboratory Technician,Travel_Frequently,138,2,3,Medical,2,Female,37,3,2,2,Single,4425,15986,5,No,11,3,4,0,10,5,3,6,2,1,2,402.27272727272725,0.14285714285714285,2.8,0,0.7462978478216742,74.63,High Risk
E198,42,0,Research & Development,Manufacturing Director,Non-Travel,926,21,2,Medical,3,Female,36,3,2,3,Divorced,5265,16439,2,No,16,3,2,1,11,5,3,5,3,0,2,438.75,0.0,2.8,0,0.027340371437457458,2.73,Low Risk
E199,38,0,Research & Development,Manufacturing Director,Travel_Rarely,1261,2,4,Life Sciences,4,Male,88,3,2,3,Married,6553,7259,9,No,14,3,2,0,14,3,3,1,0,0,0,436.8666666666667,0.0,3.0,0,0.12263350344904675,12.26,Low Risk
E200,38,0,Research & Development,Manufacturing Director,Travel_Rarely,1084,29,3,Technical Degree,4,Male,54,3,2,4,Married,6261,4185,3,No,18,3,1,1,9,3,1,7,7,1,7,626.1,0.125,2.6,0,0.19646162854847096,19.65,Low Risk
E201,27,0,Research & Development,Manufacturing Director,Travel_Frequently,472,1,1,Technical Degree,3,Male,60,2,2,1,Married,4298,9679,5,No,19,3,3,1,6,1,3,2,2,2,0,614.0,0.6666666666666666,2.4,0,0.86099061848669,86.1,High Risk
E202,49,0,Research & Development,Manufacturing Director,Non-Travel,1002,18,4,Life Sciences,4,Male,92,3,2,4,Divorced,6804,23793,1,Yes,15,3,1,2,7,0,3,7,7,1,7,850.5,0.125,3.0,1,0.05200735880482688,5.2,Low Risk
E203,34,0,Research & Development,Research Scientist,Travel_Frequently,878,10,4,Medical,4,Male,43,3,1,3,Divorced,3815,5972,1,Yes,17,3,4,1,5,4,4,5,3,2,0,635.8333333333334,0.3333333333333333,3.6,1,0.266716235282153,26.67,Low Risk
E204,40,0,Research & Development,Laboratory Technician,Travel_Rarely,905,19,2,Medical,3,Male,99,3,2,4,Married,2741,16523,8,Yes,15,3,3,1,15,2,4,7,2,3,7,171.3125,0.375,3.4,1,0.7507577276277657,75.08,High Risk
E205,38,1,Research & Development,Healthcare Representative,Travel_Rarely,1180,29,1,Medical,2,Male,70,3,2,1,Married,6673,11354,7,Yes,19,3,2,0,17,2,3,1,0,0,0,370.72222222222223,0.0,2.2,1,0.857326723206349,85.73,High Risk
E206,29,1,Sales,Sales Executive,Travel_Rarely,121,27,3,Marketing,2,Female,35,3,3,4,Married,7639,24525,1,No,22,4,4,3,10,3,2,10,4,1,9,694.4545454545455,0.09090909090909091,3.0,0,0.13878792740460397,13.88,Low Risk
E207,22,0,Research & Development,Research Scientist,Travel_Rarely,1136,5,3,Life Sciences,4,Male,60,4,1,2,Divorced,2328,12392,1,Yes,16,3,1,1,4,2,2,4,2,2,2,465.6,0.4,2.6,1,0.3245621236002879,32.46,Medium Risk
E208,36,0,Research & Development,Laboratory Technician,Travel_Frequently,635,18,1,Medical,2,Female,73,3,1,4,Single,2153,7703,1,No,13,3,1,0,8,2,3,8,1,1,7,239.22222222222223,0.1111111111111111,2.6,0,0.6286407314967251,62.86,High Risk
E209,40,0,Research & Development,Healthcare Representative,Non-Travel,1151,9,5,Life Sciences,4,Male,63,2,2,4,Married,4876,14242,9,No,14,3,4,1,5,5,1,3,2,0,2,812.6666666666666,0.0,3.0,0,0.05852697146226221,5.85,Low Risk
E210,46,0,Research & Development,Healthcare Representative,Travel_Rarely,644,1,4,Medical,4,Male,97,3,3,1,Divorced,9396,12368,7,No,16,3,3,1,17,3,3,4,2,0,3,522.0,0.0,2.8,0,0.0533601507934682,5.34,Low Risk
E211,32,1,Sales,Sales Executive,Travel_Rarely,1045,4,4,Medical,4,Male,32,1,3,4,Married,10400,25812,1,No,11,3,3,0,14,2,2,14,8,9,8,693.3333333333334,0.6,2.8,0,0.3316757084894089,33.17,Medium Risk
E212,30,0,Research & Development,Manufacturing Director,Non-Travel,829,1,1,Life Sciences,3,Male,88,2,3,3,Single,8474,20925,1,No,22,4,3,0,12,2,3,11,8,5,8,651.8461538461538,0.4166666666666667,2.8,0,0.05839196790435035,5.84,Low Risk
E213,27,0,Sales,Sales Executive,Travel_Frequently,1242,20,3,Life Sciences,4,Female,90,3,2,3,Single,9981,12916,1,No,14,3,4,0,7,2,3,7,7,0,7,1247.625,0.0,3.4,0,0.13257718801397692,13.26,Low Risk
E214,51,0,Research & Development,Research Director,Travel_Rarely,1469,8,4,Life Sciences,2,Male,81,2,3,2,Married,12490,15736,5,No,16,3,4,2,16,5,1,10,9,4,7,734.7058823529412,0.36363636363636365,2.2,0,0.03816177333513037,3.82,Low Risk
E215,30,1,Research & Development,Research Scientist,Travel_Rarely,1005,3,3,Technical Degree,4,Female,88,3,1,1,Single,2657,8556,5,Yes,11,3,3,0,8,5,3,5,2,0,4,295.22222222222223,0.0,2.8,1,0.7854620866835667,78.55,High Risk
E216,41,0,Sales,Manager,Travel_Rarely,896,6,3,Life Sciences,4,Female,75,3,3,4,Single,13591,14674,3,Yes,18,3,3,0,16,3,3,1,0,0,0,799.4705882352941,0.0,3.4,1,0.10882523647664617,10.88,Low Risk
E217,30,1,Sales,Sales Executive,Travel_Frequently,334,26,4,Marketing,3,Female,52,2,2,1,Single,6696,22967,5,No,15,3,3,0,9,5,2,6,3,0,1,669.6,0.0,2.2,0,0.9237891642280854,92.38,High Risk
E218,29,1,Research & Development,Research Scientist,Travel_Rarely,992,1,3,Technical Degree,3,Male,85,3,1,3,Single,2058,19757,0,No,14,3,4,0,7,1,2,6,2,1,5,257.25,0.14285714285714285,3.0,0,0.33979846791847473,33.98,Medium Risk
E219,45,0,Sales,Sales Executive,Non-Travel,1052,6,3,Medical,4,Female,57,2,3,4,Single,8865,16840,6,No,12,3,4,0,23,2,3,19,7,12,8,369.375,0.6,3.4,0,0.3135045117328367,31.35,Medium Risk
E220,54,0,Sales,Sales Executive,Travel_Rarely,1147,3,3,Marketing,4,Female,52,3,2,1,Married,5940,17011,2,No,14,3,4,1,16,4,3,6,2,0,5,349.4117647058824,0.0,3.0,0,0.05354997731781346,5.35,Low Risk
E221,36,0,Research & Development,Laboratory Technician,Travel_Rarely,1396,5,2,Life Sciences,4,Male,62,3,2,2,Single,5914,9945,8,No,16,3,4,0,16,3,4,13,11,3,7,347.88235294117646,0.21428571428571427,3.4,0,0.18068900260134937,18.07,Low Risk
E222,33,0,Research & Development,Research Scientist,Travel_Rarely,147,4,4,Medical,3,Female,47,2,1,2,Married,2622,13248,6,No,21,4,4,0,7,3,3,3,2,1,1,327.75,0.25,2.8,0,0.2608816217337989,26.09,Low Risk
E223,37,0,Research & Development,Research Director,Travel_Frequently,663,11,3,Other,2,Male,47,3,3,4,Divorced,12185,10056,1,Yes,14,3,3,3,10,1,3,10,8,0,7,1107.7272727272727,0.0,3.0,1,0.06819362976163909,6.82,Low Risk
E224,38,0,Sales,Sales Executive,Travel_Rarely,119,3,3,Life Sciences,1,Male,76,3,3,3,Divorced,10609,9647,0,No,12,3,3,2,17,6,2,16,10,5,13,589.3888888888889,0.29411764705882354,2.4,0,0.05778929722356701,5.78,Low Risk
E225,31,0,Research & Development,Manufacturing Director,Non-Travel,979,1,4,Medical,3,Male,90,1,2,3,Married,4345,4381,0,No,12,3,4,1,6,2,3,5,4,1,4,620.7142857142857,0.16666666666666666,2.8,0,0.04110683434003063,4.11,Low Risk
E226,59,0,Research & Development,Research Scientist,Travel_Rarely,142,3,3,Life Sciences,3,Male,70,2,1,4,Married,2177,8456,3,No,17,3,1,1,7,6,3,1,0,0,0,272.125,0.0,2.6,0,0.07642711761376947,7.64,Low Risk
E227,37,0,Sales,Sales Representative,Travel_Frequently,319,4,4,Marketing,1,Male,41,3,1,4,Divorced,2793,2539,4,No,17,3,3,1,13,2,3,9,8,5,8,199.5,0.5,2.8,0,0.44642915757931645,44.64,Medium Risk
E228,29,0,Sales,Sales Executive,Travel_Frequently,1413,1,1,Medical,2,Female,42,3,3,4,Married,7918,6599,1,No,14,3,4,1,11,5,3,11,10,4,1,659.8333333333334,0.3333333333333333,3.2,0,0.09579215521799221,9.58,Low Risk
E229,35,0,Sales,Sales Executive,Travel_Frequently,944,1,3,Marketing,3,Female,92,3,3,3,Single,8789,9096,1,No,14,3,1,0,10,3,4,10,7,0,8,799.0,0.0,2.8,0,0.15590899388396326,15.59,Low Risk
E230,29,1,Research & Development,Research Scientist,Travel_Rarely,896,18,1,Medical,3,Male,86,2,1,4,Single,2389,14961,1,Yes,13,3,3,0,4,3,2,4,3,0,1,477.8,0.0,2.8,1,0.8026429810019011,80.26,High Risk
E231,52,0,Research & Development,Laboratory Technician,Travel_Rarely,1323,2,3,Life Sciences,3,Female,89,2,1,4,Single,3212,3300,7,No,15,3,2,0,6,3,2,2,2,2,2,458.85714285714283,0.6666666666666666,2.6,0,0.36251118913215463,36.25,Medium Risk
E232,42,0,Research & Development,Manager,Travel_Rarely,532,4,2,Technical Degree,3,Male,58,3,5,4,Married,19232,4933,1,No,11,3,4,0,22,3,3,22,17,11,15,836.1739130434783,0.4782608695652174,3.4,0,0.059913105775424316,5.99,Low Risk
E233,59,0,Human Resources,Human Resources,Travel_Rarely,818,6,2,Medical,2,Male,52,3,1,3,Married,2267,25657,8,No,17,3,4,0,7,2,2,2,2,2,2,283.375,0.6666666666666666,2.8,0,0.32515664729031296,32.52,Medium Risk
E234,50,0,Sales,Manager,Travel_Rarely,854,1,4,Medical,4,Female,68,3,5,4,Divorced,19517,24118,3,No,11,3,3,1,32,3,2,7,0,0,6,591.4242424242424,0.0,3.2,0,0.02258932414705052,2.26,Low Risk
E235,33,1,Research & Development,Laboratory Technician,Travel_Rarely,813,14,3,Medical,3,Male,58,3,1,4,Married,2436,22149,5,Yes,13,3,3,1,8,2,1,5,4,0,4,270.6666666666667,0.0,2.8,1,0.7774096278198407,77.74,High Risk
E236,43,0,Sales,Manager,Travel_Rarely,1034,16,3,Marketing,4,Female,80,3,4,4,Married,16064,7744,5,Yes,22,4,3,1,22,3,3,17,13,1,9,698.4347826086956,0.05555555555555555,3.4,1,0.049832682328104366,4.98,Low Risk
E237,33,1,Research & Development,Laboratory Technician,Travel_Rarely,465,2,2,Life Sciences,1,Female,39,3,1,1,Married,2707,21509,7,No,20,4,1,0,13,3,4,9,7,1,7,193.35714285714286,0.1,2.0,0,0.4522143579624412,45.22,Medium Risk
E238,52,0,Sales,Manager,Non-Travel,771,2,4,Life Sciences,1,Male,79,2,5,3,Single,19068,21030,1,Yes,18,3,4,0,33,2,4,33,7,15,12,560.8235294117648,0.4411764705882353,2.8,1,0.7931087620782546,79.31,High Risk
E239,32,0,Sales,Sales Representative,Travel_Rarely,1401,4,2,Life Sciences,3,Female,56,3,1,2,Married,3931,20990,2,No,11,3,1,1,6,5,3,4,3,1,2,561.5714285714286,0.2,2.4,0,0.2173337122436274,21.73,Low Risk
E240,32,1,Research & Development,Laboratory Technician,Travel_Rarely,515,1,3,Life Sciences,4,Male,62,2,1,3,Single,3730,9571,0,Yes,14,3,4,0,4,2,1,3,2,1,2,746.0,0.25,2.8,1,0.8313618195280355,83.14,High Risk
E241,39,0,Research & Development,Laboratory Technician,Travel_Rarely,1431,1,4,Medical,3,Female,96,3,1,3,Divorced,2232,15417,7,No,14,3,3,3,7,1,3,3,2,1,2,279.0,0.25,3.0,0,0.09623913718319044,9.62,Low Risk
E242,32,0,Sales,Sales Executive,Non-Travel,976,26,4,Marketing,3,Male,100,3,2,4,Married,4465,12069,0,No,18,3,1,0,4,2,3,3,2,2,2,893.0,0.5,2.8,0,0.1531919798089161,15.32,Low Risk
E243,41,0,Research & Development,Research Scientist,Travel_Rarely,1411,19,2,Life Sciences,3,Male,36,3,2,1,Divorced,3072,19877,2,No,16,3,1,2,17,2,2,1,0,0,0,170.66666666666666,0.0,2.0,0,0.21586957911921048,21.59,Low Risk
E244,40,0,Research & Development,Research Scientist,Travel_Rarely,1300,24,2,Technical Degree,1,Male,62,3,2,4,Divorced,3319,24447,1,No,17,3,1,2,9,3,3,9,8,4,7,331.9,0.4,2.4,0,0.2505297309648541,25.05,Low Risk
E245,45,0,Research & Development,Manager,Travel_Rarely,252,1,3,Other,3,Male,70,4,5,4,Married,19202,15970,0,No,11,3,3,1,25,2,3,24,0,1,7,738.5384615384615,0.04,3.4,0,0.04898977467206138,4.9,Low Risk
E246,31,0,Research & Development,Research Director,Travel_Frequently,1327,3,4,Medical,2,Male,73,3,3,3,Divorced,13675,13523,9,No,12,3,1,1,9,3,3,2,2,2,2,1367.5,0.6666666666666666,2.4,0,0.1506857267503705,15.07,Low Risk
E247,33,0,Research & Development,Research Scientist,Travel_Rarely,832,5,4,Life Sciences,3,Female,63,2,1,4,Married,2911,14776,1,No,13,3,3,1,2,2,2,2,2,0,2,970.3333333333334,0.0,2.8,0,0.12738304338725284,12.74,Low Risk
E248,34,0,Research & Development,Manufacturing Director,Travel_Rarely,470,2,4,Life Sciences,4,Male,84,2,2,1,Married,5957,23687,6,No,13,3,2,1,13,3,3,11,9,5,9,425.5,0.4166666666666667,2.4,0,0.19458560994364232,19.46,Low Risk
E249,37,0,Research & Development,Research Scientist,Travel_Rarely,1017,1,2,Medical,3,Female,83,2,1,1,Married,3920,18697,2,No,14,3,1,1,17,2,2,3,1,0,2,217.77777777777777,0.0,1.8,0,0.20826676764185112,20.83,Low Risk
E250,45,0,Research & Development,Manufacturing Director,Travel_Frequently,1199,7,4,Life Sciences,1,Male,77,4,2,3,Married,6434,5118,4,No,17,3,4,1,9,1,3,3,2,0,2,643.4,0.0,3.0,0,0.16071440764025685,16.07,Low Risk
E251,37,1,Research & Development,Manufacturing Director,Travel_Frequently,504,10,3,Medical,1,Male,61,3,3,3,Divorced,10048,22573,6,No,11,3,2,2,17,5,3,1,0,0,0,558.2222222222222,0.0,2.4,0,0.3317024219347631,33.17,Medium Risk
E252,39,0,Research & Development,Healthcare Representative,Travel_Frequently,505,2,4,Technical Degree,3,Female,64,3,3,3,Single,10938,6420,0,No,25,4,4,0,20,1,3,19,6,11,8,520.8571428571429,0.55,3.2,0,0.536964764145155,53.7,Medium Risk
E253,29,0,Research & Development,Research Scientist,Travel_Rarely,665,15,3,Life Sciences,3,Male,60,3,1,4,Single,2340,22673,1,No,19,3,1,0,6,1,3,6,5,1,5,334.2857142857143,0.14285714285714285,2.8,0,0.1799863997366079,18.0,Low Risk
E254,42,0,Research & Development,Research Scientist,Travel_Rarely,916,17,2,Life Sciences,4,Female,82,4,2,1,Single,6545,23016,3,Yes,13,3,3,0,10,1,3,3,2,0,2,595.0,0.0,3.0,1,0.6592114951584701,65.92,High Risk
E255,29,0,Sales,Sales Executive,Travel_Rarely,1247,20,2,Marketing,4,Male,45,3,2,4,Divorced,6931,10732,2,No,14,3,4,1,10,2,3,3,2,0,2,630.0909090909091,0.0,3.6,0,0.06539408703910914,6.54,Low Risk
E256,25,0,Research & Development,Manufacturing Director,Travel_Rarely,685,1,3,Life Sciences,1,Female,62,3,2,3,Married,4898,7505,0,No,12,3,4,2,5,3,3,4,2,1,2,816.3333333333334,0.2,2.8,0,0.08512365326241915,8.51,Low Risk
E257,42,0,Research & Development,Laboratory Technician,Travel_Rarely,269,2,3,Medical,4,Female,56,2,1,1,Divorced,2593,8007,0,Yes,11,3,3,1,10,4,3,9,6,7,8,235.72727272727272,0.7,2.6,1,0.3911636712091788,39.12,Medium Risk
E258,40,0,Research & Development,Research Director,Travel_Rarely,1416,2,2,Medical,1,Male,49,3,5,3,Divorced,19436,5949,0,No,19,3,4,1,22,5,3,21,7,3,9,845.0434782608696,0.13636363636363635,2.8,0,0.018472584745339585,1.85,Low Risk
E259,51,0,Research & Development,Research Scientist,Travel_Rarely,833,1,3,Life Sciences,3,Male,96,3,1,4,Married,2723,23231,1,No,11,3,2,0,1,0,2,1,0,0,0,1361.5,0.0,2.8,0,0.3579675476824198,35.8,Medium Risk
E260,31,1,Research & Development,Laboratory Technician,Travel_Frequently,307,29,2,Medical,3,Male,71,2,1,2,Single,3479,11652,0,No,11,3,2,0,6,2,4,5,4,1,4,497.0,0.16666666666666666,2.6,0,0.851651728107395,85.17,High Risk
E261,32,0,Research & Development,Laboratory Technician,Travel_Frequently,1311,7,3,Life Sciences,2,Male,100,4,1,2,Married,2794,26062,1,No,20,4,3,0,5,3,1,5,1,0,3,465.6666666666667,0.0,2.4,0,0.6197632029547763,61.98,High Risk
E262,38,0,Sales,Sales Executive,Non-Travel,1327,2,2,Life Sciences,4,Male,39,2,2,4,Married,5249,19682,3,No,18,3,4,1,13,0,3,8,7,7,5,374.92857142857144,0.7777777777777778,3.4,0,0.04080806165969643,4.08,Low Risk
E263,32,0,Research & Development,Laboratory Technician,Travel_Rarely,128,2,1,Technical Degree,4,Male,84,2,2,1,Single,2176,19737,4,No,13,3,4,0,9,5,3,6,2,0,4,217.6,0.0,2.8,0,0.7861353637546763,78.61,High Risk
E264,46,0,Sales,Manager,Travel_Rarely,488,2,3,Technical Degree,3,Female,75,1,4,2,Married,16872,14977,3,Yes,12,3,2,1,28,2,2,7,7,7,7,581.7931034482758,0.875,2.0,1,0.5987823617206542,59.88,Medium Risk
E265,28,1,Research & Development,Laboratory Technician,Travel_Rarely,529,2,4,Life Sciences,1,Male,79,3,1,3,Single,3485,14935,2,No,11,3,3,0,5,5,1,0,0,0,0,580.8333333333334,0.0,2.2,0,0.6881950492529922,68.82,High Risk
E266,29,0,Sales,Sales Executive,Travel_Rarely,1210,2,3,Medical,1,Male,78,2,2,2,Married,6644,3687,2,No,19,3,2,2,10,2,3,0,0,0,0,604.0,0.0,2.0,0,0.33395203594949324,33.4,Medium Risk
E267,31,0,Research & Development,Healthcare Representative,Travel_Rarely,1463,23,3,Medical,2,Male,64,2,2,4,Married,5582,14408,0,No,21,4,2,1,10,2,3,9,0,7,8,507.45454545454544,0.7,2.6,0,0.26896819526016114,26.9,Low Risk
E268,25,0,Research & Development,Healthcare Representative,Non-Travel,675,5,2,Life Sciences,2,Male,85,4,2,1,Divorced,4000,18384,1,No,12,3,4,2,6,2,3,6,3,1,5,571.4285714285714,0.14285714285714285,2.8,0,0.02892355147453818,2.89,Low Risk
E269,45,0,Research & Development,Healthcare Representative,Travel_Rarely,1385,20,2,Medical,3,Male,79,3,4,4,Married,13496,7501,0,Yes,14,3,2,0,21,2,3,20,7,4,10,613.4545454545455,0.19047619047619047,3.0,1,0.20407170994605156,20.41,Low Risk
E270,36,0,Research & Development,Laboratory Technician,Travel_Rarely,1403,6,3,Life Sciences,4,Male,47,3,1,4,Married,3210,20251,0,No,11,3,3,1,16,4,3,15,13,10,11,188.8235294117647,0.625,3.4,0,0.05784718158338136,5.78,Low Risk
E271,55,0,Research & Development,Manager,Travel_Rarely,452,1,3,Medical,4,Male,81,3,5,1,Single,19045,18938,0,Yes,14,3,3,0,37,2,3,36,10,4,13,501.1842105263158,0.10810810810810811,2.8,1,0.3115471838071494,31.15,Medium Risk
E272,47,1,Research & Development,Manager,Non-Travel,666,29,4,Life Sciences,1,Male,88,3,3,2,Married,11849,10268,1,Yes,12,3,4,1,10,2,2,10,7,9,9,1077.1818181818182,0.8181818181818182,2.4,1,0.5147327768485634,51.47,Medium Risk
E273,28,0,Research & Development,Research Scientist,Travel_Rarely,1158,9,3,Medical,4,Male,94,3,1,4,Married,2070,2613,1,No,23,4,4,1,5,3,2,5,2,0,4,345.0,0.0,3.4,0,0.0409797200823526,4.1,Low Risk
E274,37,0,Sales,Sales Executive,Travel_Rarely,228,6,4,Medical,3,Male,98,3,2,4,Married,6502,22825,4,No,14,3,2,1,7,5,4,5,4,0,1,812.75,0.0,3.2,0,0.11184827405512629,11.18,Low Risk
E275,21,0,Research & Development,Research Scientist,Travel_Rarely,996,3,2,Medical,4,Male,100,2,1,3,Single,3230,10531,1,No,17,3,1,0,3,4,4,3,2,1,0,807.5,0.25,2.8,0,0.25585754366266145,25.59,Low Risk
E276,37,0,Research & Development,Research Director,Non-Travel,728,1,4,Medical,1,Female,80,3,3,4,Divorced,13603,11677,2,Yes,18,3,1,2,15,2,3,5,2,0,2,850.1875,0.0,2.4,1,0.024076847182544853,2.41,Low Risk
E277,35,0,Research & Development,Manager,Travel_Rarely,1315,22,3,Life Sciences,2,Female,71,4,3,2,Divorced,11996,19100,7,No,18,3,2,1,10,6,2,7,7,6,2,1090.5454545454545,0.75,2.4,0,0.11578392940047837,11.58,Low Risk
E278,38,0,Sales,Sales Executive,Travel_Rarely,322,7,2,Medical,1,Female,44,4,2,1,Divorced,5605,19191,1,Yes,24,4,3,1,8,3,3,8,0,7,7,622.7777777777778,0.7777777777777778,2.4,1,0.7216163552474348,72.16,High Risk
E279,26,0,Research & Development,Manufacturing Director,Travel_Frequently,1479,1,3,Life Sciences,3,Female,84,3,2,2,Divorced,6397,26767,1,No,20,4,1,1,6,6,1,6,5,1,4,913.8571428571429,0.14285714285714285,2.0,0,0.09635516877680356,9.64,Low Risk
E280,50,0,Research & Development,Research Director,Travel_Rarely,797,4,1,Life Sciences,1,Male,96,3,5,2,Divorced,19144,15815,3,No,14,3,1,2,28,4,2,10,4,1,6,660.1379310344828,0.09090909090909091,1.8,0,0.030191676146706085,3.02,Low Risk
E281,53,0,Research & Development,Research Director,Travel_Rarely,1070,3,4,Medical,3,Male,45,3,4,3,Married,17584,21016,3,Yes,16,3,4,3,21,5,2,5,3,1,3,799.2727272727273,0.16666666666666666,3.0,1,0.02961555027711622,2.96,Low Risk
E282,42,0,Sales,Sales Executive,Travel_Rarely,635,1,1,Life Sciences,2,Male,99,3,2,3,Married,4907,24532,1,No,25,4,3,0,20,3,3,20,16,11,6,233.66666666666666,0.5238095238095238,2.8,0,0.1944540231905566,19.45,Low Risk
E283,29,0,Sales,Sales Executive,Travel_Frequently,442,2,2,Life Sciences,2,Male,44,3,2,4,Single,4554,20260,1,No,18,3,1,0,10,3,2,10,7,0,9,414.0,0.0,2.4,0,0.3055755583192045,30.56,Medium Risk
E284,55,0,Research & Development,Laboratory Technician,Travel_Rarely,147,20,2,Technical Degree,2,Male,37,3,2,4,Married,5415,15972,3,Yes,19,3,4,1,12,4,3,10,7,0,8,416.53846153846155,0.0,3.2,1,0.6456299919628696,64.56,High Risk
E285,26,0,Research & Development,Healthcare Representative,Travel_Frequently,496,11,2,Medical,1,Male,60,3,2,1,Married,4741,22722,1,Yes,13,3,3,1,5,3,3,5,3,3,3,790.1666666666666,0.5,2.2,1,0.9038905302850894,90.39,High Risk
E286,37,0,Research & Development,Research Scientist,Travel_Rarely,1372,1,3,Life Sciences,4,Female,42,3,1,4,Single,2115,15881,1,No,12,3,2,0,17,3,3,17,12,5,7,117.5,0.2777777777777778,3.2,0,0.05863076881998161,5.86,Low Risk
E287,44,1,Research & Development,Laboratory Technician,Travel_Frequently,920,24,3,Life Sciences,4,Male,43,3,1,3,Divorced,3161,19920,3,Yes,22,4,4,1,19,0,1,1,0,0,0,158.05,0.0,3.0,1,0.7753670032766361,77.54,High Risk
E288,38,0,Research & Development,Healthcare Representative,Travel_Rarely,688,23,4,Life Sciences,4,Male,82,3,2,4,Divorced,5745,18899,9,No,14,3,2,1,10,2,3,2,2,1,2,522.2727272727273,0.3333333333333333,3.2,0,0.08359234759245858,8.36,Low Risk
E289,26,1,Research & Development,Laboratory Technician,Travel_Rarely,1449,16,4,Medical,1,Male,45,3,1,2,Divorced,2373,14180,2,Yes,13,3,4,1,5,2,3,3,2,0,2,395.5,0.0,2.6,1,0.7987559144770582,79.88,High Risk
E290,28,0,Research & Development,Research Scientist,Travel_Rarely,1117,8,2,Life Sciences,4,Female,66,3,1,4,Single,3310,4488,1,No,21,4,4,0,5,3,3,5,3,0,2,551.6666666666666,0.0,3.6,0,0.049686469399810945,4.97,Low Risk
E291,49,0,Research & Development,Research Director,Travel_Frequently,636,10,4,Life Sciences,3,Female,35,3,5,1,Single,18665,25594,9,Yes,11,3,4,0,22,4,3,3,2,1,2,811.5217391304348,0.25,2.8,1,0.5217807132567474,52.18,Medium Risk
E292,36,0,Research & Development,Research Scientist,Travel_Rarely,506,3,3,Technical Degree,3,Male,30,3,2,2,Single,4485,26285,4,No,12,3,4,0,10,2,3,8,0,7,7,407.72727272727275,0.7777777777777778,3.0,0,0.8519556659819519,85.2,High Risk
E293,31,0,Sales,Sales Representative,Travel_Frequently,444,5,3,Marketing,4,Female,84,3,1,2,Divorced,2789,3909,1,No,11,3,3,1,2,5,2,2,2,2,2,929.6666666666666,0.6666666666666666,2.8,0,0.37867926374683997,37.87,Medium Risk
E294,26,1,Sales,Sales Executive,Travel_Rarely,950,4,4,Marketing,4,Male,48,2,2,4,Single,5828,8450,1,Yes,12,3,2,0,8,0,3,8,7,7,4,647.5555555555555,0.7777777777777778,3.0,1,0.8823615617136956,88.24,High Risk
E295,37,0,Research & Development,Research Scientist,Travel_Frequently,889,9,3,Medical,2,Male,53,3,1,4,Married,2326,11411,1,Yes,12,3,3,3,4,3,2,4,2,1,2,465.2,0.2,2.8,1,0.5823805096504414,58.24,Medium Risk
E296,42,0,Sales,Sales Executive,Travel_Frequently,555,26,3,Marketing,3,Female,77,3,4,2,Married,13525,14864,5,No,14,3,4,1,23,2,4,20,4,4,8,563.5416666666666,0.19047619047619047,3.2,0,0.5873606685015019,58.74,Medium Risk
E297,18,1,Research & Development,Laboratory Technician,Travel_Rarely,230,3,3,Life Sciences,3,Male,54,3,1,3,Single,1420,25233,1,No,13,3,3,0,0,2,3,0,0,0,0,1420.0,0.0,3.0,0,0.7638955109643237,76.39,High Risk
E298,35,0,Sales,Sales Executive,Travel_Rarely,1232,16,3,Marketing,3,Male,96,3,3,2,Married,8020,5100,0,No,15,3,3,2,12,3,2,11,9,6,9,616.9230769230769,0.5,2.6,0,0.1480734147267873,14.81,Low Risk
E299,36,0,Research & Development,Laboratory Technician,Travel_Frequently,566,18,4,Life Sciences,3,Male,81,4,1,4,Married,3688,7122,4,No,18,3,4,2,4,2,3,1,0,0,0,737.6,0.0,3.6,0,0.23780118091348698,23.78,Low Risk
E300,51,0,Research & Development,Manufacturing Director,Travel_Rarely,1302,2,3,Medical,4,Male,84,1,2,2,Divorced,5482,16321,5,No,18,3,4,1,13,3,3,4,1,1,2,391.57142857142856,0.2,2.8,0,0.07413386157146348,7.41,Low Risk
E301,41,0,Sales,Manager,Travel_Rarely,334,2,4,Life Sciences,4,Male,88,3,4,2,Single,16015,15896,1,No,19,3,2,0,22,2,3,22,10,0,4,696.304347826087,0.0,2.8,0,0.07189255296816395,7.19,Low Risk
E302,18,0,Sales,Sales Representative,Travel_Rarely,812,10,3,Medical,4,Female,69,2,1,3,Single,1200,9724,1,No,12,3,1,0,0,2,3,0,0,0,0,1200.0,0.0,2.6,0,0.8792904556491044,87.93,High Risk
E303,28,0,Research & Development,Healthcare Representative,Travel_Rarely,1476,16,2,Medical,2,Male,68,4,2,1,Single,5661,4824,0,No,19,3,3,0,9,2,3,8,3,0,7,566.1,0.0,2.6,0,0.10629751969643156,10.63,Low Risk
E304,31,0,Sales,Sales Executive,Travel_Rarely,218,7,3,Technical Degree,2,Male,100,4,2,4,Married,6929,12241,4,No,11,3,2,1,10,3,2,8,7,7,7,629.9090909090909,0.7777777777777778,2.8,0,0.5435427209367709,54.35,Medium Risk
E305,39,0,Research & Development,Healthcare Representative,Travel_Rarely,1132,1,3,Medical,3,Male,48,4,3,4,Divorced,9613,10942,0,No,17,3,1,3,19,5,2,18,10,3,7,480.65,0.15789473684210525,2.8,0,0.02542904163444537,2.54,Low Risk
E306,36,0,Research & Development,Laboratory Technician,Non-Travel,1105,24,4,Life Sciences,2,Female,47,3,2,2,Married,5674,6927,7,No,15,3,3,1,11,3,3,9,8,0,8,472.8333333333333,0.0,2.6,0,0.08851482790160721,8.85,Low Risk
E307,32,0,Sales,Sales Executive,Travel_Rarely,906,7,3,Life Sciences,4,Male,91,2,2,3,Married,5484,16985,1,No,14,3,3,1,13,3,2,13,8,4,8,391.7142857142857,0.2857142857142857,2.8,0,0.10454564693690023,10.45,Low Risk
E308,38,0,Research & Development,Research Director,Travel_Rarely,849,25,2,Life Sciences,1,Female,81,2,3,2,Married,12061,26707,3,No,17,3,3,1,19,2,3,10,8,0,1,603.05,0.0,2.2,0,0.06808574166403684,6.81,Low Risk
E309,58,0,Research & Development,Healthcare Representative,Non-Travel,390,1,4,Life Sciences,4,Male,32,1,2,3,Divorced,5660,17056,2,Yes,13,3,4,1,12,2,3,5,3,1,2,435.38461538461536,0.16666666666666666,3.0,1,0.05140697257135992,5.14,Low Risk
E310,31,0,Research & Development,Research Scientist,Travel_Rarely,691,5,4,Technical Degree,3,Male,86,3,1,4,Married,4821,10077,0,Yes,12,3,3,1,6,4,3,5,2,0,3,688.7142857142857,0.0,3.2,1,0.4267589077822406,42.68,Medium Risk
E311,31,0,Human Resources,Human Resources,Travel_Rarely,106,2,3,Human Resources,1,Male,62,2,2,1,Married,6410,17822,3,No,12,3,4,0,9,1,3,2,2,1,0,641.0,0.3333333333333333,2.2,0,0.8824398415485523,88.24,High Risk
E312,45,0,Research & Development,Laboratory Technician,Travel_Frequently,1249,7,3,Life Sciences,1,Male,97,3,3,1,Divorced,5210,20308,1,No,18,3,1,1,24,2,3,24,9,9,11,208.4,0.36,1.8,0,0.8179005433478411,81.79,High Risk
E313,31,0,Research & Development,Research Scientist,Travel_Rarely,192,2,4,Life Sciences,3,Male,32,3,1,4,Divorced,2695,7747,0,Yes,18,3,2,1,3,2,1,2,2,2,2,673.75,0.6666666666666666,2.6,1,0.26435752612276914,26.44,Low Risk
E314,33,0,Research & Development,Manager,Travel_Frequently,553,5,4,Life Sciences,4,Female,74,3,3,2,Married,11878,23364,6,No,11,3,2,2,12,2,3,10,6,8,8,913.6923076923077,0.7272727272727273,2.8,0,0.22118515774380562,22.12,Low Risk
E315,39,0,Research & Development,Manager,Travel_Rarely,117,10,1,Medical,3,Male,99,3,4,1,Married,17068,5355,1,Yes,14,3,4,0,21,3,3,21,9,11,10,775.8181818181819,0.5,2.8,1,0.6417202167612374,64.17,High Risk
E316,43,0,Research & Development,Laboratory Technician,Travel_Frequently,185,10,4,Life Sciences,3,Female,33,3,1,4,Single,2455,10675,0,No,19,3,1,0,9,5,3,8,7,1,7,245.5,0.1111111111111111,2.8,0,0.10519614757793705,10.52,Low Risk
E317,49,0,Research & Development,Healthcare Representative,Travel_Rarely,1091,1,2,Technical Degree,3,Female,90,2,4,3,Single,13964,17810,7,Yes,12,3,4,0,25,2,3,7,1,0,7,537.0769230769231,0.0,3.0,1,0.5407989681578956,54.08,Medium Risk
E318,52,1,Research & Development,Research Scientist,Travel_Rarely,723,8,4,Medical,3,Male,85,2,2,2,Married,4941,17747,2,No,15,3,1,0,11,3,2,8,2,7,7,411.75,0.7777777777777778,2.0,0,0.4992578148639276,49.93,Medium Risk
E319,27,0,Research & Development,Research Scientist,Travel_Rarely,1220,5,3,Life Sciences,3,Female,85,3,1,2,Single,2478,20938,1,Yes,12,3,2,0,4,2,2,4,3,1,2,495.6,0.2,2.4,1,0.732338841996405,73.23,High Risk
E320,32,0,Sales,Sales Executive,Travel_Rarely,588,8,2,Technical Degree,3,Female,65,2,2,2,Married,5228,24624,1,Yes,11,3,4,0,13,2,3,13,12,11,9,373.42857142857144,0.7857142857142857,2.8,1,0.892631513487855,89.26,High Risk
E321,27,0,Sales,Sales Executive,Travel_Rarely,1377,2,3,Life Sciences,4,Male,74,3,2,3,Single,4478,5242,1,Yes,11,3,1,0,5,3,3,5,4,0,4,746.3333333333334,0.0,2.8,1,0.6134204207001495,61.34,High Risk
E322,31,0,Sales,Sales Executive,Travel_Rarely,691,7,3,Marketing,4,Male,73,3,2,4,Divorced,7547,7143,4,No,12,3,4,3,13,3,3,7,7,1,7,539.0714285714286,0.125,3.6,0,0.03428467299067148,3.43,Low Risk
E323,32,0,Research & Development,Research Scientist,Travel_Rarely,1018,2,4,Medical,1,Female,74,4,2,4,Single,5055,10557,7,No,16,3,3,0,10,0,2,7,7,0,7,459.54545454545456,0.0,2.8,0,0.17200941443632778,17.2,Low Risk
E324,28,1,Research & Development,Research Scientist,Travel_Rarely,1157,2,4,Medical,1,Male,84,1,1,4,Married,3464,24737,5,Yes,13,3,4,0,5,4,2,3,2,2,2,577.3333333333334,0.5,2.4,1,0.8611261485240029,86.11,High Risk
E325,30,0,Research & Development,Research Scientist,Travel_Rarely,1275,28,2,Medical,4,Female,64,3,2,4,Married,5775,11934,1,No,13,3,4,2,11,2,3,10,8,1,9,481.25,0.09090909090909091,3.6,0,0.03482270749726192,3.48,Low Risk
E326,31,0,Research & Development,Manufacturing Director,Travel_Frequently,798,7,2,Life Sciences,3,Female,48,2,3,3,Married,8943,14034,1,No,24,4,1,1,10,2,3,10,9,8,9,813.0,0.7272727272727273,2.4,0,0.18275412600705662,18.28,Low Risk
E327,39,0,Research & Development,Manager,Travel_Frequently,672,7,2,Medical,3,Male,54,2,5,4,Married,19272,21141,1,No,15,3,1,1,21,2,3,21,9,13,3,876.0,0.5909090909090909,2.6,0,0.5929722183962296,59.3,Medium Risk
E328,39,1,Sales,Sales Executive,Travel_Rarely,1162,3,2,Medical,4,Female,41,3,2,3,Married,5238,17778,4,Yes,18,3,1,0,12,3,2,1,0,0,0,402.9230769230769,0.0,2.6,1,0.4990760130308086,49.91,Medium Risk
E329,33,0,Sales,Sales Executive,Travel_Frequently,508,10,3,Marketing,2,Male,46,2,2,4,Single,4682,4317,3,No,14,3,3,0,9,6,2,7,7,0,1,468.2,0.0,2.6,0,0.5687565798014224,56.88,Medium Risk
E330,47,0,Research & Development,Research Director,Travel_Rarely,1482,5,5,Life Sciences,4,Male,42,3,5,3,Married,18300,16375,4,No,11,3,2,1,21,2,3,3,2,1,1,831.8181818181819,0.25,3.0,0,0.023047043422839787,2.3,Low Risk
E331,43,0,Research & Development,Laboratory Technician,Travel_Frequently,559,10,4,Life Sciences,3,Female,82,2,2,3,Divorced,5257,6227,1,No,11,3,2,1,9,3,4,9,7,0,0,525.7,0.0,2.8,0,0.1975940794014251,19.76,Low Risk
E332,27,0,Sales,Sales Executive,Non-Travel,210,1,1,Marketing,3,Male,73,3,2,2,Married,6349,22107,0,Yes,13,3,4,1,6,0,3,5,4,1,4,907.0,0.16666666666666666,3.0,1,0.35473190908368435,35.47,Medium Risk
E333,54,0,Research & Development,Research Scientist,Travel_Frequently,928,20,4,Life Sciences,4,Female,31,3,2,3,Single,4869,16885,3,No,12,3,4,0,20,4,2,4,3,0,3,231.85714285714286,0.0,3.2,0,0.12549876232917753,12.55,Low Risk
E334,43,0,Research & Development,Healthcare Representative,Travel_Rarely,1001,7,3,Life Sciences,3,Female,43,3,3,1,Married,9985,9262,8,No,16,3,1,1,10,1,2,1,0,0,0,907.7272727272727,0.0,2.0,0,0.301201037759687,30.12,Medium Risk
E335,45,0,Research & Development,Research Scientist,Travel_Rarely,549,8,4,Other,4,Male,75,3,2,4,Married,3697,9278,9,No,14,3,1,2,12,3,3,10,9,9,8,284.38461538461536,0.8181818181818182,3.0,0,0.1970510997827685,19.71,Low Risk
E336,40,0,Sales,Sales Executive,Travel_Rarely,1124,1,2,Medical,2,Male,57,1,2,4,Married,7457,13273,2,Yes,22,4,3,3,6,2,2,4,3,0,2,1065.2857142857142,0.0,2.4,1,0.7328768800312792,73.29,High Risk
E337,29,1,Research & Development,Laboratory Technician,Travel_Rarely,318,8,4,Other,2,Male,77,1,1,1,Married,2119,4759,1,Yes,11,3,4,0,7,4,2,7,7,0,7,264.875,0.0,2.0,1,0.8473158224295501,84.73,High Risk
E338,29,0,Research & Development,Laboratory Technician,Travel_Rarely,738,9,5,Other,2,Male,30,2,1,4,Single,3983,7621,0,No,17,3,3,0,4,2,3,3,2,2,2,796.6,0.5,2.8,0,0.6178357033797331,61.78,High Risk
E339,30,0,Sales,Sales Executive,Travel_Rarely,570,5,3,Marketing,4,Female,30,2,2,3,Divorced,6118,5431,1,No,13,3,3,3,10,2,3,10,9,1,2,556.1818181818181,0.09090909090909091,3.0,0,0.05360436394303637,5.36,Low Risk
E340,27,0,Sales,Sales Executive,Travel_Rarely,1130,8,4,Marketing,2,Female,56,3,2,2,Married,6214,3415,1,No,18,3,1,1,8,3,3,8,7,0,7,690.4444444444445,0.0,2.2,0,0.11096857336610254,11.1,Low Risk
E341,37,0,Research & Development,Manufacturing Director,Travel_Rarely,1192,5,2,Medical,4,Male,61,3,2,4,Divorced,6347,23177,7,No,16,3,3,2,8,2,2,6,2,0,4,705.2222222222222,0.0,3.2,0,0.07129611837231474,7.13,Low Risk
E342,38,0,Research & Development,Research Director,Travel_Rarely,343,15,2,Life Sciences,3,Male,92,2,3,4,Divorced,11510,15682,0,Yes,14,3,2,1,12,3,3,11,10,2,9,885.3846153846154,0.16666666666666666,2.8,1,0.03921272483788275,3.92,Low Risk
E343,31,0,Research & Development,Manufacturing Director,Travel_Rarely,1232,7,4,Medical,3,Female,39,3,3,4,Single,7143,25713,1,Yes,14,3,3,0,11,2,2,11,9,4,10,595.25,0.3333333333333333,3.0,1,0.3091156202996736,30.91,Medium Risk
E344,29,0,Sales,Sales Executive,Travel_Rarely,144,10,1,Marketing,4,Female,39,2,2,2,Divorced,8268,11866,1,Yes,14,3,1,2,7,2,3,7,7,1,7,1033.5,0.125,2.4,1,0.3717151806412695,37.17,Medium Risk
E345,35,0,Research & Development,Manufacturing Director,Travel_Rarely,1296,5,4,Technical Degree,3,Male,62,3,3,2,Single,8095,18264,0,No,13,3,4,0,17,5,3,16,6,0,13,449.72222222222223,0.0,3.0,0,0.09319110891789503,9.32,Low Risk
E346,23,0,Research & Development,Research Scientist,Travel_Rarely,1309,26,1,Life Sciences,3,Male,83,3,1,4,Divorced,2904,16092,1,No,12,3,3,2,4,2,2,4,2,0,2,580.8,0.0,3.0,0,0.10487428230362658,10.49,Low Risk
E347,41,0,Research & Development,Manufacturing Director,Travel_Rarely,483,6,3,Medical,4,Male,95,2,2,2,Single,6032,10110,6,Yes,15,3,4,0,8,3,3,5,4,1,2,670.2222222222222,0.16666666666666666,3.0,1,0.7373345705584109,73.73,High Risk
E348,47,0,Sales,Sales Representative,Travel_Frequently,1309,4,1,Medical,2,Male,99,3,2,3,Single,2976,25751,3,No,19,3,1,0,5,3,3,0,0,0,0,496.0,0.0,2.4,0,0.8541882882257958,85.42,High Risk
E349,42,0,Research & Development,Research Director,Travel_Rarely,810,23,5,Life Sciences,1,Female,44,3,4,4,Single,15992,15901,2,No,14,3,2,0,16,2,3,1,0,0,0,940.7058823529412,0.0,2.6,0,0.07186376733218135,7.19,Low Risk
E350,29,0,Sales,Sales Executive,Non-Travel,746,2,3,Life Sciences,4,Male,61,3,2,3,Married,4649,16928,1,No,14,3,1,1,4,3,2,4,3,0,2,929.8,0.0,2.6,0,0.07455643020231041,7.46,Low Risk
E351,42,0,Human Resources,Human Resources,Travel_Rarely,544,2,1,Technical Degree,3,Male,52,3,1,3,Divorced,2696,24017,0,Yes,11,3,3,1,4,5,3,3,2,1,0,539.2,0.25,3.0,1,0.6013253064673217,60.13,High Risk
E352,32,0,Research & Development,Laboratory Technician,Travel_Rarely,1062,2,3,Medical,3,Female,75,3,1,2,Married,2370,3956,1,No,13,3,3,1,8,4,3,8,0,0,7,263.3333333333333,0.0,2.8,0,0.08634757636890614,8.63,Low Risk
E353,48,0,Sales,Manager,Travel_Rarely,530,29,1,Medical,1,Female,91,3,3,3,Married,12504,23978,3,No,21,4,2,1,15,3,1,0,0,0,0,781.5,0.0,2.0,0,0.21516165746301616,21.52,Low Risk
E354,37,0,Research & Development,Research Scientist,Travel_Rarely,1319,6,3,Medical,3,Male,51,4,2,1,Divorced,5974,17001,4,Yes,13,3,1,2,13,2,3,7,7,6,7,426.7142857142857,0.75,2.4,1,0.32982386367390115,32.98,Medium Risk
E355,30,0,Sales,Sales Executive,Non-Travel,641,25,2,Technical Degree,4,Female,85,3,2,3,Married,4736,6069,7,Yes,12,3,2,1,4,2,4,2,2,2,2,947.2,0.6666666666666666,3.2,1,0.7947125136970213,79.47,High Risk
E356,26,0,Sales,Sales Executive,Travel_Rarely,933,1,3,Life Sciences,3,Male,57,3,2,3,Married,5296,20156,1,No,17,3,2,1,8,3,3,8,7,7,7,588.4444444444445,0.7777777777777778,2.8,0,0.11322467785725551,11.32,Low Risk
E357,42,0,Research & Development,Healthcare Representative,Travel_Rarely,1332,2,4,Other,1,Male,98,2,2,4,Single,6781,17078,3,No,23,4,2,0,14,6,3,1,0,0,0,452.06666666666666,0.0,2.4,0,0.10640279265116129,10.64,Low Risk
E358,21,1,Sales,Sales Representative,Travel_Frequently,756,1,1,Technical Degree,1,Female,99,2,1,2,Single,2174,9150,1,Yes,11,3,3,0,3,3,3,3,2,1,2,543.5,0.25,2.2,1,0.9703112576050393,97.03,High Risk
E359,36,0,Sales,Sales Executive,Non-Travel,845,1,5,Medical,4,Female,45,3,2,4,Single,6653,15276,4,No,15,3,2,0,7,6,3,1,0,0,0,831.625,0.0,3.2,0,0.05019878465232702,5.02,Low Risk
E360,36,0,Sales,Sales Executive,Travel_Frequently,541,3,4,Medical,1,Male,48,2,3,4,Married,9699,7246,4,No,11,3,1,1,16,2,3,13,9,1,12,570.5294117647059,0.07142857142857142,2.2,0,0.3375481554798146,33.75,Medium Risk
E361,57,0,Research & Development,Healthcare Representative,Travel_Rarely,593,1,4,Medical,4,Male,88,3,2,3,Married,6755,2967,2,No,11,3,3,0,15,2,3,3,2,1,2,422.1875,0.25,3.2,0,0.036647483613040925,3.66,Low Risk
E362,40,0,Research & Development,Laboratory Technician,Travel_Rarely,1171,10,4,Life Sciences,4,Female,46,4,1,3,Married,2213,22495,3,Yes,13,3,3,1,10,3,3,7,7,1,7,201.1818181818182,0.125,3.4,1,0.1088264592758817,10.88,Low Risk
E363,21,0,Sales,Sales Representative,Non-Travel,895,9,2,Medical,1,Male,39,3,1,4,Single,2610,2851,1,No,24,4,3,0,3,3,2,3,2,2,2,652.5,0.5,2.6,0,0.47992468486919365,47.99,Medium Risk
E364,33,1,Sales,Sales Representative,Travel_Rarely,350,5,3,Marketing,4,Female,34,3,1,3,Single,2851,9150,1,Yes,13,3,2,0,1,2,3,1,0,0,0,1425.5,0.0,3.0,1,0.9586643284842907,95.87,High Risk
E365,37,0,Research & Development,Laboratory Technician,Travel_Rarely,921,10,3,Medical,3,Female,98,3,1,1,Married,3452,17663,6,No,20,4,2,1,17,3,3,5,4,0,3,191.77777777777777,0.0,2.4,0,0.27913535908194576,27.91,Low Risk
E366,46,0,Research & Development,Manufacturing Director,Non-Travel,1144,7,4,Medical,3,Female,30,3,2,3,Married,5258,16044,2,No,14,3,3,0,7,2,4,1,0,0,0,657.25,0.0,3.2,0,0.035868108221641,3.59,Low Risk
E367,41,1,Sales,Sales Executive,Travel_Frequently,143,4,3,Marketing,1,Male,56,3,2,2,Single,9355,9558,1,No,18,3,3,0,8,5,3,8,7,7,7,1039.4444444444443,0.7777777777777778,2.4,0,0.6254379794436571,62.54,High Risk
E368,50,0,Research & Development,Healthcare Representative,Travel_Rarely,1046,10,3,Technical Degree,4,Male,100,2,3,4,Single,10496,2755,6,No,15,3,4,0,20,2,3,4,3,1,3,499.8095238095238,0.2,3.4,0,0.12560892566414802,12.56,Low Risk
E369,40,1,Sales,Sales Executive,Travel_Rarely,575,22,2,Marketing,3,Male,68,2,2,3,Married,6380,6110,2,Yes,12,3,1,2,8,6,3,6,4,1,0,708.8888888888889,0.14285714285714285,2.4,1,0.8235842811872998,82.36,High Risk
E370,31,0,Research & Development,Research Scientist,Travel_Rarely,408,9,4,Life Sciences,3,Male,42,2,1,2,Single,2657,7551,0,Yes,16,3,4,0,3,5,3,2,2,2,2,664.25,0.6666666666666666,2.8,1,0.6034918729357206,60.35,High Risk
E371,21,1,Sales,Sales Representative,Travel_Rarely,156,12,3,Life Sciences,3,Female,90,4,1,2,Single,2716,25422,1,No,15,3,4,0,1,0,3,1,0,0,0,1358.0,0.0,3.2,0,0.8332482853208887,83.32,High Risk
E372,29,0,Research & Development,Research Scientist,Travel_Rarely,1283,23,3,Life Sciences,4,Male,54,3,1,4,Single,2201,18168,9,No,16,3,4,0,6,4,3,3,2,1,2,314.42857142857144,0.25,3.6,0,0.20601360169056446,20.6,Low Risk
E373,35,0,Research & Development,Healthcare Representative,Travel_Rarely,755,9,4,Life Sciences,3,Male,97,2,2,2,Single,6540,19394,9,No,19,3,3,0,10,5,3,1,1,0,0,594.5454545454545,0.0,2.6,0,0.2951948095160761,29.52,Low Risk
E374,27,0,Research & Development,Laboratory Technician,Travel_Rarely,1469,1,2,Medical,4,Male,82,3,1,2,Divorced,3816,17881,1,No,11,3,2,1,5,2,3,5,2,0,4,636.0,0.0,2.8,0,0.1131221061839748,11.31,Low Risk
E375,28,0,Sales,Sales Executive,Travel_Rarely,304,9,4,Life Sciences,2,Male,92,3,2,4,Single,5253,20750,1,No,16,3,4,0,7,1,3,7,5,0,7,656.625,0.0,3.2,0,0.1733408701100572,17.33,Low Risk
E376,49,0,Research & Development,Healthcare Representative,Travel_Rarely,1261,7,3,Other,2,Male,31,2,3,3,Single,10965,12066,8,No,24,4,3,0,26,2,3,5,2,0,0,406.1111111111111,0.0,2.6,0,0.2691575693385005,26.92,Low Risk
E377,51,0,Sales,Sales Executive,Travel_Rarely,1178,14,2,Life Sciences,3,Female,87,3,2,4,Married,4936,14862,4,No,11,3,3,1,18,2,2,7,7,0,7,259.7894736842105,0.0,3.0,0,0.052720630592631976,5.27,Low Risk
E378,36,0,Research & Development,Research Scientist,Travel_Rarely,329,2,3,Life Sciences,4,Female,96,3,1,3,Married,2543,11868,4,No,13,3,2,1,6,3,3,2,2,2,2,363.2857142857143,0.6666666666666666,3.0,0,0.056371182861450056,5.64,Low Risk
E379,34,1,Sales,Sales Executive,Non-Travel,1362,19,3,Marketing,1,Male,67,4,2,4,Single,5304,4652,8,Yes,13,3,2,0,9,3,2,5,2,0,4,530.4,0.0,2.6,1,0.8477313040658513,84.77,High Risk
E380,55,0,Research & Development,Manager,Travel_Rarely,1311,2,3,Life Sciences,3,Female,97,3,4,4,Single,16659,23258,2,Yes,13,3,3,0,30,2,3,5,4,1,2,537.3870967741935,0.16666666666666666,3.2,1,0.05849383011368708,5.85,Low Risk
E381,24,0,Sales,Sales Executive,Travel_Rarely,1371,10,4,Marketing,4,Female,77,3,2,3,Divorced,4260,5915,1,Yes,12,3,4,1,5,2,4,5,2,0,3,710.0,0.0,3.6,1,0.20633335183074283,20.63,Low Risk
E382,30,0,Sales,Sales Representative,Travel_Rarely,202,2,1,Technical Degree,3,Male,72,3,1,2,Married,2476,17434,1,No,18,3,1,1,1,3,3,1,0,0,0,1238.0,0.0,2.4,0,0.9091522527952494,90.92,High Risk
E383,26,1,Research & Development,Research Scientist,Travel_Frequently,575,3,1,Technical Degree,3,Male,73,3,1,1,Single,3102,6582,0,No,22,4,3,0,7,2,3,6,4,0,4,387.75,0.0,2.6,0,0.5672456225769249,56.72,Medium Risk
E384,22,0,Research & Development,Research Scientist,Travel_Rarely,253,11,3,Medical,1,Female,43,3,1,2,Married,2244,24440,1,No,13,3,4,1,2,1,3,2,1,1,2,748.0,0.3333333333333333,2.6,0,0.40654526530860247,40.65,Medium Risk
E385,36,0,Sales,Sales Executive,Travel_Rarely,164,2,2,Medical,2,Male,61,2,3,3,Married,7596,3809,1,No,13,3,2,2,10,2,3,10,9,9,0,690.5454545454545,0.8181818181818182,2.4,0,0.5913856340796093,59.14,Medium Risk
E386,30,1,Research & Development,Research Scientist,Travel_Frequently,464,4,3,Technical Degree,3,Male,40,3,1,4,Single,2285,3427,9,Yes,23,4,3,0,3,4,3,1,0,0,0,571.25,0.0,3.2,1,0.9549403547280724,95.49,High Risk
E387,37,0,Research & Development,Laboratory Technician,Travel_Rarely,1107,14,3,Life Sciences,4,Female,95,3,1,1,Divorced,3034,26914,1,No,12,3,3,1,18,2,2,18,7,12,17,159.68421052631578,0.631578947368421,2.6,0,0.22428942378316633,22.43,Low Risk
E388,40,0,Sales,Sales Executive,Travel_Rarely,759,2,2,Marketing,4,Female,46,3,2,2,Divorced,5715,22553,7,No,12,3,3,2,8,5,3,5,4,1,3,635.0,0.16666666666666666,3.0,0,0.08661129516300967,8.66,Low Risk
E389,42,0,Research & Development,Laboratory Technician,Travel_Rarely,201,1,4,Life Sciences,2,Female,95,3,1,1,Divorced,2576,20490,3,No,16,3,2,1,8,5,3,5,2,1,2,286.22222222222223,0.16666666666666666,2.2,0,0.18445680203074097,18.45,Low Risk
E390,37,0,Research & Development,Manufacturing Director,Travel_Rarely,1305,10,4,Life Sciences,3,Male,49,3,2,2,Single,4197,21123,2,Yes,12,3,4,0,18,2,2,1,0,0,1,220.89473684210526,0.0,2.8,1,0.594094124911709,59.41,Medium Risk
E391,43,0,Research & Development,Research Director,Travel_Rarely,982,12,3,Life Sciences,1,Male,59,2,4,2,Divorced,14336,4345,1,No,11,3,3,1,25,3,3,25,10,3,9,551.3846153846154,0.11538461538461539,2.2,0,0.05050295942152593,5.05,Low Risk
E392,40,0,Research & Development,Laboratory Technician,Travel_Rarely,555,2,3,Medical,2,Female,78,2,2,3,Married,3448,13436,6,No,22,4,2,1,20,3,3,1,0,0,0,164.1904761904762,0.0,2.4,0,0.3026520517442042,30.27,Medium Risk
E393,54,0,Research & Development,Research Director,Travel_Rarely,821,5,2,Medical,1,Male,86,3,5,1,Married,19406,8509,4,No,11,3,3,1,24,4,2,4,2,1,2,776.24,0.2,2.0,0,0.05095088889888994,5.1,Low Risk
E394,34,0,Sales,Sales Executive,Non-Travel,1381,4,4,Marketing,3,Female,72,3,2,3,Married,6538,12740,9,No,15,3,1,1,6,3,3,3,2,1,2,934.0,0.25,2.6,0,0.1701122930012266,17.01,Low Risk
E395,31,0,Research & Development,Manufacturing Director,Travel_Rarely,480,7,2,Medical,2,Female,31,3,2,1,Married,4306,4156,1,No,12,3,2,1,13,5,1,13,10,3,12,307.57142857142856,0.21428571428571427,1.8,0,0.0923552940719228,9.24,Low Risk
E396,43,0,Research & Development,Laboratory Technician,Travel_Frequently,313,21,3,Medical,4,Male,61,3,1,4,Married,2258,15238,7,No,20,4,1,1,8,1,3,3,2,1,2,250.88888888888889,0.25,3.0,0,0.6250985208648835,62.51,High Risk
E397,43,0,Research & Development,Healthcare Representative,Travel_Rarely,1473,8,4,Other,3,Female,74,3,2,3,Divorced,4522,2227,4,Yes,14,3,4,0,8,3,3,5,2,0,2,502.44444444444446,0.0,3.2,1,0.10574523100540735,10.57,Low Risk
E398,25,0,Sales,Sales Executive,Travel_Rarely,891,4,2,Life Sciences,2,Female,99,2,2,4,Single,4487,12090,1,Yes,11,3,2,0,5,3,3,5,4,1,3,747.8333333333334,0.16666666666666666,2.6,1,0.7584269428303969,75.84,High Risk
E399,37,0,Research & Development,Research Scientist,Non-Travel,1063,25,5,Medical,2,Female,72,3,2,3,Married,4449,23866,3,Yes,15,3,1,2,15,2,3,13,11,10,7,278.0625,0.7142857142857143,2.4,1,0.5336671401976212,53.37,Medium Risk
E400,31,0,Research & Development,Laboratory Technician,Travel_Rarely,329,1,2,Life Sciences,4,Male,98,2,1,1,Married,2218,16193,1,No,12,3,3,1,4,3,3,4,2,3,2,443.6,0.6,2.6,0,0.4115675076663212,41.16,Medium Risk
E401,39,0,Research & Development,Manager,Travel_Frequently,1218,1,1,Life Sciences,2,Male,52,3,5,3,Divorced,19197,8213,1,Yes,14,3,3,1,21,3,3,21,8,1,6,872.5909090909091,0.045454545454545456,2.8,1,0.1664862498671739,16.65,Low Risk
E402,56,0,Sales,Sales Executive,Travel_Frequently,906,6,3,Life Sciences,3,Female,86,4,4,1,Married,13212,18256,9,No,11,3,4,3,36,0,2,7,7,7,7,357.0810810810811,0.875,2.8,0,0.20674374236329926,20.67,Low Risk
E403,30,0,Sales,Sales Executive,Travel_Rarely,1082,12,3,Technical Degree,2,Female,83,3,2,3,Single,6577,19558,0,No,11,3,2,0,6,6,3,5,4,4,4,939.5714285714286,0.6666666666666666,2.6,0,0.5751351807655762,57.51,Medium Risk
E404,41,0,Sales,Sales Executive,Travel_Rarely,645,1,3,Marketing,2,Male,49,4,3,1,Married,8392,19566,1,No,16,3,3,1,10,2,3,10,7,0,7,762.9090909090909,0.0,2.6,0,0.13158591835126893,13.16,Low Risk
E405,28,0,Research & Development,Laboratory Technician,Travel_Rarely,1300,17,2,Medical,3,Male,79,3,2,1,Divorced,4558,13535,1,No,12,3,4,1,10,2,3,10,0,1,8,414.3636363636364,0.09090909090909091,2.8,0,0.23204527829860283,23.2,Low Risk
E406,25,1,Research & Development,Laboratory Technician,Travel_Rarely,688,3,3,Medical,1,Male,91,3,1,1,Married,4031,9396,5,No,13,3,3,1,6,5,3,2,2,0,2,575.8571428571429,0.0,2.2,0,0.6077100032577987,60.77,High Risk
E407,52,0,Research & Development,Manufacturing Director,Travel_Rarely,319,3,3,Medical,4,Male,39,2,3,3,Married,7969,19609,2,Yes,14,3,3,0,28,4,3,5,4,0,4,274.7931034482759,0.0,3.0,1,0.12577996134829528,12.58,Low Risk
E408,45,0,Research & Development,Research Scientist,Travel_Rarely,192,10,2,Life Sciences,1,Male,69,3,1,4,Married,2654,9655,3,No,21,4,4,2,8,3,2,2,2,0,2,294.8888888888889,0.0,2.8,0,0.09974495341091547,9.97,Low Risk
E409,52,0,Research & Development,Manager,Travel_Rarely,1490,4,2,Life Sciences,4,Female,30,3,4,4,Married,16555,10310,2,No,13,3,4,0,31,2,1,5,2,1,4,517.34375,0.16666666666666666,3.2,0,0.024848860424344237,2.48,Low Risk
E410,42,0,Research & Development,Research Scientist,Travel_Frequently,532,29,2,Life Sciences,1,Female,92,3,2,3,Divorced,4556,12932,2,No,11,3,2,1,19,3,3,5,4,0,2,227.8,0.0,2.4,0,0.2318795814341651,23.19,Low Risk
E411,30,0,Research & Development,Manufacturing Director,Travel_Rarely,317,2,3,Life Sciences,3,Female,43,1,2,4,Single,6091,24793,2,No,20,4,3,0,11,2,3,5,4,0,2,507.5833333333333,0.0,2.8,0,0.1522369457868484,15.22,Low Risk
E412,60,0,Research & Development,Manager,Travel_Rarely,422,7,3,Life Sciences,1,Female,41,3,5,1,Married,19566,3854,5,No,11,3,4,0,33,5,1,29,8,11,10,575.4705882352941,0.36666666666666664,2.0,0,0.5074855734362627,50.75,Medium Risk
E413,46,0,Research & Development,Manufacturing Director,Travel_Rarely,1485,18,3,Medical,3,Female,87,3,2,3,Divorced,4810,26314,2,No,14,3,3,1,19,5,2,10,7,0,8,240.5,0.0,2.8,0,0.034613618047625,3.46,Low Risk
E414,42,0,Research & Development,Healthcare Representative,Travel_Frequently,1368,28,4,Technical Degree,4,Female,88,2,2,4,Married,4523,4386,0,No,11,3,4,3,7,4,4,6,5,0,4,565.375,0.0,3.6,0,0.05283132934330627,5.28,Low Risk
E415,24,1,Sales,Sales Representative,Travel_Rarely,1448,1,1,Technical Degree,1,Female,62,3,1,2,Single,3202,21972,1,Yes,16,3,2,0,6,4,3,5,3,1,4,457.42857142857144,0.16666666666666666,2.2,1,0.9427752914907971,94.28,High Risk
E416,34,1,Sales,Sales Representative,Travel_Frequently,296,6,2,Marketing,4,Female,33,1,1,3,Divorced,2351,12253,0,No,16,3,4,1,3,3,2,2,2,1,0,587.75,0.3333333333333333,2.8,0,0.5277215679794492,52.77,Medium Risk
E417,38,0,Research & Development,Laboratory Technician,Travel_Frequently,1490,2,2,Life Sciences,4,Male,42,3,1,4,Married,1702,12106,1,Yes,23,4,3,1,1,3,3,1,0,0,0,851.0,0.0,3.4,1,0.5877457522204276,58.77,Medium Risk
E418,40,0,Sales,Manager,Travel_Rarely,1398,2,4,Life Sciences,3,Female,79,3,5,3,Married,18041,13022,0,No,14,3,4,0,21,2,3,20,15,1,12,820.0454545454545,0.047619047619047616,3.2,0,0.01787409174254049,1.79,Low Risk
E419,26,0,Research & Development,Research Scientist,Travel_Rarely,1349,23,3,Life Sciences,1,Female,90,3,1,4,Divorced,2886,3032,1,No,22,4,2,2,3,3,1,3,2,0,2,721.5,0.0,2.2,0,0.13422170378544954,13.42,Low Risk
E420,30,0,Research & Development,Laboratory Technician,Non-Travel,1400,3,3,Life Sciences,3,Male,53,3,1,4,Married,2097,16734,4,No,15,3,3,1,9,3,1,5,3,1,4,209.7,0.16666666666666666,2.8,0,0.057909914647837867,5.79,Low Risk
E421,29,0,Research & Development,Research Director,Travel_Rarely,986,3,4,Medical,2,Male,93,2,3,3,Married,11935,21526,1,No,18,3,3,0,10,2,3,10,2,0,7,1085.0,0.0,2.6,0,0.04980057133075627,4.98,Low Risk
E422,29,1,Research & Development,Research Scientist,Travel_Rarely,408,25,5,Technical Degree,3,Female,71,2,1,2,Married,2546,18300,5,No,16,3,2,0,6,2,4,2,2,1,1,363.7142857142857,0.3333333333333333,2.6,0,0.7132750697816972,71.33,High Risk
E423,19,1,Human Resources,Human Resources,Travel_Rarely,489,2,2,Technical Degree,1,Male,52,2,1,4,Single,2564,18437,1,No,12,3,3,0,1,3,4,1,0,0,0,1282.0,0.0,2.8,0,0.9103124634885684,91.03,High Risk
E424,30,0,Sales,Sales Executive,Non-Travel,1398,22,4,Other,3,Female,69,3,3,1,Married,8412,2890,0,No,11,3,3,0,10,3,3,9,8,7,8,764.7272727272727,0.7,2.6,0,0.08298151253807409,8.3,Low Risk
E425,57,0,Sales,Manager,Travel_Rarely,210,29,3,Marketing,1,Male,56,2,4,4,Divorced,14118,22102,3,No,12,3,3,1,32,3,2,1,0,0,0,427.8181818181818,0.0,2.4,0,0.16664762799495542,16.66,Low Risk
E426,50,0,Research & Development,Manager,Travel_Rarely,1099,29,4,Life Sciences,2,Male,88,2,4,3,Married,17046,9314,0,No,15,3,2,1,28,2,3,27,10,15,7,587.7931034482758,0.5357142857142857,2.4,0,0.6751638587851556,67.52,High Risk
E427,30,0,Research & Development,Laboratory Technician,Non-Travel,1116,2,3,Medical,3,Female,49,3,1,4,Single,2564,7181,0,No,14,3,3,0,12,2,2,11,7,6,7,197.23076923076923,0.5,3.0,0,0.0629545107468106,6.3,Low Risk
E428,60,0,Sales,Sales Executive,Travel_Frequently,1499,28,3,Marketing,3,Female,80,2,3,1,Married,10266,2845,4,No,19,3,4,0,22,5,4,18,13,13,11,446.3478260869565,0.6842105263157895,2.8,0,0.3867968194849308,38.68,Medium Risk
E429,47,0,Research & Development,Manufacturing Director,Travel_Rarely,983,2,2,Medical,1,Female,65,3,2,4,Divorced,5070,7389,5,No,13,3,3,3,20,2,3,5,0,0,4,241.42857142857142,0.0,2.8,0,0.053952770630657135,5.4,Low Risk
E430,46,0,Research & Development,Research Director,Travel_Rarely,1009,2,3,Life Sciences,1,Male,51,3,4,3,Married,17861,2288,6,No,13,3,3,0,26,2,1,3,2,0,1,661.5185185185185,0.0,2.2,0,0.050086263914712666,5.01,Low Risk
E431,35,0,Research & Development,Laboratory Technician,Travel_Rarely,144,22,3,Life Sciences,4,Male,46,1,1,3,Single,4230,19225,0,No,15,3,3,0,6,2,3,5,4,4,3,604.2857142857143,0.6666666666666666,2.8,0,0.653775002958589,65.38,High Risk
E432,54,0,Research & Development,Laboratory Technician,Travel_Rarely,548,8,4,Life Sciences,3,Female,42,3,2,3,Single,3780,23428,7,No,11,3,3,0,19,3,3,1,0,0,0,189.0,0.0,3.0,0,0.3896803869756976,38.97,Medium Risk
E433,34,0,Research & Development,Research Scientist,Travel_Rarely,1303,2,4,Life Sciences,4,Male,62,2,1,3,Divorced,2768,8416,3,No,12,3,3,1,14,3,3,7,3,5,7,184.53333333333333,0.625,3.0,0,0.05603532807005153,5.6,Low Risk
E434,46,0,Sales,Sales Executive,Travel_Rarely,1125,10,3,Marketing,3,Female,94,2,3,4,Married,9071,11563,2,Yes,19,3,3,1,15,3,3,3,2,1,2,566.9375,0.25,3.0,1,0.202887629361509,20.29,Low Risk
E435,31,0,Research & Development,Manufacturing Director,Travel_Rarely,1274,9,1,Life Sciences,3,Male,33,3,3,2,Divorced,10648,14394,1,No,25,4,4,1,13,6,4,13,8,0,8,760.5714285714286,0.0,3.2,0,0.02780205155176877,2.78,Low Risk
E436,33,1,Research & Development,Manager,Travel_Rarely,1277,15,1,Medical,2,Male,56,3,3,3,Married,13610,24619,7,Yes,12,3,4,0,15,2,4,7,6,7,7,850.625,0.875,3.2,1,0.5059657316628549,50.6,Medium Risk
E437,33,1,Research & Development,Laboratory Technician,Travel_Rarely,587,10,1,Medical,1,Male,38,1,1,4,Divorced,3408,6705,7,No,13,3,1,3,8,2,3,4,3,1,3,378.6666666666667,0.2,2.0,0,0.614155548151939,61.42,High Risk
E438,30,0,Sales,Sales Representative,Travel_Rarely,413,7,1,Marketing,4,Male,57,3,1,2,Single,2983,18398,0,No,14,3,1,0,4,3,3,3,2,1,2,596.6,0.25,2.6,0,0.7001672341536945,70.02,High Risk
E439,35,0,Research & Development,Healthcare Representative,Travel_Rarely,1276,16,3,Life Sciences,4,Male,72,3,3,3,Married,7632,14295,4,Yes,12,3,3,0,10,2,3,8,7,0,0,693.8181818181819,0.0,3.2,1,0.29580094286944897,29.58,Low Risk
E440,31,1,Research & Development,Healthcare Representative,Travel_Frequently,534,20,3,Life Sciences,1,Male,66,3,3,3,Married,9824,22908,3,No,12,3,1,0,12,2,3,1,0,0,0,755.6923076923077,0.0,2.2,0,0.5473406951684989,54.73,Medium Risk
E441,34,1,Human Resources,Human Resources,Travel_Frequently,988,23,3,Human Resources,2,Female,43,3,3,1,Divorced,9950,11533,9,Yes,15,3,3,3,11,2,3,3,2,0,2,829.1666666666666,0.0,2.4,1,0.9554385442538627,95.54,High Risk
E442,42,0,Research & Development,Laboratory Technician,Travel_Frequently,1474,5,2,Other,2,Male,97,3,1,3,Married,2093,9260,4,No,17,3,4,1,8,4,3,2,2,2,0,232.55555555555554,0.6666666666666666,3.0,0,0.2555950911443475,25.56,Low Risk
E443,36,0,Sales,Sales Executive,Non-Travel,635,10,4,Medical,2,Male,32,3,3,4,Single,9980,15318,1,No,14,3,4,0,10,3,2,10,3,9,7,907.2727272727273,0.8181818181818182,3.0,0,0.2506005333325241,25.06,Low Risk
E444,22,1,Research & Development,Laboratory Technician,Travel_Frequently,1368,4,1,Technical Degree,3,Male,99,2,1,3,Single,3894,9129,5,No,16,3,3,0,4,3,3,2,2,1,2,778.8,0.3333333333333333,2.8,0,0.9056177781152926,90.56,High Risk
E445,48,0,Sales,Sales Executive,Travel_Rarely,163,2,5,Marketing,2,Female,37,3,2,4,Married,4051,19658,2,No,14,3,1,1,14,2,3,9,7,6,7,270.06666666666666,0.6,2.6,0,0.16202399571270587,16.2,Low Risk
E446,55,0,Sales,Manager,Travel_Rarely,1117,18,5,Life Sciences,1,Female,83,3,4,2,Single,16835,9873,3,No,23,4,4,0,37,2,3,10,9,7,7,443.0263157894737,0.6363636363636364,2.6,0,0.0759059321346623,7.59,Low Risk
E447,41,0,Sales,Sales Executive,Non-Travel,267,10,2,Life Sciences,4,Male,56,3,2,4,Single,6230,13430,7,No,14,3,4,0,16,3,3,14,3,1,10,366.47058823529414,0.06666666666666667,3.6,0,0.06835321563429039,6.84,Low Risk
E448,35,0,Sales,Sales Executive,Travel_Rarely,619,1,3,Marketing,2,Male,85,3,2,3,Married,4717,18659,9,No,11,3,3,0,15,2,3,11,9,6,9,294.8125,0.5,2.8,0,0.5081841428080848,50.82,Medium Risk
E449,40,0,Research & Development,Manufacturing Director,Travel_Rarely,302,6,3,Life Sciences,2,Female,75,3,4,3,Single,13237,20364,7,No,15,3,3,0,22,3,3,20,6,5,13,575.5217391304348,0.23809523809523808,2.8,0,0.29344204383982386,29.34,Low Risk
E450,39,0,Research & Development,Laboratory Technician,Travel_Frequently,443,8,1,Life Sciences,3,Female,48,3,1,3,Married,3755,17872,1,No,11,3,1,1,8,3,3,8,3,0,7,417.22222222222223,0.0,2.6,0,0.23234989378939247,23.23,Low Risk
E451,31,0,Sales,Sales Executive,Travel_Rarely,828,2,1,Life Sciences,2,Male,77,3,2,4,Single,6582,8346,4,Yes,13,3,3,0,10,2,4,6,5,0,5,598.3636363636364,0.0,3.2,1,0.5459039277515314,54.59,Medium Risk
E452,42,0,Research & Development,Manufacturing Director,Travel_Rarely,319,24,3,Medical,4,Male,56,3,3,1,Married,7406,6950,1,Yes,21,4,4,1,10,5,2,10,9,5,8,673.2727272727273,0.45454545454545453,2.8,1,0.3133446842692854,31.33,Medium Risk
E453,45,0,Sales,Sales Executive,Travel_Rarely,561,2,3,Other,4,Male,61,3,2,2,Married,4805,16177,0,No,19,3,2,1,9,3,4,8,7,3,7,480.5,0.3333333333333333,3.0,0,0.049807111374158906,4.98,Low Risk
E454,26,1,Human Resources,Human Resources,Travel_Frequently,426,17,4,Life Sciences,2,Female,58,3,1,3,Divorced,2741,22808,0,Yes,11,3,2,1,8,2,2,7,7,1,0,304.55555555555554,0.125,2.4,1,0.7687314753411819,76.87,High Risk
E455,29,0,Research & Development,Manufacturing Director,Travel_Rarely,232,19,3,Technical Degree,4,Male,34,3,2,4,Divorced,4262,22645,4,No,12,3,2,2,8,2,4,3,2,1,2,473.55555555555554,0.25,3.4,0,0.1901827454926189,19.02,Low Risk
E456,33,0,Research & Development,Research Director,Travel_Rarely,922,1,5,Medical,1,Female,95,4,4,3,Divorced,16184,22578,4,No,19,3,3,1,10,2,3,6,1,0,5,1471.2727272727273,0.0,2.8,0,0.03476002965437018,3.48,Low Risk
E457,31,0,Sales,Manager,Travel_Rarely,688,7,3,Life Sciences,3,Male,44,2,3,4,Divorced,11557,25291,9,No,21,4,3,1,10,3,2,5,4,0,1,1050.6363636363637,0.0,2.8,0,0.1633834634184918,16.34,Low Risk
E458,18,1,Sales,Sales Representative,Travel_Frequently,1306,5,3,Marketing,2,Male,69,3,1,2,Single,1878,8059,1,Yes,14,3,4,0,0,3,3,0,0,0,0,1878.0,0.0,2.8,1,0.9898647112932082,98.99,High Risk
E459,40,0,Sales,Sales Executive,Non-Travel,1094,28,3,Other,3,Male,58,1,3,1,Divorced,10932,11373,3,No,15,3,3,1,20,2,3,1,0,0,1,520.5714285714286,0.0,2.2,0,0.1640934390290354,16.41,Low Risk
E460,41,0,Research & Development,Healthcare Representative,Non-Travel,509,2,4,Other,1,Female,62,2,2,3,Single,6811,2112,2,Yes,17,3,1,0,10,3,3,8,7,0,7,619.1818181818181,0.0,2.0,1,0.1550374942771908,15.5,Low Risk
E461,26,0,Sales,Sales Executive,Travel_Rarely,775,29,2,Medical,1,Male,45,3,2,3,Divorced,4306,4267,5,No,12,3,1,2,8,5,3,0,0,0,0,478.44444444444446,0.0,2.2,0,0.5770564513650002,57.71,Medium Risk
E462,35,0,Sales,Sales Executive,Travel_Rarely,195,1,3,Medical,1,Female,80,3,2,3,Single,4859,6698,1,No,16,3,4,0,5,3,3,5,4,0,3,809.8333333333334,0.0,2.8,0,0.2455382596352737,24.55,Low Risk
E463,34,0,Sales,Sales Executive,Travel_Rarely,258,21,4,Life Sciences,4,Male,74,4,2,4,Single,5337,19921,1,No,12,3,4,0,10,3,3,10,7,5,7,485.1818181818182,0.45454545454545453,3.8,0,0.11221558675220884,11.22,Low Risk
E464,26,1,Research & Development,Laboratory Technician,Travel_Rarely,471,24,3,Technical Degree,3,Male,66,1,1,4,Single,2340,23213,1,Yes,18,3,2,0,1,3,1,1,0,0,0,1170.0,0.0,2.2,1,0.9844865570494782,98.45,High Risk
E465,37,0,Research & Development,Manufacturing Director,Travel_Rarely,799,1,3,Technical Degree,2,Female,59,3,3,4,Single,7491,23848,4,No,17,3,4,0,12,3,4,6,5,1,2,576.2307692307693,0.14285714285714285,3.4,0,0.1747670227976309,17.48,Low Risk
E466,46,0,Research & Development,Healthcare Representative,Travel_Frequently,1034,18,1,Medical,1,Female,86,3,3,3,Married,10527,8984,5,No,11,3,4,0,28,3,2,2,2,1,2,363.0,0.3333333333333333,2.6,0,0.13386103152256731,13.39,Low Risk
E467,41,0,Sales,Manager,Travel_Rarely,1276,2,5,Life Sciences,2,Female,91,3,4,1,Married,16595,5626,7,No,16,3,2,1,22,2,3,18,16,11,8,721.5217391304348,0.5789473684210527,2.2,0,0.1579344976457734,15.79,Low Risk
E468,37,0,Sales,Sales Executive,Non-Travel,142,9,4,Medical,1,Male,69,3,3,2,Divorced,8834,24666,1,No,13,3,4,1,9,6,3,9,5,7,7,883.4,0.7,2.6,0,0.09413752350755528,9.41,Low Risk
E469,52,0,Research & Development,Research Scientist,Travel_Rarely,956,6,2,Technical Degree,4,Male,78,3,2,1,Divorced,5577,22087,3,Yes,12,3,2,2,18,3,3,10,9,6,9,293.5263157894737,0.5454545454545454,2.6,1,0.36037421753277216,36.04,Medium Risk
E470,32,1,Sales,Sales Executive,Non-Travel,1474,11,4,Other,4,Male,60,4,2,3,Married,4707,23914,8,No,12,3,4,0,6,2,3,4,2,1,2,672.4285714285714,0.2,3.6,0,0.09751520093421744,9.75,Low Risk
E471,24,0,Sales,Sales Representative,Travel_Frequently,535,24,3,Medical,4,Male,38,3,1,4,Married,2400,5530,0,No,13,3,3,2,3,3,3,2,2,2,1,600.0,0.6666666666666666,3.4,0,0.4972803245796871,49.73,Medium Risk
E472,38,0,Research & Development,Healthcare Representative,Travel_Rarely,1495,10,3,Medical,3,Female,76,3,2,3,Married,9824,22174,3,No,19,3,3,1,18,4,3,1,0,0,0,517.0526315789474,0.0,3.0,0,0.03255985592439656,3.26,Low Risk
E473,37,0,Research & Development,Manufacturing Director,Travel_Rarely,446,1,4,Life Sciences,2,Female,65,3,2,2,Married,6447,15701,6,No,12,3,2,1,8,2,2,6,5,4,3,716.3333333333334,0.5714285714285714,2.2,0,0.3522192761687771,35.22,Medium Risk
E474,49,0,Research & Development,Research Director,Travel_Rarely,1245,18,4,Life Sciences,4,Male,58,2,5,3,Divorced,19502,2125,1,Yes,17,3,3,1,31,5,3,31,9,0,9,609.4375,0.0,3.0,1,0.03163122293527995,3.16,Low Risk
E475,24,0,Research & Development,Research Scientist,Travel_Rarely,691,23,3,Medical,2,Male,89,4,1,4,Married,2725,21630,1,Yes,11,3,2,2,6,3,3,6,5,1,4,389.2857142857143,0.14285714285714285,3.0,1,0.40201843291595746,40.2,Medium Risk
E476,26,0,Sales,Sales Executive,Travel_Rarely,703,28,2,Marketing,1,Male,66,3,2,2,Married,6272,7428,1,No,20,4,4,2,6,5,4,5,3,1,4,896.0,0.16666666666666666,2.8,0,0.2850782100098797,28.51,Low Risk
E477,24,0,Research & Development,Laboratory Technician,Travel_Rarely,823,17,2,Other,4,Male,94,2,1,2,Married,2127,9100,1,No,21,4,4,1,1,2,3,1,0,0,0,1063.5,0.0,3.0,0,0.5893072411763439,58.93,Medium Risk
E478,50,0,Human Resources,Manager,Travel_Frequently,1246,3,3,Medical,1,Male,99,3,5,2,Married,18200,7999,1,No,11,3,3,1,32,2,3,32,5,10,7,551.5151515151515,0.30303030303030304,2.4,0,0.5062816662422265,50.63,Medium Risk
E479,25,0,Sales,Sales Representative,Travel_Rarely,622,13,1,Medical,2,Male,40,3,1,3,Married,2096,26376,1,No,11,3,3,0,7,1,3,7,4,0,6,262.0,0.0,2.8,0,0.5898103946802705,58.98,Medium Risk
E480,24,1,Research & Development,Laboratory Technician,Travel_Frequently,1287,7,3,Life Sciences,1,Female,55,3,1,3,Married,2886,14168,1,Yes,16,3,4,1,6,4,3,6,3,1,2,412.2857142857143,0.14285714285714285,2.8,1,0.7305139050326444,73.05,High Risk
E481,30,1,Sales,Sales Representative,Travel_Frequently,448,12,4,Life Sciences,2,Male,74,2,1,1,Married,2033,14470,1,No,18,3,3,1,1,2,4,1,0,0,0,1016.5,0.0,2.4,0,0.926295921952195,92.63,High Risk
E482,34,0,Research & Development,Research Scientist,Travel_Rarely,254,1,2,Life Sciences,2,Male,83,2,1,4,Married,3622,22794,1,Yes,13,3,4,1,6,3,3,6,5,1,3,517.4285714285714,0.14285714285714285,3.0,1,0.30506376799517315,30.51,Medium Risk
E483,31,1,Sales,Sales Executive,Travel_Rarely,1365,13,4,Medical,2,Male,46,3,2,1,Divorced,4233,11512,2,No,17,3,3,0,9,2,1,3,1,1,2,423.3,0.25,2.0,0,0.47308590590429306,47.31,Medium Risk
E484,35,0,Research & Development,Laboratory Technician,Travel_Rarely,538,25,2,Other,1,Male,54,2,2,4,Single,3681,14004,4,No,14,3,4,0,9,3,3,3,2,0,2,368.1,0.0,2.8,0,0.7915191696200801,79.15,High Risk
E485,31,0,Sales,Sales Executive,Travel_Rarely,525,6,4,Medical,1,Male,66,4,2,4,Divorced,5460,6219,4,No,22,4,4,2,13,4,4,7,7,5,7,390.0,0.625,3.4,0,0.043540055887739466,4.35,Low Risk
E486,27,0,Research & Development,Research Scientist,Travel_Rarely,798,6,4,Medical,1,Female,66,2,1,3,Divorced,2187,5013,0,No,12,3,3,2,6,5,2,5,3,0,3,312.42857142857144,0.0,2.2,0,0.07186143678009824,7.19,Low Risk
E487,37,0,Sales,Sales Executive,Travel_Rarely,558,2,3,Marketing,4,Male,75,3,2,3,Married,9602,3010,4,Yes,11,3,3,1,17,3,2,3,0,1,0,533.4444444444445,0.25,3.0,1,0.6229079147144406,62.29,High Risk
E488,20,0,Research & Development,Research Scientist,Travel_Rarely,959,1,3,Life Sciences,4,Female,83,2,1,2,Single,2836,11757,1,No,13,3,4,0,1,0,4,1,0,0,0,1418.0,0.0,3.2,0,0.4499077815365542,44.99,Medium Risk
E489,42,0,Research & Development,Healthcare Representative,Travel_Rarely,622,2,4,Life Sciences,3,Female,81,3,2,4,Married,4089,5718,1,No,13,3,2,2,10,4,3,10,2,2,2,371.72727272727275,0.18181818181818182,3.0,0,0.038240515461830035,3.82,Low Risk
E490,43,0,Research & Development,Research Director,Travel_Rarely,782,6,4,Other,2,Male,50,2,4,4,Divorced,16627,2671,4,Yes,14,3,3,1,21,3,2,1,0,0,0,755.7727272727273,0.0,2.6,1,0.08157315308487201,8.16,Low Risk
E491,38,0,Research & Development,Research Scientist,Travel_Rarely,362,1,1,Life Sciences,3,Female,43,3,1,1,Single,2619,14561,3,No,17,3,4,0,8,3,2,0,0,0,0,291.0,0.0,2.6,0,0.2395449333614503,23.95,Low Risk
E492,43,0,Research & Development,Laboratory Technician,Travel_Frequently,1001,9,5,Medical,4,Male,72,3,2,3,Divorced,5679,19627,3,Yes,13,3,2,1,10,3,3,8,7,4,7,516.2727272727273,0.4444444444444444,3.0,1,0.5391569976719887,53.92,Medium Risk
E493,48,0,Research & Development,Manager,Travel_Rarely,1236,1,4,Life Sciences,4,Female,40,2,4,1,Married,15402,17997,7,No,11,3,1,1,21,3,1,3,2,0,2,700.0909090909091,0.0,1.8,0,0.1164460420779978,11.64,Low Risk
E494,44,0,Human Resources,Human Resources,Travel_Rarely,1112,1,4,Life Sciences,1,Female,50,2,2,3,Single,5985,26894,4,No,11,3,2,0,10,1,4,2,2,0,2,544.0909090909091,0.0,2.4,0,0.46334306627653227,46.33,Medium Risk
E495,34,0,Sales,Sales Representative,Travel_Rarely,204,14,3,Technical Degree,3,Female,31,3,1,3,Divorced,2579,2912,1,Yes,18,3,4,2,8,3,3,8,2,0,6,286.55555555555554,0.0,3.2,1,0.5700789192613539,57.01,Medium Risk
E496,27,1,Sales,Sales Representative,Travel_Rarely,1420,2,1,Marketing,3,Male,85,3,1,1,Divorced,3041,16346,0,No,11,3,2,1,5,3,3,4,3,0,2,506.8333333333333,0.0,2.4,0,0.309024599610773,30.9,Medium Risk
E497,21,0,Sales,Sales Representative,Travel_Rarely,1343,22,1,Technical Degree,3,Male,49,3,1,3,Single,3447,24444,1,No,11,3,3,0,3,2,3,3,2,1,2,861.75,0.25,3.0,0,0.9265854243981226,92.66,High Risk
E498,44,0,Research & Development,Manager,Travel_Rarely,1315,3,4,Other,4,Male,35,3,5,4,Married,19513,9358,4,Yes,12,3,1,1,26,2,4,2,2,0,1,722.7037037037037,0.0,3.2,1,0.06308136022743444,6.31,Low Risk
E499,22,0,Research & Development,Research Scientist,Travel_Rarely,604,6,1,Medical,1,Male,69,3,1,3,Married,2773,12145,0,No,20,4,4,0,3,3,3,2,2,2,2,693.25,0.6666666666666666,2.8,0,0.19028607011613297,19.03,Low Risk
E500,33,0,Sales,Sales Executive,Travel_Rarely,1216,8,4,Marketing,3,Male,39,3,2,3,Divorced,7104,20431,0,No,12,3,4,0,6,3,3,5,0,1,2,1014.8571428571429,0.16666666666666666,3.2,0,0.16282307790413425,16.28,Low Risk
E501,32,0,Research & Development,Research Scientist,Travel_Rarely,646,9,4,Life Sciences,1,Female,92,3,2,4,Married,6322,18089,1,Yes,12,3,4,1,6,2,2,6,4,0,5,903.1428571428571,0.0,2.8,1,0.3633797053308155,36.34,Medium Risk
E502,30,0,Research & Development,Research Scientist,Travel_Frequently,160,3,3,Medical,3,Female,71,3,1,3,Divorced,2083,22653,1,No,20,4,3,1,1,2,3,1,0,0,0,1041.5,0.0,3.0,0,0.2158165159149001,21.58,Low Risk
E503,53,0,Sales,Sales Executive,Travel_Rarely,238,1,1,Medical,4,Female,34,3,2,1,Single,8381,7507,7,No,20,4,4,0,18,2,4,14,7,8,10,441.10526315789474,0.5333333333333333,3.2,0,0.2814408073779196,28.14,Low Risk
E504,34,0,Research & Development,Research Scientist,Travel_Rarely,1397,1,5,Life Sciences,2,Male,42,3,1,4,Married,2691,7660,1,No,12,3,4,1,10,4,2,10,9,8,8,244.63636363636363,0.7272727272727273,3.0,0,0.05957197116796959,5.96,Low Risk
E505,45,1,Sales,Sales Executive,Travel_Frequently,306,26,4,Life Sciences,1,Female,100,3,2,1,Married,4286,5630,2,No,14,3,4,2,5,4,3,1,1,0,0,714.3333333333334,0.0,2.4,0,0.6761216567463569,67.61,High Risk
E506,26,0,Research & Development,Laboratory Technician,Travel_Rarely,991,6,3,Life Sciences,3,Female,71,3,1,4,Married,2659,17759,1,Yes,13,3,3,1,3,2,3,3,2,0,2,664.75,0.0,3.2,1,0.43802880111273157,43.8,Medium Risk
E507,37,0,Research & Development,Manufacturing Director,Travel_Rarely,482,3,3,Other,3,Male,36,3,3,3,Married,9434,9606,1,No,15,3,3,1,10,2,3,10,7,7,8,857.6363636363636,0.6363636363636364,3.0,0,0.10000637180274317,10.0,Low Risk
E508,29,0,Sales,Sales Executive,Travel_Rarely,1176,3,2,Medical,2,Female,62,3,2,3,Married,5561,3487,1,No,14,3,1,1,6,5,2,6,0,1,2,794.4285714285714,0.14285714285714285,2.2,0,0.2815139531180869,28.15,Low Risk
E509,35,0,Research & Development,Research Scientist,Travel_Rarely,1017,6,4,Life Sciences,2,Male,82,1,2,4,Single,6646,19368,1,No,13,3,2,0,17,3,3,17,11,11,8,369.22222222222223,0.6111111111111112,2.4,0,0.6054250808978583,60.54,High Risk
E510,33,0,Research & Development,Healthcare Representative,Travel_Frequently,1296,6,3,Life Sciences,3,Male,30,3,2,4,Divorced,7725,5335,3,No,23,4,3,1,15,2,1,13,11,4,7,482.8125,0.2857142857142857,2.8,0,0.05217062734964161,5.22,Low Risk
E511,54,0,Human Resources,Human Resources,Travel_Rarely,397,19,4,Medical,3,Male,88,3,3,2,Married,10725,6729,2,No,15,3,3,1,16,1,4,9,7,7,1,630.8823529411765,0.7,3.0,0,0.26411016691127803,26.41,Low Risk
E512,36,0,Research & Development,Manufacturing Director,Travel_Rarely,913,9,2,Medical,2,Male,48,2,2,2,Divorced,8847,13934,2,Yes,11,3,3,1,13,2,3,3,2,0,2,631.9285714285714,0.0,2.4,1,0.5019210014425904,50.19,Medium Risk
E513,27,0,Research & Development,Research Scientist,Travel_Rarely,1115,3,4,Medical,1,Male,54,2,1,4,Single,2045,15174,0,No,13,3,4,0,5,0,3,4,2,1,1,340.8333333333333,0.2,2.8,0,0.4512325232173568,45.12,Medium Risk
E514,20,1,Research & Development,Research Scientist,Travel_Rarely,1362,10,1,Medical,4,Male,32,3,1,3,Single,1009,26999,1,Yes,11,3,4,0,1,5,3,1,0,1,1,504.5,0.5,3.4,1,0.4743656380364297,47.44,Medium Risk
E515,33,1,Research & Development,Research Scientist,Travel_Frequently,1076,3,3,Life Sciences,1,Male,70,3,1,1,Single,3348,3164,1,Yes,11,3,1,0,10,3,3,10,8,9,7,304.3636363636364,0.8181818181818182,1.8,1,0.9456282021967055,94.56,High Risk
E516,35,0,Research & Development,Laboratory Technician,Non-Travel,727,3,3,Life Sciences,3,Male,41,2,1,3,Married,1281,16900,1,No,18,3,3,2,1,3,3,1,0,0,0,640.5,0.0,2.8,0,0.09359427941068942,9.36,Low Risk
E517,23,0,Research & Development,Research Scientist,Travel_Rarely,885,4,3,Medical,1,Male,58,4,1,1,Married,2819,8544,2,No,16,3,1,1,5,3,4,3,2,0,2,469.8333333333333,0.0,2.2,0,0.26552230463802096,26.55,Low Risk
E518,25,0,Sales,Sales Executive,Travel_Rarely,810,8,3,Life Sciences,4,Male,57,4,2,2,Married,4851,15678,0,No,22,4,3,1,4,4,3,3,2,1,2,970.2,0.25,3.2,0,0.08719749748031874,8.72,Low Risk
E519,38,0,Sales,Sales Executive,Travel_Rarely,243,7,4,Marketing,4,Female,46,2,2,4,Single,4028,7791,0,No,20,4,1,0,8,2,3,7,7,0,5,447.55555555555554,0.0,2.8,0,0.11843400695062456,11.84,Low Risk
E520,29,0,Research & Development,Research Scientist,Travel_Frequently,806,1,4,Life Sciences,2,Male,76,1,1,4,Divorced,2720,18959,1,No,18,3,4,1,10,5,3,10,7,2,8,247.27272727272728,0.18181818181818182,2.8,0,0.059300334252897734,5.93,Low Risk
E521,48,0,Sales,Sales Executive,Travel_Rarely,817,2,1,Marketing,2,Male,56,4,2,2,Married,8120,18597,3,No,12,3,4,0,12,3,3,2,2,2,2,624.6153846153846,0.6666666666666666,3.0,0,0.1347070007778108,13.47,Low Risk
E522,27,0,Sales,Sales Executive,Travel_Frequently,1410,3,1,Medical,4,Female,71,4,2,4,Divorced,4647,16673,1,Yes,20,4,2,2,6,3,3,6,5,0,4,663.8571428571429,0.0,3.4,1,0.0950333003372276,9.5,Low Risk
E523,37,0,Research & Development,Research Scientist,Travel_Rarely,1225,10,2,Life Sciences,4,Male,80,4,1,4,Single,4680,15232,3,No,17,3,1,0,4,2,3,1,0,0,0,936.0,0.0,3.2,0,0.16856737588497456,16.86,Low Risk
E524,50,0,Research & Development,Laboratory Technician,Travel_Rarely,1207,28,1,Medical,4,Male,74,4,1,3,Married,3221,3297,1,Yes,11,3,3,3,20,3,3,20,8,3,8,153.38095238095238,0.14285714285714285,3.4,1,0.30656609454794054,30.66,Medium Risk
E525,34,0,Research & Development,Healthcare Representative,Travel_Rarely,1442,9,3,Medical,4,Female,46,2,3,2,Single,8621,17654,1,No,14,3,2,0,9,3,4,8,7,7,7,862.1,0.7777777777777778,2.8,0,0.10007378095559978,10.01,Low Risk
E526,24,1,Sales,Sales Executive,Travel_Rarely,693,3,2,Life Sciences,1,Female,65,3,2,3,Single,4577,24785,9,No,14,3,1,0,4,3,3,2,2,2,0,915.4,0.6666666666666666,2.2,0,0.8883883021071329,88.84,High Risk
E527,39,0,Research & Development,Healthcare Representative,Travel_Rarely,408,2,4,Technical Degree,4,Female,80,2,2,3,Single,4553,20978,1,No,11,3,1,0,20,4,3,20,7,11,10,216.8095238095238,0.5238095238095238,2.6,0,0.5895533121650534,58.96,Medium Risk
E528,32,0,Sales,Sales Executive,Travel_Rarely,929,10,3,Marketing,4,Male,55,3,2,4,Single,5396,21703,1,No,12,3,4,0,10,2,2,10,7,0,8,490.54545454545456,0.0,3.4,0,0.10312971399159711,10.31,Low Risk
E529,50,1,Sales,Sales Executive,Travel_Frequently,562,8,2,Technical Degree,2,Male,50,3,2,3,Married,6796,23452,3,Yes,14,3,1,1,18,4,3,4,3,1,3,357.6842105263158,0.2,2.4,1,0.8890120527687507,88.9,High Risk
E530,38,0,Research & Development,Healthcare Representative,Travel_Rarely,827,1,4,Life Sciences,2,Female,33,4,2,4,Single,7625,19383,0,No,13,3,3,0,10,4,2,9,7,1,8,693.1818181818181,0.1,3.0,0,0.034080952480772905,3.41,Low Risk
E531,27,0,Research & Development,Manufacturing Director,Travel_Rarely,608,1,2,Life Sciences,3,Female,68,3,3,1,Married,7412,6009,1,No,11,3,4,0,9,3,3,9,7,0,7,741.2,0.0,2.8,0,0.05707442654466134,5.71,Low Risk
E532,32,0,Research & Development,Research Director,Travel_Rarely,1018,3,2,Life Sciences,3,Female,39,3,3,4,Single,11159,19373,3,No,15,3,4,0,10,6,3,7,7,7,7,1014.4545454545455,0.875,3.4,0,0.025047973487408785,2.5,Low Risk
E533,47,0,Sales,Sales Executive,Travel_Rarely,703,14,4,Marketing,4,Male,42,3,2,1,Single,4960,11825,2,No,12,3,4,0,20,2,3,7,7,1,7,236.1904761904762,0.125,3.0,0,0.1580274620159868,15.8,Low Risk
E534,40,0,Sales,Sales Executive,Travel_Frequently,580,5,4,Life Sciences,4,Male,48,2,3,1,Married,10475,23772,5,Yes,21,4,3,1,20,2,3,18,13,1,12,498.8095238095238,0.05263157894736842,2.6,1,0.5412365292086702,54.12,Medium Risk
E535,53,0,Research & Development,Research Director,Travel_Rarely,970,7,3,Life Sciences,3,Male,59,4,4,3,Married,14814,13514,3,No,19,3,3,0,32,3,3,5,1,1,3,448.90909090909093,0.16666666666666666,3.2,0,0.020300835995510996,2.03,Low Risk
E536,41,0,Human Resources,Manager,Travel_Rarely,427,10,4,Human Resources,2,Male,73,2,5,4,Divorced,19141,8861,3,No,15,3,2,3,23,2,2,21,6,12,6,797.5416666666666,0.5454545454545454,2.4,0,0.38578896385159195,38.58,Medium Risk
E537,60,0,Sales,Sales Executive,Travel_Rarely,1179,16,4,Marketing,1,Male,84,3,2,1,Single,5405,11924,8,No,14,3,4,0,10,1,3,2,2,2,2,491.3636363636364,0.6666666666666666,2.4,0,0.861982429018476,86.2,High Risk
E538,27,0,Research & Development,Manufacturing Director,Travel_Frequently,294,10,2,Life Sciences,4,Male,32,3,3,1,Divorced,8793,4809,1,No,21,4,3,2,9,4,2,9,7,1,7,879.3,0.1,2.6,0,0.08611552494931458,8.61,Low Risk
E539,41,0,Human Resources,Manager,Travel_Rarely,314,1,3,Human Resources,4,Male,59,2,5,3,Married,19189,19562,1,No,12,3,2,1,22,3,3,22,7,2,10,834.304347826087,0.08695652173913043,2.8,0,0.04620049922225173,4.62,Low Risk
E540,50,0,Sales,Sales Representative,Travel_Rarely,316,8,4,Marketing,4,Male,54,3,1,2,Married,3875,9983,7,No,15,3,4,1,4,2,3,2,2,2,2,775.0,0.6666666666666666,3.2,0,0.6623075611045619,66.23,High Risk
E541,28,1,Research & Development,Research Scientist,Travel_Rarely,654,1,2,Life Sciences,1,Female,67,1,1,2,Single,2216,3872,7,Yes,13,3,4,0,10,4,3,7,7,3,7,201.45454545454547,0.375,2.2,1,0.8467463751620694,84.67,High Risk
E542,36,0,Research & Development,Research Director,Non-Travel,427,8,3,Life Sciences,1,Female,63,4,3,1,Married,11713,20335,9,No,14,3,1,1,10,2,3,8,7,0,5,1064.8181818181818,0.0,2.0,0,0.05360718950994432,5.36,Low Risk
E543,38,0,Research & Development,Manufacturing Director,Travel_Rarely,168,1,3,Life Sciences,3,Female,81,3,3,3,Single,7861,15397,4,Yes,14,3,4,0,10,4,4,1,0,0,0,714.6363636363636,0.0,3.4,1,0.33224757199661886,33.22,Medium Risk
E544,44,0,Research & Development,Laboratory Technician,Non-Travel,381,24,3,Medical,1,Male,49,1,1,3,Single,3708,2104,2,No,14,3,3,0,9,5,3,5,2,1,4,370.8,0.16666666666666666,2.2,0,0.5403431351905308,54.03,Medium Risk
E545,47,0,Sales,Sales Executive,Travel_Frequently,217,3,3,Medical,4,Female,49,3,4,3,Divorced,13770,10225,9,Yes,12,3,4,2,28,2,2,22,2,11,13,474.82758620689657,0.4782608695652174,3.2,1,0.8941928510943884,89.42,High Risk
E546,30,0,Sales,Sales Executive,Travel_Rarely,501,27,5,Marketing,3,Male,99,3,2,4,Divorced,5304,25275,7,No,23,4,4,1,10,2,2,8,7,7,7,482.1818181818182,0.7777777777777778,3.2,0,0.32840128779436023,32.84,Medium Risk
E547,29,0,Sales,Sales Representative,Travel_Rarely,1396,10,3,Life Sciences,3,Male,99,3,1,3,Single,2642,2755,1,No,11,3,3,0,1,6,3,1,0,0,0,1321.0,0.0,3.0,0,0.6590141314493534,65.9,High Risk
E548,42,1,Research & Development,Research Scientist,Travel_Frequently,933,19,3,Medical,3,Male,57,4,1,3,Divorced,2759,20366,6,Yes,12,3,4,0,7,2,3,2,2,2,2,344.875,0.6666666666666666,3.4,1,0.5623019168533847,56.23,Medium Risk
E549,43,0,Sales,Sales Executive,Travel_Frequently,775,15,3,Life Sciences,4,Male,47,2,2,4,Married,6804,23683,3,No,18,3,3,1,7,5,3,2,2,2,2,850.5,0.6666666666666666,3.2,0,0.15846809811023677,15.85,Low Risk
E550,34,0,Research & Development,Healthcare Representative,Travel_Rarely,970,8,2,Medical,2,Female,96,3,2,3,Single,6142,7360,3,No,11,3,4,0,10,2,3,5,1,4,3,558.3636363636364,0.6666666666666666,3.0,0,0.1965602425542466,19.66,Low Risk
E551,23,0,Research & Development,Laboratory Technician,Travel_Rarely,650,9,1,Medical,2,Male,37,3,1,1,Married,2500,4344,1,No,14,3,4,1,5,2,4,4,3,0,2,416.6666666666667,0.0,2.8,0,0.32332163032013517,32.33,Medium Risk
E552,39,0,Human Resources,Human Resources,Travel_Rarely,141,3,3,Human Resources,3,Female,44,4,2,2,Married,6389,18767,9,No,15,3,3,1,12,3,1,8,3,3,6,491.46153846153845,0.3333333333333333,2.6,0,0.6419749230278282,64.2,High Risk
E553,56,0,Research & Development,Healthcare Representative,Travel_Rarely,832,9,3,Medical,3,Male,81,3,4,4,Married,11103,20420,7,No,11,3,3,0,30,1,2,10,7,1,1,358.16129032258067,0.09090909090909091,3.0,0,0.10585746382392028,10.59,Low Risk
E554,40,0,Research & Development,Research Scientist,Travel_Rarely,804,2,1,Medical,4,Female,86,2,1,4,Single,2342,22929,0,Yes,20,4,4,0,5,2,2,4,2,2,3,390.3333333333333,0.4,3.2,1,0.31050172088819544,31.05,Medium Risk
E555,27,0,Research & Development,Healthcare Representative,Travel_Rarely,975,7,3,Medical,4,Female,55,2,2,1,Single,6811,23398,8,No,19,3,1,0,9,2,1,7,6,0,7,681.1,0.0,1.8,0,0.37473221808438706,37.47,Medium Risk
E556,29,0,Sales,Sales Representative,Travel_Rarely,1090,10,3,Marketing,4,Male,83,3,1,2,Divorced,2297,17967,1,No,14,3,4,2,2,2,3,2,2,2,2,765.6666666666666,0.6666666666666666,3.2,0,0.20211408764472963,20.21,Low Risk
E557,53,0,Research & Development,Laboratory Technician,Travel_Rarely,346,6,3,Life Sciences,4,Male,86,3,2,4,Single,2450,10919,2,No,17,3,4,0,19,4,3,2,2,2,2,122.5,0.6666666666666666,3.6,0,0.06776774125689576,6.78,Low Risk
E558,35,0,Research & Development,Healthcare Representative,Non-Travel,1225,2,4,Life Sciences,4,Female,61,3,2,1,Divorced,5093,4761,2,No,11,3,1,1,16,2,4,1,0,0,0,299.5882352941176,0.0,2.6,0,0.02192688949594005,2.19,Low Risk
E559,32,0,Research & Development,Laboratory Technician,Travel_Frequently,430,24,4,Life Sciences,1,Male,80,3,2,4,Married,5309,21146,1,No,15,3,4,2,10,2,3,10,8,4,7,482.6363636363636,0.36363636363636365,3.0,0,0.43268737125734363,43.27,Medium Risk
E560,38,0,Research & Development,Research Scientist,Travel_Rarely,268,2,5,Medical,4,Male,92,3,1,3,Married,3057,20471,6,Yes,13,3,2,1,6,0,1,1,0,0,1,436.7142857142857,0.0,2.6,1,0.8074325006478799,80.74,High Risk
E561,34,0,Research & Development,Manufacturing Director,Travel_Rarely,167,8,5,Life Sciences,2,Female,32,3,2,1,Divorced,5121,4187,3,No,14,3,3,1,7,3,3,0,0,0,0,640.125,0.0,2.4,0,0.1478928675095888,14.79,Low Risk
E562,52,0,Sales,Manager,Travel_Rarely,621,3,4,Marketing,3,Male,31,2,4,1,Married,16856,10084,1,No,11,3,1,0,34,3,4,34,6,1,16,481.6,0.02857142857142857,2.2,0,0.14240569353136795,14.24,Low Risk
E563,33,1,Research & Development,Research Scientist,Travel_Rarely,527,1,4,Other,4,Male,63,3,1,4,Single,2686,5207,1,Yes,13,3,3,0,10,2,2,10,9,7,8,244.1818181818182,0.6363636363636364,3.2,1,0.36427835640292455,36.43,Medium Risk
E564,25,0,Sales,Sales Executive,Travel_Rarely,883,26,1,Medical,3,Female,32,3,2,4,Single,6180,22807,1,No,23,4,2,0,6,5,2,6,5,1,4,882.8571428571429,0.14285714285714285,2.8,0,0.25368142469399135,25.37,Low Risk
E565,45,0,Sales,Sales Representative,Travel_Rarely,954,2,2,Technical Degree,2,Male,46,1,2,3,Single,6632,12388,0,No,13,3,1,0,9,3,3,8,7,3,1,663.2,0.3333333333333333,2.0,0,0.9305180348972087,93.05,High Risk
E566,23,0,Research & Development,Research Scientist,Travel_Rarely,310,10,1,Medical,1,Male,79,4,1,3,Single,3505,19630,1,No,18,3,4,0,2,3,3,2,2,0,2,1168.3333333333333,0.0,3.0,0,0.4001099994665887,40.01,Medium Risk
E567,47,1,Sales,Sales Executive,Travel_Frequently,719,27,2,Life Sciences,2,Female,77,4,2,3,Single,6397,10339,4,Yes,12,3,4,0,8,2,3,5,4,1,3,710.7777777777778,0.16666666666666666,3.2,1,0.8705006017833592,87.05,High Risk
E568,34,0,Sales,Sales Executive,Travel_Rarely,304,2,3,Other,4,Male,60,3,2,4,Single,6274,18686,1,No,22,4,3,0,6,5,3,6,5,1,4,896.2857142857143,0.14285714285714285,3.4,0,0.08606080369083902,8.61,Low Risk
E569,55,1,Research & Development,Manager,Travel_Rarely,725,2,3,Medical,4,Male,78,3,5,1,Married,19859,21199,5,Yes,13,3,4,1,24,2,3,5,2,1,4,794.36,0.16666666666666666,3.0,1,0.12251193025555203,12.25,Low Risk
E570,36,0,Sales,Sales Executive,Non-Travel,1434,8,4,Life Sciences,1,Male,76,2,3,1,Single,7587,14229,1,No,15,3,2,0,10,1,3,10,7,0,9,689.7272727272727,0.0,1.8,0,0.27346359265930903,27.35,Low Risk
E571,52,0,Research & Development,Research Scientist,Non-Travel,715,19,4,Medical,4,Male,41,3,1,4,Married,4258,26589,0,No,18,3,1,1,5,3,3,4,3,1,2,709.6666666666666,0.2,3.0,0,0.040774023123607485,4.08,Low Risk
E572,26,0,Research & Development,Laboratory Technician,Travel_Frequently,575,1,2,Life Sciences,1,Female,71,1,1,4,Divorced,4364,5288,3,No,14,3,1,1,5,2,3,2,2,2,0,727.3333333333334,0.6666666666666666,2.0,0,0.6636123149170755,66.36,High Risk
E573,29,0,Research & Development,Healthcare Representative,Travel_Rarely,657,27,3,Medical,2,Female,66,3,2,3,Married,4335,25549,4,No,12,3,1,1,11,3,2,8,7,1,1,361.25,0.1111111111111111,2.2,0,0.2618487849670028,26.18,Low Risk
E574,26,1,Sales,Sales Executive,Travel_Rarely,1146,8,3,Technical Degree,4,Male,38,2,2,1,Single,5326,3064,6,No,17,3,3,0,6,2,2,4,3,1,2,760.8571428571429,0.2,2.4,0,0.9122748084963983,91.23,High Risk
E575,34,0,Research & Development,Research Scientist,Travel_Rarely,182,1,4,Life Sciences,2,Female,72,4,1,4,Single,3280,13551,2,No,16,3,3,0,10,2,3,4,2,1,3,298.1818181818182,0.2,3.2,0,0.07105189864661673,7.11,Low Risk
E576,54,0,Research & Development,Manufacturing Director,Travel_Rarely,376,19,4,Medical,4,Female,95,3,2,1,Divorced,5485,22670,9,Yes,11,3,2,2,9,4,3,5,3,1,4,548.5,0.16666666666666666,2.6,1,0.5686611810310702,56.87,Medium Risk
E577,27,0,Sales,Sales Executive,Travel_Frequently,829,8,1,Marketing,3,Male,84,3,2,4,Married,4342,24008,0,No,19,3,2,1,5,3,3,4,2,1,1,723.6666666666666,0.2,3.0,0,0.263421131432326,26.34,Low Risk
E578,37,0,Research & Development,Research Scientist,Travel_Rarely,571,10,1,Life Sciences,4,Female,82,3,1,1,Divorced,2782,19905,0,Yes,13,3,2,2,6,3,2,5,3,4,3,397.42857142857144,0.6666666666666666,2.4,1,0.30486050048128316,30.49,Medium Risk
E579,38,0,Research & Development,Manufacturing Director,Travel_Frequently,240,2,4,Life Sciences,1,Female,75,4,2,1,Single,5980,26085,6,Yes,12,3,4,0,17,2,3,15,7,4,12,332.22222222222223,0.25,2.6,1,0.8694438610888238,86.94,High Risk
E580,34,0,Research & Development,Research Scientist,Travel_Rarely,121,2,4,Medical,3,Female,86,2,1,1,Single,4381,7530,1,No,11,3,3,0,6,3,3,6,5,1,3,625.8571428571429,0.14285714285714285,2.4,0,0.24128615809076762,24.13,Low Risk
E581,35,0,Sales,Sales Representative,Travel_Rarely,384,8,4,Life Sciences,1,Female,72,3,1,4,Married,2572,20317,1,No,16,3,2,1,3,1,2,3,2,0,2,643.0,0.0,2.4,0,0.5893256749961209,58.93,Medium Risk
E582,30,0,Research & Development,Laboratory Technician,Travel_Rarely,921,1,3,Life Sciences,4,Male,38,1,1,3,Married,3833,24375,3,No,21,4,3,2,7,2,3,2,2,0,2,479.125,0.0,2.8,0,0.20197802619730643,20.2,Low Risk
E583,40,0,Research & Development,Healthcare Representative,Travel_Frequently,791,2,2,Medical,3,Female,38,4,2,2,Married,4244,9931,1,No,24,4,4,1,8,2,3,8,7,3,7,471.55555555555554,0.3333333333333333,3.2,0,0.03733404847713256,3.73,Low Risk
E584,34,0,Sales,Sales Executive,Travel_Rarely,1111,8,2,Life Sciences,3,Female,93,3,2,1,Married,6500,13305,5,No,17,3,2,1,6,1,3,3,2,1,2,928.5714285714286,0.25,2.4,0,0.34312992251458274,34.31,Medium Risk
E585,42,0,Research & Development,Manager,Travel_Frequently,570,8,3,Life Sciences,2,Male,66,3,5,4,Divorced,18430,16225,1,No,13,3,2,1,24,4,2,24,7,14,9,737.2,0.56,2.6,0,0.3174466329743677,31.74,Medium Risk
E586,23,1,Research & Development,Laboratory Technician,Travel_Rarely,1243,6,3,Life Sciences,3,Male,63,4,1,1,Married,1601,3445,1,Yes,21,4,3,2,1,2,3,0,0,0,0,800.5,0.0,2.8,1,0.7054786713247979,70.55,High Risk
E587,24,0,Research & Development,Laboratory Technician,Non-Travel,1092,9,3,Life Sciences,3,Male,60,2,1,2,Divorced,2694,26551,1,No,11,3,3,3,1,4,3,1,0,0,0,1347.0,0.0,2.6,0,0.19332660811501853,19.33,Low Risk
E588,52,0,Research & Development,Laboratory Technician,Travel_Rarely,1325,11,4,Life Sciences,4,Female,82,3,2,3,Married,3149,21821,8,No,20,4,2,1,9,3,3,5,2,1,4,314.9,0.16666666666666666,3.0,0,0.18008466376741106,18.01,Low Risk
E589,50,0,Research & Development,Research Director,Travel_Rarely,691,2,3,Medical,3,Male,64,3,4,3,Married,17639,6881,5,No,16,3,4,0,30,3,3,4,3,0,3,569.0,0.0,3.2,0,0.01948252293094681,1.95,Low Risk
E590,29,1,Research & Development,Laboratory Technician,Travel_Rarely,805,1,2,Life Sciences,2,Female,36,2,1,1,Married,2319,6689,1,Yes,11,3,4,1,1,1,3,1,0,0,0,1159.5,0.0,2.4,1,0.9352998709872477,93.53,High Risk
E591,33,0,Research & Development,Research Director,Travel_Rarely,213,7,3,Medical,3,Male,49,3,3,3,Married,11691,25995,0,No,11,3,4,0,14,3,4,13,9,3,7,779.4,0.21428571428571427,3.4,0,0.0240257278548202,2.4,Low Risk
E592,33,1,Sales,Sales Executive,Travel_Rarely,118,16,3,Marketing,1,Female,69,3,2,1,Single,5324,26507,5,No,15,3,3,0,6,3,3,3,2,0,2,760.5714285714286,0.0,2.2,0,0.8794272793147768,87.94,High Risk
E593,47,0,Research & Development,Manager,Travel_Rarely,202,2,2,Other,3,Female,33,3,4,4,Married,16752,12982,1,Yes,11,3,3,1,26,3,2,26,14,3,0,620.4444444444445,0.1111111111111111,3.0,1,0.19319600079120114,19.32,Low Risk
E594,36,0,Research & Development,Manufacturing Director,Travel_Rarely,676,1,3,Other,3,Female,35,3,2,2,Married,5228,23361,0,No,15,3,1,1,10,2,3,9,7,0,5,475.27272727272725,0.0,2.4,0,0.059382958540722564,5.94,Low Risk
E595,29,0,Research & Development,Research Scientist,Travel_Rarely,1252,23,2,Life Sciences,3,Male,81,4,1,3,Married,2700,23779,1,No,24,4,3,1,10,3,3,10,7,0,7,245.45454545454547,0.0,3.2,0,0.04318815777297743,4.32,Low Risk
E596,58,1,Research & Development,Research Director,Travel_Rarely,286,2,4,Life Sciences,4,Male,31,3,5,2,Single,19246,25761,7,Yes,12,3,4,0,40,2,3,31,15,13,8,469.4146341463415,0.40625,3.2,1,0.6495288114783977,64.95,High Risk
E597,35,0,Research & Development,Research Scientist,Travel_Rarely,1258,1,4,Life Sciences,4,Female,40,4,1,3,Single,2506,13301,3,No,13,3,3,0,7,0,3,2,2,2,2,313.25,0.6666666666666666,3.4,0,0.0650182984288493,6.5,Low Risk
E598,42,0,Research & Development,Manufacturing Director,Travel_Rarely,932,1,2,Life Sciences,4,Female,43,2,2,4,Married,6062,4051,9,Yes,13,3,4,1,8,4,3,4,3,0,2,673.5555555555555,0.0,3.4,1,0.2410069519355734,24.1,Low Risk
E599,28,1,Research & Development,Research Scientist,Travel_Rarely,890,2,4,Medical,3,Male,46,3,1,3,Single,4382,16374,6,No,17,3,4,0,5,3,2,2,2,2,1,730.3333333333334,0.6666666666666666,3.0,0,0.3167977305929459,31.68,Medium Risk
E600,36,0,Human Resources,Human Resources,Travel_Rarely,1041,13,3,Human Resources,3,Male,36,3,1,2,Married,2143,25527,4,No,13,3,2,1,8,2,3,5,2,0,4,238.11111111111111,0.0,2.6,0,0.58867372174829,58.87,Medium Risk
E601,32,0,Research & Development,Manufacturing Director,Travel_Rarely,859,4,3,Life Sciences,3,Female,98,2,2,3,Married,6162,19124,1,No,12,3,3,1,14,3,3,14,13,6,8,410.8,0.4,2.8,0,0.05093686135368628,5.09,Low Risk
E602,40,0,Research & Development,Laboratory Technician,Travel_Frequently,720,16,4,Medical,1,Male,51,2,2,3,Single,5094,11983,6,No,14,3,4,0,10,6,3,1,0,0,0,463.09090909090907,0.0,2.6,0,0.884280653264705,88.43,High Risk
E603,30,0,Research & Development,Manufacturing Director,Travel_Rarely,946,2,3,Medical,3,Female,52,2,2,4,Single,6877,20234,5,Yes,24,4,2,0,12,4,2,0,0,0,0,529.0,0.0,2.6,1,0.6367960936479468,63.68,High Risk
E604,45,0,Research & Development,Research Scientist,Travel_Rarely,252,2,3,Life Sciences,2,Female,95,2,1,3,Single,2274,6153,1,No,14,3,4,0,1,3,3,1,0,0,0,1137.0,0.0,2.8,0,0.37772568277343677,37.77,Medium Risk
E605,42,0,Research & Development,Manufacturing Director,Travel_Rarely,933,29,3,Life Sciences,2,Male,98,3,2,2,Married,4434,11806,1,No,13,3,4,1,10,3,2,9,8,7,8,403.09090909090907,0.7,2.6,0,0.220904322570241,22.09,Low Risk
E606,38,0,Research & Development,Healthcare Representative,Travel_Frequently,471,12,3,Life Sciences,1,Male,45,2,2,1,Divorced,6288,4284,2,No,15,3,3,1,13,3,2,4,3,1,2,449.14285714285717,0.2,1.8,0,0.29438310626531744,29.44,Low Risk
E607,34,0,Research & Development,Research Scientist,Travel_Frequently,702,16,4,Life Sciences,3,Female,100,2,1,4,Single,2553,8306,1,No,16,3,3,0,6,3,3,5,2,1,3,364.7142857142857,0.16666666666666666,3.0,0,0.20223113378036223,20.22,Low Risk
E608,49,1,Sales,Sales Executive,Travel_Rarely,1184,11,3,Marketing,3,Female,43,3,3,4,Married,7654,5860,1,No,18,3,1,2,9,3,4,9,8,7,7,765.4,0.7,3.0,0,0.07066337668830863,7.07,Low Risk
E609,55,1,Sales,Sales Executive,Travel_Rarely,436,2,1,Medical,3,Male,37,3,2,4,Single,5160,21519,4,No,16,3,3,0,12,3,2,9,7,7,3,396.9230769230769,0.7,3.0,0,0.3410772304643295,34.11,Medium Risk
E610,43,0,Research & Development,Research Director,Travel_Rarely,589,14,2,Life Sciences,2,Male,94,3,4,1,Married,17159,5200,6,No,24,4,3,1,22,3,3,4,1,1,0,746.0434782608696,0.2,2.4,0,0.058701381364139445,5.87,Low Risk
E611,27,0,Research & Development,Research Director,Travel_Rarely,269,5,1,Technical Degree,3,Male,42,2,3,4,Divorced,12808,8842,1,Yes,16,3,2,1,9,3,3,9,8,0,8,1280.8,0.0,2.8,1,0.09390399166803762,9.39,Low Risk
E612,35,0,Research & Development,Manufacturing Director,Travel_Rarely,950,7,3,Other,3,Male,59,3,3,3,Single,10221,18869,3,No,21,4,2,0,17,3,4,8,5,1,6,567.8333333333334,0.1111111111111111,3.0,0,0.08535238830217212,8.54,Low Risk
E613,28,0,Sales,Sales Executive,Travel_Rarely,760,2,4,Marketing,2,Female,81,3,2,2,Married,4779,3698,1,Yes,20,4,1,0,8,2,3,8,7,7,5,531.0,0.7777777777777778,2.2,1,0.820324892037252,82.03,High Risk
E614,34,0,Human Resources,Human Resources,Travel_Rarely,829,3,2,Human Resources,3,Male,88,3,1,4,Married,3737,2243,0,No,19,3,3,1,4,1,1,3,2,0,2,747.4,0.0,2.8,0,0.24544596675117555,24.54,Low Risk
E615,26,1,Research & Development,Research Scientist,Travel_Frequently,887,5,2,Medical,3,Female,88,2,1,3,Married,2366,20898,1,Yes,14,3,1,1,8,2,3,8,7,1,7,262.8888888888889,0.1111111111111111,2.4,1,0.5096876202160867,50.97,Medium Risk
E616,27,0,Research & Development,Research Scientist,Non-Travel,443,3,3,Medical,4,Male,50,3,1,4,Married,1706,16571,1,No,11,3,3,3,0,6,2,0,0,0,0,1706.0,0.0,3.2,0,0.11138201909610455,11.14,Low Risk
E617,51,0,Sales,Manager,Travel_Rarely,1318,26,4,Marketing,1,Female,66,3,4,3,Married,16307,5594,2,No,14,3,3,1,29,2,2,20,6,4,17,543.5666666666667,0.19047619047619047,2.4,0,0.07670048207201942,7.67,Low Risk
E618,44,0,Research & Development,Healthcare Representative,Travel_Rarely,625,4,3,Medical,4,Male,50,3,2,2,Single,5933,5197,9,No,12,3,4,0,10,2,2,5,2,2,3,539.3636363636364,0.3333333333333333,3.0,0,0.3002269372845747,30.02,Medium Risk
E619,25,0,Research & Development,Research Scientist,Travel_Rarely,180,2,1,Medical,1,Male,65,4,1,1,Single,3424,21632,7,No,13,3,3,0,6,3,2,4,3,0,1,489.14285714285717,0.0,2.2,0,0.8078812120330201,80.79,High Risk
E620,33,0,Sales,Sales Executive,Travel_Rarely,586,1,3,Medical,1,Male,48,4,2,1,Divorced,4037,21816,1,No,22,4,1,1,9,5,3,9,8,0,8,403.7,0.0,2.0,0,0.0755131054799287,7.55,Low Risk
E621,35,0,Research & Development,Research Scientist,Travel_Rarely,1343,27,1,Medical,3,Female,53,2,1,1,Single,2559,17852,1,No,11,3,4,0,6,3,2,6,5,1,1,365.57142857142856,0.14285714285714285,2.4,0,0.6155098883729895,61.55,High Risk
E622,36,0,Sales,Sales Executive,Travel_Rarely,928,1,2,Life Sciences,2,Male,56,3,2,4,Married,6201,2823,1,Yes,14,3,4,1,18,1,2,18,14,4,11,326.36842105263156,0.21052631578947367,3.0,1,0.18230530292856442,18.23,Low Risk
E623,32,0,Sales,Sales Executive,Travel_Rarely,117,13,4,Life Sciences,2,Male,73,3,2,4,Divorced,4403,9250,2,No,11,3,3,1,8,3,2,5,2,0,3,489.22222222222223,0.0,2.8,0,0.16346021008408926,16.35,Low Risk
E624,30,0,Research & Development,Research Scientist,Travel_Frequently,1012,5,4,Life Sciences,2,Male,75,2,1,4,Divorced,3761,2373,9,No,12,3,2,1,10,3,2,5,4,0,3,341.90909090909093,0.0,2.4,0,0.34250362639557097,34.25,Medium Risk
E625,53,0,Sales,Sales Executive,Travel_Rarely,661,7,2,Marketing,1,Female,78,2,3,4,Married,10934,20715,7,Yes,18,3,4,1,35,3,3,5,2,0,4,303.72222222222223,0.0,2.8,1,0.34272197406923066,34.27,Medium Risk
E626,45,0,Sales,Sales Executive,Travel_Rarely,930,9,3,Marketing,4,Male,74,3,3,1,Divorced,10761,19239,4,Yes,12,3,3,1,18,2,3,5,4,0,2,566.3684210526316,0.0,2.8,1,0.43038683476734224,43.04,Medium Risk
E627,32,0,Research & Development,Research Scientist,Travel_Rarely,638,8,2,Medical,3,Female,91,4,2,3,Married,5175,22162,5,No,12,3,3,1,9,3,2,5,3,1,3,517.5,0.16666666666666666,3.0,0,0.10901018730547374,10.9,Low Risk
E628,52,0,Research & Development,Manufacturing Director,Travel_Frequently,890,25,4,Medical,3,Female,81,2,4,4,Married,13826,19028,3,No,22,4,3,0,31,3,3,9,8,0,0,432.0625,0.0,3.0,0,0.08282740242945573,8.28,Low Risk
E629,37,0,Sales,Sales Executive,Travel_Rarely,342,16,4,Marketing,4,Male,66,2,2,3,Divorced,6334,24558,4,No,19,3,4,2,9,2,3,1,0,0,0,633.4,0.0,3.2,0,0.1786843112246362,17.87,Low Risk
E630,28,0,Human Resources,Human Resources,Travel_Rarely,1169,8,2,Medical,2,Male,63,2,1,4,Divorced,4936,23965,1,No,13,3,4,1,6,6,3,5,1,0,4,705.1428571428571,0.0,3.0,0,0.07302415535270318,7.3,Low Risk
E631,22,0,Research & Development,Manufacturing Director,Travel_Rarely,1230,1,2,Life Sciences,4,Male,33,2,2,4,Married,4775,19146,6,No,22,4,1,2,4,2,1,2,2,2,2,955.0,0.6666666666666666,2.4,0,0.23752625682857964,23.75,Low Risk
E632,44,0,Research & Development,Laboratory Technician,Travel_Rarely,986,8,4,Life Sciences,1,Male,62,4,1,4,Married,2818,5044,2,Yes,24,4,3,1,10,2,2,3,2,0,2,256.1818181818182,0.0,2.8,1,0.47839281219311824,47.84,Medium Risk
E633,42,0,Research & Development,Research Scientist,Travel_Frequently,1271,2,1,Medical,2,Male,35,3,1,4,Single,2515,9068,5,Yes,14,3,4,0,8,2,3,2,1,2,2,279.44444444444446,0.6666666666666666,3.2,1,0.7737681280642648,77.38,High Risk
E634,36,0,Human Resources,Human Resources,Travel_Rarely,1278,8,3,Life Sciences,1,Male,77,2,1,1,Married,2342,8635,0,No,21,4,3,0,6,3,3,5,4,0,3,334.57142857142856,0.0,2.0,0,0.25979859806621425,25.98,Low Risk
E635,25,0,Sales,Sales Executive,Travel_Rarely,141,3,1,Other,3,Male,98,3,2,1,Married,4194,14363,1,Yes,18,3,4,0,5,3,3,5,3,0,3,699.0,0.0,2.8,1,0.637960823037417,63.8,High Risk
E636,35,0,Research & Development,Manufacturing Director,Travel_Rarely,607,9,3,Life Sciences,4,Female,66,2,3,3,Married,10685,23457,1,Yes,20,4,2,1,17,2,3,17,14,5,15,593.6111111111111,0.2777777777777778,2.8,1,0.08405215997039533,8.41,Low Risk
E637,35,1,Research & Development,Research Scientist,Travel_Frequently,130,25,4,Life Sciences,4,Female,96,3,1,2,Divorced,2022,16612,1,Yes,19,3,1,1,10,3,2,10,2,7,8,183.8181818181818,0.6363636363636364,2.4,1,0.7609048356517858,76.09,High Risk
E638,32,0,Research & Development,Laboratory Technician,Non-Travel,300,1,3,Life Sciences,4,Male,61,3,1,4,Divorced,2314,9148,0,No,12,3,2,1,4,2,3,3,0,0,2,462.8,0.0,3.2,0,0.034039753487879215,3.4,Low Risk
E639,25,0,Sales,Sales Executive,Travel_Rarely,583,4,1,Marketing,3,Male,87,2,2,1,Married,4256,18154,1,No,12,3,1,0,5,1,4,5,2,0,3,709.3333333333334,0.0,2.2,0,0.6557590520263231,65.58,High Risk
E640,49,0,Research & Development,Research Scientist,Travel_Rarely,1418,1,3,Technical Degree,3,Female,36,3,1,1,Married,3580,10554,2,No,16,3,2,1,7,2,3,4,2,0,2,447.5,0.0,2.4,0,0.22422300552756186,22.42,Low Risk
E641,24,0,Research & Development,Laboratory Technician,Non-Travel,1269,4,1,Life Sciences,1,Male,46,2,1,4,Married,3162,10778,0,No,17,3,4,0,6,2,2,5,2,3,4,451.7142857142857,0.5,2.6,0,0.13602783085735978,13.6,Low Risk
E642,32,0,Sales,Sales Executive,Travel_Frequently,379,5,2,Life Sciences,2,Male,48,3,2,2,Married,6524,8891,1,No,14,3,4,1,10,3,3,10,8,5,3,593.0909090909091,0.45454545454545453,2.8,0,0.3845601266793295,38.46,Medium Risk
E643,38,0,Sales,Sales Representative,Travel_Rarely,395,9,3,Marketing,2,Male,98,2,1,2,Married,2899,12102,0,No,19,3,4,1,3,3,3,2,2,1,2,724.75,0.3333333333333333,2.6,0,0.6137391314441227,61.37,High Risk
E644,42,0,Research & Development,Laboratory Technician,Travel_Rarely,1265,3,3,Life Sciences,3,Female,95,4,2,4,Married,5231,23726,2,Yes,13,3,2,1,17,1,2,5,3,1,3,290.6111111111111,0.16666666666666666,3.0,1,0.2134761210864358,21.35,Low Risk
E645,31,0,Research & Development,Research Scientist,Travel_Rarely,1222,11,4,Life Sciences,4,Male,48,3,1,4,Married,2356,14871,3,Yes,19,3,2,1,8,2,3,6,4,0,2,261.77777777777777,0.0,3.2,1,0.24700320197198605,24.7,Low Risk
E646,29,1,Sales,Sales Representative,Travel_Rarely,341,1,3,Medical,2,Female,48,2,1,3,Divorced,2800,23522,6,Yes,19,3,3,3,5,3,3,3,2,0,2,466.6666666666667,0.0,2.6,1,0.7623151875797605,76.23,High Risk
E647,53,0,Sales,Sales Executive,Travel_Rarely,868,8,3,Marketing,1,Male,73,3,4,4,Married,11836,22789,5,No,14,3,3,1,28,3,3,2,0,2,2,408.13793103448273,0.6666666666666666,2.8,0,0.181076945577965,18.11,Low Risk
E648,35,0,Research & Development,Manufacturing Director,Travel_Rarely,672,25,3,Technical Degree,4,Male,78,2,3,2,Married,10903,9129,3,No,16,3,1,0,16,2,3,13,10,4,8,641.3529411764706,0.2857142857142857,2.4,0,0.4706672132895509,47.07,Medium Risk
E649,37,0,Sales,Sales Representative,Travel_Frequently,1231,21,2,Medical,3,Female,54,3,1,4,Married,2973,21222,5,No,15,3,2,1,10,3,3,5,4,0,0,270.27272727272725,0.0,3.0,0,0.6052024562525863,60.52,High Risk
E650,53,0,Research & Development,Research Director,Travel_Rarely,102,23,4,Life Sciences,4,Female,72,3,4,4,Single,14275,20206,6,No,18,3,3,0,33,0,3,12,9,3,8,419.8529411764706,0.23076923076923078,3.4,0,0.032767869830951736,3.28,Low Risk
E651,43,0,Research & Development,Healthcare Representative,Travel_Frequently,422,1,3,Life Sciences,4,Female,33,3,2,4,Married,5562,21782,4,No,13,3,2,1,12,2,2,5,2,2,2,427.84615384615387,0.3333333333333333,3.0,0,0.08119106398701702,8.12,Low Risk
E652,47,0,Sales,Sales Executive,Travel_Rarely,249,2,2,Marketing,3,Female,35,3,2,4,Married,4537,17783,0,Yes,22,4,1,1,8,2,3,7,6,7,7,504.1111111111111,0.875,2.8,1,0.35047854131254996,35.05,Medium Risk
E653,37,0,Sales,Sales Executive,Non-Travel,1252,19,2,Medical,1,Male,32,3,3,2,Single,7642,4814,1,Yes,13,3,4,0,10,2,3,10,0,0,9,694.7272727272727,0.0,2.6,1,0.7085219225677537,70.85,High Risk
E654,50,0,Research & Development,Manager,Non-Travel,881,2,4,Life Sciences,1,Male,98,3,4,1,Divorced,17924,4544,1,No,11,3,4,1,31,3,3,31,6,14,7,560.125,0.4375,2.4,0,0.22773833713075728,22.77,Low Risk
E655,39,0,Human Resources,Human Resources,Travel_Rarely,1383,2,3,Life Sciences,4,Female,42,2,2,4,Married,5204,7790,8,No,11,3,3,2,13,2,3,5,4,0,4,371.7142857142857,0.0,3.2,0,0.06989355662467496,6.99,Low Risk
E656,33,0,Human Resources,Human Resources,Travel_Rarely,1075,3,2,Human Resources,4,Male,57,3,1,2,Divorced,2277,22650,3,Yes,11,3,3,1,7,4,4,4,3,0,3,284.625,0.0,3.2,1,0.3412857456450654,34.13,Medium Risk
E657,32,1,Research & Development,Laboratory Technician,Travel_Rarely,374,25,4,Life Sciences,1,Male,87,3,1,4,Single,2795,18016,1,Yes,24,4,3,0,1,2,1,1,0,0,1,1397.5,0.0,2.4,1,0.9767055183088657,97.67,High Risk
E658,29,0,Research & Development,Laboratory Technician,Travel_Rarely,1086,7,1,Medical,1,Female,62,2,1,4,Divorced,2532,6054,6,No,14,3,3,3,8,5,3,4,3,0,3,281.3333333333333,0.0,2.6,0,0.11754422973025665,11.75,Low Risk
E659,44,0,Research & Development,Research Scientist,Travel_Rarely,661,9,2,Life Sciences,2,Male,61,3,1,1,Married,2559,7508,1,Yes,13,3,4,0,8,0,3,8,7,7,1,284.3333333333333,0.7777777777777778,2.6,1,0.8568262227978061,85.68,High Risk
E660,28,0,Sales,Sales Executive,Travel_Rarely,821,5,4,Medical,1,Male,98,3,2,4,Single,4908,24252,1,No,14,3,2,0,4,3,3,4,2,0,2,981.6,0.0,2.6,0,0.5700127163740121,57.0,Medium Risk
E661,58,1,Research & Development,Laboratory Technician,Travel_Frequently,781,2,1,Life Sciences,4,Male,57,2,1,4,Divorced,2380,13384,9,Yes,14,3,4,1,3,3,2,1,0,0,0,595.0,0.0,3.2,1,0.8245788528206077,82.46,High Risk
E662,43,0,Research & Development,Manufacturing Director,Travel_Rarely,177,8,3,Life Sciences,1,Female,55,3,2,2,Divorced,4765,23814,4,No,21,4,3,1,4,2,4,1,0,0,0,953.0,0.0,2.6,0,0.23327363939307474,23.33,Low Risk
E663,20,1,Sales,Sales Representative,Travel_Rarely,500,2,3,Medical,3,Female,49,2,1,3,Single,2044,22052,1,No,13,3,4,0,2,3,2,2,2,0,2,681.3333333333334,0.0,2.8,0,0.5826093082292235,58.26,Medium Risk
E664,21,1,Research & Development,Research Scientist,Travel_Rarely,1427,18,1,Other,4,Female,65,3,1,4,Single,2693,8870,1,No,19,3,1,0,1,3,2,1,0,0,0,1346.5,0.0,2.8,0,0.40491438133288754,40.49,Medium Risk
E665,36,0,Research & Development,Healthcare Representative,Travel_Rarely,1425,14,1,Life Sciences,3,Male,68,3,2,4,Married,6586,4821,0,Yes,17,3,1,1,17,2,2,16,8,4,11,365.8888888888889,0.23529411764705882,2.6,1,0.13137230948861056,13.14,Low Risk
E666,47,0,Sales,Sales Representative,Travel_Rarely,1454,2,4,Life Sciences,4,Female,65,2,1,4,Single,3294,13137,1,Yes,18,3,1,0,3,3,2,3,2,1,2,823.5,0.25,2.6,1,0.7643652214212275,76.44,High Risk
E667,22,1,Research & Development,Manufacturing Director,Travel_Rarely,617,3,1,Life Sciences,2,Female,34,3,2,3,Married,4171,10022,0,Yes,19,3,1,1,4,3,4,3,2,0,2,834.2,0.0,2.6,1,0.26790106477297115,26.79,Low Risk
E668,41,1,Research & Development,Laboratory Technician,Travel_Rarely,1085,2,4,Life Sciences,2,Female,57,1,1,4,Divorced,2778,17725,4,Yes,13,3,3,1,10,1,2,7,7,1,0,252.54545454545453,0.125,2.4,1,0.6899613636112796,69.0,High Risk
E669,28,0,Research & Development,Research Scientist,Travel_Rarely,995,9,3,Medical,3,Female,77,3,1,3,Divorced,2377,9834,5,No,18,3,2,1,6,2,3,2,2,2,2,339.57142857142856,0.6666666666666666,2.8,0,0.07058762958436066,7.06,Low Risk
E670,39,1,Research & Development,Laboratory Technician,Travel_Rarely,1122,6,3,Medical,4,Male,70,3,1,1,Married,2404,4303,7,Yes,21,4,4,0,8,2,1,2,2,2,2,267.1111111111111,0.6666666666666666,2.6,1,0.851757118827113,85.18,High Risk
E671,27,0,Research & Development,Research Scientist,Travel_Rarely,618,4,3,Life Sciences,2,Female,76,3,1,3,Single,2318,17808,1,No,19,3,3,0,1,2,3,1,1,0,0,1159.0,0.0,2.8,0,0.3661719626409143,36.62,Medium Risk
E672,34,0,Research & Development,Laboratory Technician,Travel_Rarely,546,10,3,Life Sciences,2,Male,83,3,1,2,Divorced,2008,6896,1,No,14,3,2,2,1,3,3,1,0,1,0,1004.0,0.5,2.4,0,0.4025559947075063,40.26,Medium Risk
E673,42,0,Sales,Sales Executive,Travel_Rarely,462,14,2,Medical,3,Female,68,2,2,3,Single,6244,7824,7,No,17,3,1,0,10,6,3,5,4,0,3,567.6363636363636,0.0,2.4,0,0.3311477603648965,33.11,Medium Risk
E674,33,0,Research & Development,Research Scientist,Travel_Rarely,1198,1,4,Other,3,Male,100,2,1,1,Single,2799,3339,3,Yes,11,3,2,0,6,1,3,3,2,0,2,399.85714285714283,0.0,2.2,1,0.8901101344958127,89.01,High Risk
E675,58,0,Research & Development,Healthcare Representative,Travel_Rarely,1272,5,3,Technical Degree,3,Female,37,2,3,2,Divorced,10552,9255,2,Yes,13,3,4,1,24,3,3,6,0,0,4,422.08,0.0,2.8,1,0.15899625051936875,15.9,Low Risk
E676,31,0,Sales,Sales Representative,Travel_Rarely,154,7,4,Life Sciences,2,Male,41,2,1,3,Married,2329,11737,3,No,15,3,2,0,13,2,4,7,7,5,2,166.35714285714286,0.625,2.6,0,0.6550978928342018,65.51,High Risk
E677,35,0,Research & Development,Healthcare Representative,Travel_Rarely,1137,21,1,Life Sciences,4,Female,51,3,2,4,Married,4014,19170,1,Yes,25,4,4,1,10,2,1,10,6,0,7,364.90909090909093,0.0,3.2,1,0.06829651101516244,6.83,Low Risk
E678,49,0,Research & Development,Laboratory Technician,Travel_Rarely,527,8,2,Other,1,Female,51,3,3,2,Married,7403,22477,4,No,11,3,3,1,29,3,2,26,9,1,7,246.76666666666668,0.037037037037037035,2.2,0,0.6622828609661976,66.23,High Risk
E679,48,0,Research & Development,Research Scientist,Travel_Rarely,1469,20,4,Medical,4,Male,51,3,1,3,Married,2259,5543,4,No,17,3,1,2,13,2,2,0,0,0,0,161.35714285714286,0.0,2.6,0,0.12765825067513886,12.77,Low Risk
E680,31,0,Sales,Sales Executive,Non-Travel,1188,20,2,Marketing,4,Female,45,3,2,3,Married,6932,24406,1,No,13,3,4,1,9,2,2,9,8,0,0,693.2,0.0,3.2,0,0.05106904189792334,5.11,Low Risk
E681,36,0,Research & Development,Research Scientist,Travel_Rarely,188,7,4,Other,2,Male,65,3,1,4,Single,4678,23293,2,No,18,3,3,0,8,6,3,6,2,0,1,519.7777777777778,0.0,3.0,0,0.16628204649809128,16.63,Low Risk
E682,38,0,Research & Development,Research Director,Travel_Rarely,1333,1,3,Technical Degree,4,Female,80,3,3,1,Married,13582,16292,1,No,13,3,2,1,15,3,3,15,12,5,11,848.875,0.3125,2.6,0,0.029556782379332718,2.96,Low Risk
E683,32,0,Research & Development,Laboratory Technician,Non-Travel,1184,1,3,Life Sciences,3,Female,70,2,1,2,Married,2332,3974,6,No,20,4,3,0,5,3,3,3,0,0,2,388.6666666666667,0.0,2.6,0,0.14379763343352658,14.38,Low Risk
E684,25,1,Sales,Sales Representative,Travel_Rarely,867,19,2,Marketing,3,Male,36,2,1,2,Married,2413,18798,1,Yes,18,3,3,3,1,2,3,1,0,0,0,1206.5,0.0,2.6,1,0.964637218273407,96.46,High Risk
E685,40,0,Sales,Sales Executive,Travel_Rarely,658,10,4,Marketing,1,Male,67,2,3,2,Divorced,9705,20652,2,No,12,3,2,1,11,2,2,1,0,0,0,808.75,0.0,1.8,0,0.6332885019318718,63.33,High Risk
E686,26,0,Sales,Sales Executive,Travel_Frequently,1283,1,3,Medical,3,Male,52,2,2,1,Single,4294,11148,1,No,12,3,2,0,7,2,3,7,7,0,7,536.75,0.0,2.2,0,0.5816946608642771,58.17,Medium Risk
E687,41,0,Research & Development,Laboratory Technician,Travel_Rarely,263,6,3,Medical,4,Male,59,3,1,1,Single,4721,3119,2,Yes,13,3,3,0,20,3,3,18,13,2,17,224.8095238095238,0.10526315789473684,2.8,1,0.30975263241849776,30.98,Medium Risk
E688,36,0,Research & Development,Laboratory Technician,Travel_Rarely,938,2,4,Medical,3,Male,79,3,1,3,Single,2519,12287,4,No,21,4,3,0,16,6,3,11,8,3,9,148.1764705882353,0.25,3.0,0,0.10643547793897053,10.64,Low Risk
E689,19,1,Sales,Sales Representative,Travel_Rarely,419,21,3,Other,4,Male,37,2,1,2,Single,2121,9947,1,Yes,13,3,2,0,1,3,4,1,0,0,0,1060.5,0.0,2.8,1,0.9707428107129851,97.07,High Risk
E690,20,1,Research & Development,Laboratory Technician,Travel_Rarely,129,4,3,Technical Degree,1,Male,84,3,1,1,Single,2973,13008,1,No,19,3,2,0,1,2,3,1,0,0,0,1486.5,0.0,2.0,0,0.9764217835845374,97.64,High Risk
E691,31,0,Research & Development,Healthcare Representative,Travel_Rarely,616,12,3,Medical,4,Female,41,3,2,4,Married,5855,17369,0,Yes,11,3,3,2,10,2,1,9,7,8,5,532.2727272727273,0.8,3.0,1,0.19990953182217225,19.99,Low Risk
E692,40,0,Research & Development,Research Scientist,Travel_Frequently,1469,9,4,Medical,4,Male,35,3,1,2,Divorced,3617,25063,8,Yes,14,3,4,1,3,2,3,1,1,0,0,904.25,0.0,3.2,1,0.7763275495391723,77.63,High Risk
E693,32,0,Research & Development,Manufacturing Director,Travel_Rarely,498,3,4,Medical,3,Female,93,3,2,1,Married,6725,13554,1,No,12,3,3,1,8,2,4,8,7,6,3,747.2222222222222,0.6666666666666666,2.8,0,0.13207905805088602,13.21,Low Risk
E694,36,1,Sales,Sales Executive,Travel_Rarely,530,3,1,Life Sciences,3,Male,51,2,3,4,Married,10325,5518,1,Yes,11,3,1,1,16,6,3,16,7,3,7,607.3529411764706,0.17647058823529413,2.6,1,0.36836405229808444,36.84,Medium Risk
E695,33,0,Research & Development,Healthcare Representative,Travel_Rarely,1069,1,3,Life Sciences,2,Female,42,2,2,4,Single,6949,12291,0,No,14,3,1,0,6,3,3,5,0,1,4,992.7142857142857,0.16666666666666666,2.4,0,0.14252456536297523,14.25,Low Risk
E696,37,1,Sales,Sales Executive,Travel_Rarely,625,1,4,Life Sciences,1,Male,46,2,3,3,Married,10609,14922,5,No,11,3,3,0,17,2,1,14,1,11,7,589.3888888888889,0.7333333333333333,2.0,0,0.9375707616098441,93.76,High Risk
E697,45,0,Research & Development,Laboratory Technician,Non-Travel,805,4,2,Life Sciences,3,Male,57,3,2,2,Married,4447,23163,1,No,12,3,2,0,9,5,2,9,7,0,8,444.7,0.0,2.4,0,0.050553108039745116,5.06,Low Risk
E698,29,0,Sales,Sales Representative,Travel_Frequently,1404,20,3,Technical Degree,3,Female,84,3,1,4,Married,2157,18203,1,No,15,3,2,1,3,5,3,3,1,0,2,539.25,0.0,3.0,0,0.6045901287327011,60.46,High Risk
E699,35,0,Sales,Sales Executive,Travel_Rarely,1219,18,3,Medical,3,Female,86,3,2,3,Married,4601,6179,1,No,16,3,2,0,5,3,3,5,2,1,0,766.8333333333334,0.16666666666666666,2.8,0,0.25578857958559376,25.58,Low Risk
E700,52,0,Research & Development,Manager,Travel_Rarely,1053,1,2,Life Sciences,4,Male,70,3,4,4,Married,17099,13829,2,No,15,3,2,1,26,2,2,9,8,7,8,633.2962962962963,0.7,3.0,0,0.028490958285398306,2.85,Low Risk
E701,58,1,Research & Development,Research Scientist,Travel_Rarely,289,2,3,Technical Degree,4,Male,51,3,1,3,Single,2479,26227,4,No,24,4,1,0,7,4,3,1,0,0,0,309.875,0.0,2.8,0,0.33262966376202496,33.26,Medium Risk
E702,53,0,Sales,Manager,Travel_Rarely,1376,2,2,Medical,3,Male,45,3,4,3,Divorced,14852,13938,6,No,13,3,3,1,22,3,4,17,13,15,2,645.7391304347826,0.8333333333333334,3.2,0,0.1498295664256537,14.98,Low Risk
E703,30,0,Sales,Sales Executive,Travel_Rarely,231,8,2,Other,3,Male,62,3,3,3,Divorced,7264,9977,5,No,11,3,1,1,10,2,4,8,4,7,7,660.3636363636364,0.7777777777777778,2.8,0,0.3419090574573672,34.19,Medium Risk
E704,38,0,Sales,Sales Executive,Non-Travel,152,10,3,Technical Degree,3,Female,85,3,2,4,Single,5666,19899,1,Yes,13,3,2,0,6,1,3,5,3,1,3,809.4285714285714,0.16666666666666666,3.0,1,0.701447621176611,70.14,High Risk
E705,35,0,Sales,Sales Executive,Travel_Rarely,882,3,4,Life Sciences,4,Male,92,3,3,4,Divorced,7823,6812,6,No,13,3,2,1,12,2,3,10,9,0,8,601.7692307692307,0.0,3.2,0,0.04746850592453082,4.75,Low Risk
E706,39,0,Sales,Sales Executive,Travel_Rarely,903,2,5,Life Sciences,1,Male,41,4,3,3,Single,7880,2560,0,No,18,3,4,0,9,3,3,8,7,0,7,788.0,0.0,3.0,0,0.07673722244663088,7.67,Low Risk
E707,40,1,Sales,Sales Executive,Non-Travel,1479,24,3,Life Sciences,2,Female,100,4,4,2,Single,13194,17071,4,Yes,16,3,4,0,22,2,2,1,0,0,0,573.6521739130435,0.0,2.8,1,0.4263140167855024,42.63,Medium Risk
E708,47,0,Research & Development,Manufacturing Director,Travel_Frequently,1379,16,4,Medical,3,Male,64,4,2,3,Divorced,5067,6759,1,Yes,19,3,3,0,20,3,4,19,10,2,7,241.28571428571428,0.1,3.4,1,0.1274279706957651,12.74,Low Risk
E709,36,0,Sales,Sales Executive,Non-Travel,1229,8,4,Technical Degree,1,Male,84,3,2,4,Divorced,5079,25952,4,No,13,3,4,2,12,3,3,7,7,0,7,390.6923076923077,0.0,3.0,0,0.04995861559872756,5.0,Low Risk
E710,31,1,Research & Development,Research Scientist,Non-Travel,335,9,2,Medical,3,Male,46,2,1,1,Single,2321,10322,0,Yes,22,4,1,0,4,0,3,3,2,1,2,464.2,0.25,2.0,1,0.8033403147091028,80.33,High Risk
E711,33,0,Sales,Manager,Non-Travel,722,17,3,Life Sciences,4,Male,38,3,4,3,Single,17444,20489,1,No,11,3,4,0,10,2,3,10,8,6,0,1585.8181818181818,0.5454545454545454,3.4,0,0.11469446218793894,11.47,Low Risk
E712,29,1,Research & Development,Research Scientist,Travel_Rarely,906,10,3,Life Sciences,4,Female,92,2,1,1,Single,2404,11479,6,Yes,20,4,3,0,3,5,3,0,0,0,0,601.0,0.0,2.6,1,0.8327753909452451,83.28,High Risk
E713,33,0,Research & Development,Research Scientist,Travel_Rarely,461,13,1,Life Sciences,2,Female,53,3,1,4,Single,3452,17241,3,No,18,3,1,0,5,4,3,3,2,0,2,575.3333333333334,0.0,2.6,0,0.2312958865146033,23.13,Low Risk
E714,45,0,Research & Development,Laboratory Technician,Travel_Rarely,974,1,4,Medical,4,Female,91,3,1,4,Divorced,2270,11005,3,No,14,3,4,2,8,2,3,5,3,0,2,252.22222222222223,0.0,3.6,0,0.032606641650709235,3.26,Low Risk
E715,50,0,Research & Development,Research Director,Travel_Rarely,1126,1,2,Medical,4,Male,66,3,4,4,Divorced,17399,6615,9,No,22,4,3,1,32,1,2,5,4,1,3,527.2424242424242,0.16666666666666666,3.2,0,0.02030932163883982,2.03,Low Risk
E716,33,0,Research & Development,Healthcare Representative,Travel_Frequently,827,1,4,Other,3,Female,84,4,2,2,Married,5488,20161,1,Yes,13,3,1,1,6,2,3,6,5,1,2,784.0,0.14285714285714285,2.6,1,0.3995013095129728,39.95,Medium Risk
E717,41,0,Research & Development,Research Director,Travel_Frequently,840,9,3,Medical,1,Male,64,3,5,3,Divorced,19419,3735,2,No,17,3,2,1,21,2,4,18,16,0,11,882.6818181818181,0.0,2.6,0,0.019813279014111233,1.98,Low Risk
E718,27,0,Research & Development,Laboratory Technician,Travel_Rarely,1134,16,4,Technical Degree,3,Female,37,3,1,2,Married,2811,12086,9,No,14,3,2,1,4,2,3,2,2,2,2,562.2,0.6666666666666666,2.6,0,0.8672947560981327,86.73,High Risk
E719,45,0,Research & Development,Laboratory Technician,Non-Travel,248,23,2,Life Sciences,4,Male,42,3,2,1,Married,3633,14039,1,Yes,15,3,3,1,9,2,3,9,8,0,8,363.3,0.0,2.8,1,0.24510979074847677,24.51,Low Risk
E720,47,0,Sales,Sales Executive,Travel_Rarely,955,4,2,Life Sciences,4,Female,83,3,2,4,Single,4163,8571,1,Yes,17,3,3,0,9,0,3,9,0,0,7,416.3,0.0,3.4,1,0.2811547581990071,28.12,Low Risk
E721,30,1,Research & Development,Research Scientist,Travel_Rarely,138,22,3,Life Sciences,1,Female,48,3,1,3,Married,2132,11539,4,Yes,11,3,2,0,7,2,3,5,2,0,1,266.5,0.0,2.4,1,0.8832839166179776,88.33,High Risk
E722,50,0,Research & Development,Manufacturing Director,Travel_Rarely,939,24,3,Life Sciences,4,Male,95,3,4,3,Married,13973,4161,3,Yes,18,3,4,1,22,2,3,12,11,1,5,607.5217391304348,0.07692307692307693,3.4,1,0.08268698509732027,8.27,Low Risk
E723,38,0,Research & Development,Research Scientist,Travel_Frequently,1391,10,1,Medical,3,Male,66,3,1,3,Married,2684,12127,0,No,17,3,2,1,3,0,2,2,1,0,2,671.0,0.0,2.6,0,0.33554916106563737,33.55,Medium Risk
E724,46,0,Research & Development,Manufacturing Director,Travel_Rarely,566,7,2,Medical,4,Male,75,3,3,3,Divorced,10845,24208,6,No,13,3,2,1,13,3,3,8,7,0,7,774.6428571428571,0.0,3.0,0,0.051669187424516046,5.17,Low Risk
E725,24,0,Research & Development,Manufacturing Director,Travel_Rarely,1206,17,1,Medical,4,Female,41,2,2,3,Divorced,4377,24117,1,No,15,3,2,2,5,6,3,4,2,3,2,729.5,0.6,2.8,0,0.06202358544861115,6.2,Low Risk
E726,35,1,Research & Development,Laboratory Technician,Travel_Rarely,622,14,4,Other,3,Male,39,2,1,2,Divorced,3743,10074,1,Yes,24,4,4,1,5,2,1,4,2,0,2,623.8333333333334,0.0,2.4,1,0.7970197634306189,79.7,High Risk
E727,31,0,Research & Development,Manufacturing Director,Travel_Frequently,853,1,1,Life Sciences,3,Female,96,3,2,1,Married,4148,11275,1,No,12,3,3,1,4,1,3,4,3,0,3,829.6,0.0,2.6,0,0.23349644269558104,23.35,Low Risk
E728,18,0,Research & Development,Research Scientist,Non-Travel,287,5,2,Life Sciences,2,Male,73,3,1,4,Single,1051,13493,1,No,15,3,4,0,0,2,3,0,0,0,0,1051.0,0.0,3.2,0,0.1812054769429132,18.12,Low Risk
E729,54,0,Research & Development,Manufacturing Director,Travel_Rarely,1441,17,3,Technical Degree,3,Female,56,3,3,3,Married,10739,13943,8,No,11,3,3,1,22,2,3,10,7,0,8,466.9130434782609,0.0,3.0,0,0.11538783507146817,11.54,Low Risk
E730,35,0,Research & Development,Healthcare Representative,Travel_Rarely,583,25,4,Medical,3,Female,57,3,3,3,Divorced,10388,6975,1,Yes,11,3,3,1,16,3,2,16,10,10,1,611.0588235294117,0.5882352941176471,2.8,1,0.5712044777300879,57.12,Medium Risk
E731,30,0,Research & Development,Research Director,Travel_Rarely,153,8,2,Life Sciences,2,Female,73,4,3,1,Married,11416,17802,0,Yes,12,3,3,3,9,4,2,8,7,1,7,1141.6,0.1111111111111111,2.4,1,0.06526213852132551,6.53,Low Risk
E732,20,1,Research & Development,Research Scientist,Travel_Rarely,1097,11,3,Medical,4,Female,98,2,1,1,Single,2600,18275,1,Yes,15,3,1,0,1,2,3,1,0,0,0,1300.0,0.0,2.2,1,0.9477984931889399,94.78,High Risk
E733,30,1,Research & Development,Laboratory Technician,Travel_Frequently,109,5,3,Medical,2,Female,60,3,1,2,Single,2422,25725,0,No,17,3,1,0,4,3,3,3,2,1,2,484.4,0.25,2.2,0,0.7386923578451499,73.87,High Risk
E734,26,0,Research & Development,Manufacturing Director,Travel_Rarely,1066,2,2,Medical,4,Male,32,4,2,4,Married,5472,3334,1,No,12,3,2,0,8,2,3,8,7,1,3,608.0,0.1111111111111111,3.4,0,0.04386902685366707,4.39,Low Risk
E735,22,0,Research & Development,Laboratory Technician,Travel_Rarely,217,8,1,Life Sciences,2,Male,94,1,1,1,Married,2451,6881,1,No,15,3,1,1,4,3,2,4,3,1,1,490.2,0.2,1.4,0,0.8601978080911981,86.02,High Risk
E736,48,0,Research & Development,Healthcare Representative,Travel_Rarely,277,6,3,Life Sciences,1,Male,97,2,2,3,Single,4240,13119,2,No,13,3,4,0,19,0,3,2,2,2,2,212.0,0.6666666666666666,2.6,0,0.24314313619625683,24.31,Low Risk
E737,48,0,Research & Development,Healthcare Representative,Travel_Rarely,1355,4,4,Life Sciences,3,Male,78,2,3,3,Single,10999,22245,7,No,14,3,2,0,27,3,3,15,11,4,8,392.82142857142856,0.25,2.6,0,0.11000142894999088,11.0,Low Risk
E738,41,0,Research & Development,Manufacturing Director,Travel_Rarely,549,7,2,Medical,4,Female,42,3,2,3,Single,5003,23371,6,No,14,3,2,0,8,6,3,2,2,2,1,555.8888888888889,0.6666666666666666,3.0,0,0.13007847598945738,13.01,Low Risk
E739,39,0,Research & Development,Manufacturing Director,Travel_Rarely,466,1,1,Life Sciences,4,Female,65,2,4,4,Married,12742,7060,1,No,16,3,3,1,21,3,3,21,6,11,8,579.1818181818181,0.5,3.2,0,0.10916613306727774,10.92,Low Risk
E740,27,0,Research & Development,Manufacturing Director,Travel_Rarely,1055,2,4,Life Sciences,1,Female,47,3,2,4,Married,4227,4658,0,No,18,3,2,1,4,2,3,3,2,2,2,845.4,0.5,2.6,0,0.09193008786425771,9.19,Low Risk
E741,35,0,Research & Development,Laboratory Technician,Travel_Rarely,802,10,3,Other,2,Male,45,3,1,4,Divorced,3917,9541,1,No,20,4,1,1,3,4,2,3,2,1,2,979.25,0.25,2.4,0,0.28784241783482206,28.78,Low Risk
E742,42,0,Sales,Manager,Travel_Rarely,265,5,2,Marketing,4,Male,90,3,5,3,Married,18303,7770,6,No,13,3,2,0,21,3,4,1,0,0,0,831.9545454545455,0.0,3.2,0,0.06820736235689351,6.82,Low Risk
E743,50,0,Research & Development,Laboratory Technician,Travel_Rarely,804,9,3,Life Sciences,1,Male,64,3,1,4,Married,2380,20165,4,No,18,3,2,0,8,5,3,1,0,0,0,264.44444444444446,0.0,2.6,0,0.2212197808334448,22.12,Low Risk
E744,59,0,Research & Development,Manufacturing Director,Travel_Rarely,715,2,3,Life Sciences,3,Female,69,2,4,4,Single,13726,21829,3,Yes,13,3,1,0,30,4,3,5,3,4,3,442.7741935483871,0.6666666666666666,2.6,1,0.2810078782495725,28.1,Low Risk
E745,37,1,Research & Development,Healthcare Representative,Travel_Rarely,1141,11,2,Medical,1,Female,61,1,2,2,Married,4777,14382,5,No,15,3,1,0,15,2,1,1,0,0,0,298.5625,0.0,1.2,0,0.6473791901663948,64.74,High Risk
E746,55,0,Research & Development,Healthcare Representative,Travel_Frequently,135,18,4,Medical,3,Male,62,3,2,2,Married,6385,12992,3,Yes,14,3,4,2,17,3,3,8,7,6,7,354.72222222222223,0.6666666666666666,3.0,1,0.3416532599197778,34.17,Medium Risk
E747,41,0,Research & Development,Research Director,Non-Travel,247,7,1,Life Sciences,2,Female,55,1,5,3,Divorced,19973,20284,1,No,22,4,2,2,21,3,3,21,16,5,10,907.8636363636364,0.22727272727272727,2.2,0,0.013715032773472738,1.37,Low Risk
E748,38,0,Sales,Sales Executive,Travel_Rarely,1035,3,4,Life Sciences,2,Male,42,3,2,4,Single,6861,4981,8,Yes,12,3,3,0,19,1,3,1,0,0,0,343.05,0.0,3.0,1,0.8460300621916378,84.6,High Risk
E749,26,1,Sales,Sales Executive,Non-Travel,265,29,2,Medical,2,Male,79,1,2,1,Single,4969,21813,8,No,18,3,4,0,7,6,3,2,2,2,2,621.125,0.6666666666666666,2.2,0,0.8035960402598602,80.36,High Risk
E750,52,1,Sales,Manager,Travel_Rarely,266,2,1,Marketing,1,Female,57,1,5,4,Married,19845,25846,1,No,15,3,4,1,33,3,3,32,14,6,9,583.6764705882352,0.18181818181818182,2.6,0,0.11428169868207617,11.43,Low Risk
E751,44,0,Sales,Sales Executive,Travel_Rarely,1448,28,3,Medical,4,Female,53,4,4,4,Married,13320,11737,3,Yes,18,3,3,1,23,2,3,12,11,11,11,555.0,0.8461538461538461,3.6,1,0.13880707272788353,13.88,Low Risk
E752,50,0,Sales,Sales Executive,Non-Travel,145,1,3,Life Sciences,4,Female,95,3,2,3,Married,6347,24920,0,No,12,3,1,1,19,3,3,18,7,0,13,317.35,0.0,2.8,0,0.022823002699025315,2.28,Low Risk
E753,36,1,Research & Development,Laboratory Technician,Travel_Rarely,885,16,4,Life Sciences,3,Female,43,4,1,1,Single,2743,8269,1,No,16,3,3,0,18,1,3,17,13,15,14,144.3684210526316,0.8333333333333334,2.8,0,0.4605412412454679,46.05,Medium Risk
E754,39,0,Research & Development,Manufacturing Director,Travel_Frequently,945,22,3,Medical,4,Female,82,3,3,1,Single,10880,5083,1,Yes,13,3,3,0,21,2,3,21,6,2,8,494.54545454545456,0.09090909090909091,2.8,1,0.8145618063834229,81.46,High Risk
E755,33,0,Sales,Sales Representative,Non-Travel,1038,8,1,Life Sciences,2,Female,88,2,1,4,Single,2342,21437,0,No,19,3,4,0,3,2,2,2,2,2,2,585.5,0.6666666666666666,2.8,0,0.14990161473995242,14.99,Low Risk
E756,45,0,Sales,Manager,Travel_Rarely,1234,11,2,Life Sciences,4,Female,90,3,4,4,Married,17650,5404,3,No,13,3,2,1,26,4,4,9,3,1,1,653.7037037037037,0.1,3.4,0,0.023120846758018204,2.31,Low Risk
E757,32,0,Research & Development,Laboratory Technician,Non-Travel,1109,29,4,Medical,4,Female,69,3,1,3,Single,4025,11135,9,No,12,3,2,0,10,2,3,8,7,7,7,365.90909090909093,0.7777777777777778,3.0,0,0.4716179399451668,47.16,Medium Risk
E758,34,0,Sales,Sales Executive,Travel_Rarely,216,1,4,Marketing,2,Male,75,4,2,4,Divorced,9725,12278,0,No,11,3,4,1,16,2,2,15,1,0,9,572.0588235294117,0.0,3.2,0,0.06307896152167546,6.31,Low Risk
E759,59,0,Sales,Manager,Travel_Rarely,1089,1,2,Technical Degree,2,Male,66,3,3,4,Married,11904,11038,3,Yes,14,3,3,1,14,1,1,6,4,0,4,793.6,0.0,2.6,1,0.5008459893996278,50.08,Medium Risk
E760,45,0,Human Resources,Human Resources,Travel_Rarely,788,24,4,Medical,2,Male,36,3,1,2,Single,2177,8318,1,No,16,3,1,0,6,3,3,6,3,0,4,311.0,0.0,2.2,0,0.6154044239477952,61.54,High Risk
E761,53,0,Sales,Sales Executive,Travel_Frequently,124,2,3,Marketing,3,Female,38,2,3,2,Married,7525,23537,2,No,12,3,1,1,30,2,3,15,7,6,12,242.74193548387098,0.375,2.2,0,0.43235094716035827,43.24,Medium Risk
E762,36,1,Research & Development,Laboratory Technician,Travel_Rarely,660,15,3,Other,1,Male,81,3,2,3,Divorced,4834,7858,7,No,14,3,2,1,9,3,2,1,0,0,0,483.4,0.0,2.2,0,0.6969658093324461,69.7,High Risk
E763,26,1,Research & Development,Research Scientist,Travel_Frequently,342,2,3,Life Sciences,1,Male,57,3,1,1,Married,2042,15346,6,Yes,14,3,2,1,6,2,3,3,2,1,2,291.7142857142857,0.25,2.0,1,0.9379444365700831,93.79,High Risk
E764,34,0,Sales,Sales Representative,Travel_Rarely,1333,10,4,Life Sciences,3,Female,87,3,1,3,Married,2220,18410,1,Yes,19,3,4,1,1,2,3,1,1,0,0,1110.0,0.0,3.2,1,0.6787752558050145,67.88,High Risk
E765,28,0,Sales,Sales Representative,Travel_Rarely,1144,10,1,Medical,4,Male,74,3,1,2,Married,1052,23384,1,No,22,4,2,0,1,5,3,1,0,0,0,526.0,0.0,2.8,0,0.3989226712983702,39.89,Medium Risk
E766,38,0,Research & Development,Research Scientist,Travel_Frequently,1186,3,4,Other,3,Male,44,3,1,3,Married,2821,2997,3,No,16,3,1,1,8,2,3,2,2,2,2,313.44444444444446,0.6666666666666666,2.6,0,0.20334594896084796,20.33,Low Risk
E767,50,0,Research & Development,Research Director,Travel_Rarely,1464,2,4,Medical,2,Male,62,3,5,3,Married,19237,12853,2,Yes,11,3,4,1,29,2,2,8,1,7,7,641.2333333333333,0.7777777777777778,2.8,1,0.08602747728895584,8.6,Low Risk
E768,37,0,Research & Development,Healthcare Representative,Travel_Rarely,124,3,3,Other,4,Female,35,3,2,2,Single,4107,13848,3,No,15,3,1,0,8,3,2,4,3,0,1,456.3333333333333,0.0,2.4,0,0.1793572152407708,17.94,Low Risk
E769,40,0,Sales,Sales Executive,Travel_Rarely,300,26,3,Marketing,3,Male,74,3,2,1,Married,8396,22217,1,No,14,3,2,1,8,3,2,7,7,7,5,932.8888888888889,0.875,2.2,0,0.651962078696795,65.2,High Risk
E770,26,0,Research & Development,Research Scientist,Travel_Frequently,921,1,1,Medical,1,Female,66,2,1,3,Divorced,2007,25265,1,No,13,3,3,2,5,5,3,5,3,1,3,334.5,0.16666666666666666,2.4,0,0.12676575838816373,12.68,Low Risk
E771,46,0,Research & Development,Research Director,Travel_Rarely,430,1,4,Medical,4,Male,40,3,5,4,Divorced,19627,21445,9,No,17,3,4,2,23,0,3,2,2,2,2,817.7916666666666,0.6666666666666666,3.6,0,0.017235440354091986,1.72,Low Risk
E772,54,0,Sales,Sales Executive,Travel_Rarely,1082,2,4,Life Sciences,3,Female,41,2,3,3,Married,10686,8392,6,No,11,3,2,1,13,4,3,9,4,7,0,763.2857142857143,0.7,2.6,0,0.41429554656684753,41.43,Medium Risk
E773,56,0,Research & Development,Research Scientist,Travel_Frequently,1240,9,3,Medical,1,Female,63,3,1,3,Married,2942,12154,2,No,19,3,2,1,18,4,3,5,4,0,3,154.8421052631579,0.0,2.4,0,0.09016190146005178,9.02,Low Risk
E774,36,0,Research & Development,Manufacturing Director,Travel_Rarely,796,12,5,Medical,4,Female,51,2,3,4,Single,8858,15669,0,No,11,3,2,0,15,2,2,14,8,7,8,553.625,0.4666666666666667,2.8,0,0.20429010005618525,20.43,Low Risk
E775,55,0,Research & Development,Manager,Non-Travel,444,2,1,Medical,3,Male,40,2,4,1,Single,16756,17323,7,No,15,3,2,0,31,3,4,9,7,6,2,523.625,0.6,2.4,0,0.10126763888029244,10.13,Low Risk
E776,43,0,Sales,Sales Executive,Travel_Rarely,415,25,3,Medical,3,Male,79,2,3,4,Divorced,10798,5268,5,No,13,3,3,1,18,5,3,1,0,0,0,568.3157894736842,0.0,3.0,0,0.1258380166255875,12.58,Low Risk
E777,20,1,Sales,Sales Representative,Travel_Frequently,769,9,3,Marketing,4,Female,54,3,1,4,Single,2323,17205,1,Yes,14,3,2,0,2,3,3,2,2,0,2,774.3333333333334,0.0,3.2,1,0.9164196319416216,91.64,High Risk
E778,21,1,Research & Development,Laboratory Technician,Travel_Rarely,1334,10,3,Life Sciences,3,Female,36,2,1,1,Single,1416,17258,1,No,13,3,1,0,1,6,2,1,0,1,0,708.0,0.5,1.8,0,0.7900524994072231,79.01,High Risk
E779,46,0,Research & Development,Research Scientist,Travel_Rarely,1003,8,4,Life Sciences,4,Female,74,2,2,1,Divorced,4615,21029,8,Yes,23,4,1,3,19,2,3,16,13,1,7,230.75,0.058823529411764705,2.2,1,0.29127995989534855,29.13,Low Risk
E780,51,1,Research & Development,Research Scientist,Travel_Rarely,1323,4,4,Life Sciences,1,Male,34,3,1,3,Married,2461,10332,9,Yes,12,3,3,3,18,2,4,10,0,2,7,129.52631578947367,0.18181818181818182,2.8,1,0.6314388673666449,63.14,High Risk
E781,28,1,Research & Development,Healthcare Representative,Non-Travel,1366,24,2,Technical Degree,2,Male,72,2,3,1,Single,8722,12355,1,No,12,3,1,0,10,2,2,10,7,1,9,792.9090909090909,0.09090909090909091,1.6,0,0.5674342366957335,56.74,Medium Risk
E782,26,0,Research & Development,Laboratory Technician,Travel_Rarely,192,1,2,Medical,1,Male,59,2,1,1,Married,3955,11141,1,No,16,3,1,2,6,2,3,5,3,1,3,565.0,0.16666666666666666,1.6,0,0.721658736049722,72.17,High Risk
E783,30,0,Research & Development,Manufacturing Director,Travel_Rarely,1176,20,3,Other,3,Male,85,3,2,1,Married,9957,9096,0,No,15,3,3,1,7,1,2,6,2,0,2,1244.625,0.0,2.4,0,0.311618463707824,31.16,Medium Risk
E784,41,0,Research & Development,Research Scientist,Travel_Rarely,509,7,2,Technical Degree,2,Female,43,4,1,3,Married,3376,18863,1,No,13,3,3,0,10,3,3,10,6,0,8,306.90909090909093,0.0,3.0,0,0.08322822949035362,8.32,Low Risk
E785,38,0,Research & Development,Healthcare Representative,Travel_Rarely,330,17,1,Life Sciences,3,Female,65,2,3,3,Married,8823,24608,0,No,18,3,1,1,20,4,2,19,9,1,9,420.14285714285717,0.05,2.2,0,0.057159433345029674,5.72,Low Risk
E786,40,0,Research & Development,Healthcare Representative,Travel_Rarely,1492,20,4,Technical Degree,1,Male,61,3,3,4,Married,10322,26542,4,No,20,4,4,1,14,6,3,11,10,11,1,688.1333333333333,0.9166666666666666,3.0,0,0.4038537154042638,40.39,Medium Risk
E787,27,0,Research & Development,Laboratory Technician,Non-Travel,1277,8,5,Life Sciences,1,Male,87,1,1,3,Married,4621,5869,1,No,19,3,4,3,3,4,3,3,2,1,2,1155.25,0.25,2.4,0,0.1543977872959351,15.44,Low Risk
E788,55,0,Research & Development,Manufacturing Director,Travel_Frequently,1091,2,1,Life Sciences,4,Male,65,3,3,2,Married,10976,15813,3,No,18,3,2,1,23,4,3,3,2,1,2,457.3333333333333,0.25,2.8,0,0.057177551328835986,5.72,Low Risk
E789,28,0,Research & Development,Research Scientist,Travel_Rarely,857,10,3,Other,3,Female,59,3,2,3,Single,3660,7909,3,No,13,3,4,0,10,4,4,8,7,1,7,332.72727272727275,0.1111111111111111,3.4,0,0.061028266958254015,6.1,Low Risk
E790,44,1,Human Resources,Human Resources,Travel_Rarely,1376,1,2,Medical,2,Male,91,2,3,1,Married,10482,2326,9,No,14,3,4,1,24,1,3,20,6,3,6,419.28,0.14285714285714285,2.4,0,0.6814425369219534,68.14,High Risk
E791,33,0,Research & Development,Healthcare Representative,Travel_Rarely,654,5,3,Life Sciences,4,Male,34,2,3,4,Divorced,7119,21214,4,No,15,3,3,1,9,2,3,3,2,1,2,711.9,0.25,3.2,0,0.05350628282749011,5.35,Low Risk
E792,35,1,Sales,Sales Executive,Travel_Rarely,1204,4,3,Technical Degree,4,Male,86,3,3,1,Single,9582,10333,0,Yes,22,4,1,0,9,2,3,8,7,4,7,958.2,0.4444444444444444,2.4,1,0.8744526206104309,87.45,High Risk
E793,33,1,Research & Development,Research Scientist,Travel_Frequently,827,29,4,Medical,1,Female,54,2,2,3,Single,4508,3129,1,No,22,4,2,0,14,4,3,13,7,3,8,300.53333333333336,0.21428571428571427,2.2,0,0.6812482714763869,68.12,High Risk
E794,28,0,Research & Development,Laboratory Technician,Travel_Rarely,895,15,2,Life Sciences,1,Male,50,3,1,3,Divorced,2207,22482,1,No,16,3,4,1,4,5,2,4,2,2,2,441.4,0.4,2.6,0,0.21616788452510788,21.62,Low Risk
E795,34,0,Research & Development,Healthcare Representative,Travel_Frequently,618,3,1,Life Sciences,1,Male,45,3,2,4,Single,7756,22266,0,No,17,3,3,0,7,1,2,6,2,0,4,969.5,0.0,2.6,0,0.2751078900101123,27.51,Low Risk
E796,37,0,Sales,Sales Executive,Travel_Rarely,309,10,4,Life Sciences,4,Female,88,2,2,4,Divorced,6694,24223,2,Yes,14,3,3,3,8,5,3,1,0,0,0,743.7777777777778,0.0,3.2,1,0.14529575176446438,14.53,Low Risk
E797,25,1,Research & Development,Laboratory Technician,Travel_Rarely,1219,4,1,Technical Degree,4,Male,32,3,1,4,Married,3691,4605,1,Yes,15,3,2,1,7,3,4,7,7,5,6,461.375,0.625,3.4,1,0.5163299162134042,51.63,Medium Risk
E798,26,1,Research & Development,Laboratory Technician,Travel_Rarely,1330,21,3,Medical,1,Male,37,3,1,3,Divorced,2377,19373,1,No,20,4,3,1,1,0,2,1,1,0,0,1188.5,0.0,2.4,0,0.744799312556969,74.48,High Risk
E799,33,1,Research & Development,Research Scientist,Travel_Rarely,1017,25,3,Medical,1,Male,55,2,1,2,Single,2313,2993,4,Yes,20,4,2,0,5,0,3,2,2,2,2,385.5,0.6666666666666666,2.0,1,0.9492630292948258,94.93,High Risk
E800,42,0,Research & Development,Manager,Travel_Rarely,469,2,2,Medical,4,Male,35,3,4,1,Married,17665,14399,0,No,17,3,4,1,23,3,3,22,6,13,7,736.0416666666666,0.5652173913043478,3.0,0,0.16725506497824566,16.73,Low Risk
E801,28,1,Research & Development,Laboratory Technician,Travel_Frequently,1009,1,3,Medical,1,Male,45,2,1,2,Divorced,2596,7160,1,No,15,3,1,2,1,2,3,1,0,0,0,1298.0,0.0,1.8,0,0.8746928066845029,87.47,High Risk
E802,50,1,Sales,Sales Executive,Travel_Frequently,959,1,4,Other,4,Male,81,3,2,3,Single,4728,17251,3,Yes,14,3,4,0,5,4,3,0,0,0,0,788.0,0.0,3.4,1,0.7009808205231909,70.1,High Risk
E803,33,0,Sales,Sales Executive,Travel_Frequently,970,7,3,Life Sciences,4,Female,30,3,2,2,Married,4302,13401,0,No,17,3,3,1,4,3,3,3,2,0,2,860.4,0.0,3.0,0,0.13619105379643742,13.62,Low Risk
E804,34,0,Research & Development,Research Scientist,Non-Travel,697,3,4,Life Sciences,3,Male,40,2,1,4,Married,2979,22478,3,No,17,3,4,3,6,2,3,0,0,0,0,425.57142857142856,0.0,3.2,0,0.036543220354617156,3.65,Low Risk
E805,48,0,Research & Development,Manager,Non-Travel,1262,1,4,Medical,1,Male,35,4,4,4,Single,16885,16154,2,No,22,4,3,0,27,3,2,5,4,2,1,603.0357142857143,0.3333333333333333,2.8,0,0.027751218273096432,2.78,Low Risk
E806,45,0,Sales,Sales Executive,Non-Travel,1050,9,4,Life Sciences,2,Female,65,2,2,3,Married,5593,17970,1,No,13,3,4,1,15,2,3,15,10,4,12,349.5625,0.25,2.8,0,0.03564553836467365,3.56,Low Risk
E807,52,0,Research & Development,Healthcare Representative,Travel_Rarely,994,7,4,Life Sciences,2,Male,87,3,3,2,Single,10445,15322,7,No,19,3,4,0,18,4,3,8,6,4,0,549.7368421052631,0.4444444444444444,2.8,0,0.20989360442494254,20.99,Low Risk
E808,38,0,Sales,Sales Executive,Travel_Rarely,770,10,4,Marketing,3,Male,73,2,3,3,Divorced,8740,5569,0,Yes,14,3,2,2,9,2,3,8,7,2,7,874.0,0.2222222222222222,2.6,1,0.31137841588806126,31.14,Medium Risk
E809,29,0,Research & Development,Research Scientist,Travel_Rarely,1107,28,4,Life Sciences,3,Female,93,3,1,4,Divorced,2514,26968,4,No,22,4,1,1,11,1,3,7,5,1,7,209.5,0.125,2.8,0,0.06744171786770556,6.74,Low Risk
E810,28,0,Research & Development,Manufacturing Director,Travel_Rarely,950,3,3,Medical,4,Female,93,3,3,2,Divorced,7655,8039,0,No,17,3,2,3,10,3,2,9,7,1,7,695.9090909090909,0.1,2.6,0,0.031159957030680877,3.12,Low Risk
E811,46,0,Sales,Manager,Travel_Rarely,406,3,1,Marketing,1,Male,52,3,4,3,Married,17465,15596,3,No,12,3,4,1,23,3,3,12,9,4,9,727.7083333333334,0.3076923076923077,2.8,0,0.05639421052515309,5.64,Low Risk
E812,38,0,Sales,Sales Executive,Travel_Rarely,130,2,2,Marketing,4,Male,32,3,3,2,Single,7351,20619,7,No,16,3,3,0,10,2,3,1,0,0,0,668.2727272727273,0.0,3.0,0,0.6109677485108522,61.1,High Risk
E813,43,0,Research & Development,Manufacturing Director,Travel_Frequently,1082,27,3,Life Sciences,3,Female,83,3,3,1,Married,10820,11535,8,No,11,3,3,1,18,1,3,8,7,0,1,569.4736842105264,0.0,2.6,0,0.5030869006207087,50.31,Medium Risk
E814,39,1,Research & Development,Healthcare Representative,Travel_Frequently,203,2,3,Life Sciences,1,Male,84,3,4,4,Divorced,12169,13547,7,No,11,3,4,3,21,4,3,18,7,11,5,553.1363636363636,0.5789473684210527,3.0,0,0.34150814597204276,34.15,Medium Risk
E815,40,0,Research & Development,Research Director,Travel_Rarely,1308,14,3,Medical,3,Male,44,2,5,3,Single,19626,17544,1,No,14,3,1,0,21,2,4,20,7,4,9,892.0909090909091,0.19047619047619047,2.6,0,0.0740060904888878,7.4,Low Risk
E816,21,0,Research & Development,Research Scientist,Travel_Rarely,984,1,1,Technical Degree,4,Female,70,2,1,2,Single,2070,25326,1,Yes,11,3,3,0,2,6,4,2,2,2,2,690.0,0.6666666666666666,3.0,1,0.735126947951043,73.51,High Risk
E817,39,0,Research & Development,Laboratory Technician,Non-Travel,439,9,3,Life Sciences,3,Male,70,3,2,2,Single,6782,8770,9,No,15,3,3,0,9,2,2,5,4,0,3,678.2,0.0,2.6,0,0.5100440080872393,51.0,Medium Risk
E818,36,0,Research & Development,Manufacturing Director,Non-Travel,217,18,4,Life Sciences,1,Male,78,3,2,4,Single,7779,23238,2,No,20,4,1,0,18,0,3,11,9,0,9,409.42105263157896,0.0,2.4,0,0.07242321763658084,7.24,Low Risk
E819,31,0,Sales,Sales Representative,Travel_Frequently,793,20,3,Life Sciences,3,Male,67,4,1,4,Married,2791,21981,0,No,12,3,1,1,3,4,3,2,2,2,2,697.75,0.6666666666666666,3.0,0,0.4861598477161162,48.62,Medium Risk
E820,28,0,Research & Development,Research Scientist,Travel_Rarely,1451,2,1,Life Sciences,1,Male,67,2,1,2,Married,3201,19911,0,No,17,3,1,0,6,2,1,5,3,0,4,457.2857142857143,0.0,1.4,0,0.4235576459971774,42.36,Medium Risk
E821,35,0,Sales,Sales Executive,Travel_Frequently,1182,11,2,Marketing,4,Male,54,3,2,4,Divorced,4968,18500,1,No,11,3,4,1,5,3,3,5,2,0,2,828.0,0.0,3.6,0,0.13071705037719564,13.07,Low Risk
E822,49,0,Sales,Sales Executive,Travel_Rarely,174,8,4,Technical Degree,4,Male,56,2,4,2,Married,13120,11879,6,No,17,3,2,1,22,3,3,9,8,2,3,570.4347826086956,0.2,2.6,0,0.35875107440327286,35.88,Medium Risk
E823,34,0,Research & Development,Manufacturing Director,Travel_Frequently,1003,2,2,Life Sciences,4,Male,95,3,2,3,Single,4033,15834,2,No,11,3,4,0,5,3,2,3,2,0,2,672.1666666666666,0.0,3.2,0,0.24297152844682124,24.3,Low Risk
E824,29,0,Research & Development,Research Scientist,Travel_Frequently,490,10,3,Life Sciences,4,Female,61,3,1,2,Divorced,3291,17940,0,No,14,3,4,2,8,2,2,7,5,1,1,365.6666666666667,0.125,3.0,0,0.0735853870897737,7.36,Low Risk
E825,42,0,Research & Development,Laboratory Technician,Travel_Rarely,188,29,3,Medical,2,Male,56,1,2,4,Single,4272,9558,4,No,19,3,1,0,16,3,3,1,0,0,0,251.2941176470588,0.0,2.2,0,0.8733617439866833,87.34,High Risk
E826,29,0,Research & Development,Manufacturing Director,Travel_Rarely,718,8,1,Medical,2,Male,79,2,2,4,Married,5056,17689,1,Yes,15,3,3,1,10,2,2,10,7,1,2,459.6363636363636,0.09090909090909091,2.6,1,0.5408393178868544,54.08,Medium Risk
E827,38,0,Human Resources,Human Resources,Travel_Rarely,433,1,3,Human Resources,3,Male,37,4,1,3,Married,2844,6004,1,No,13,3,4,1,7,2,4,7,6,5,0,355.5,0.625,3.6,0,0.17882539319616447,17.88,Low Risk
E828,28,0,Research & Development,Research Scientist,Travel_Frequently,773,6,3,Life Sciences,3,Male,39,2,1,3,Divorced,2703,22088,1,Yes,14,3,4,1,3,2,3,3,1,0,2,675.75,0.0,3.0,1,0.6693641922478174,66.94,High Risk
E829,18,1,Research & Development,Laboratory Technician,Non-Travel,247,8,1,Medical,3,Male,80,3,1,3,Single,1904,13556,1,No,12,3,4,0,0,0,3,0,0,0,0,1904.0,0.0,3.2,0,0.7365989641758134,73.66,High Risk
E830,33,1,Sales,Sales Executive,Travel_Rarely,603,9,4,Marketing,1,Female,77,3,2,1,Single,8224,18385,0,Yes,17,3,1,0,6,3,3,5,2,0,3,1174.857142857143,0.0,1.8,1,0.9404714183047138,94.05,High Risk
E831,41,0,Research & Development,Laboratory Technician,Travel_Rarely,167,12,4,Life Sciences,2,Male,46,3,1,4,Married,4766,9051,3,Yes,11,3,1,1,6,4,3,1,0,0,0,680.8571428571429,0.0,2.6,1,0.8253763562415988,82.54,High Risk
E832,31,1,Research & Development,Laboratory Technician,Travel_Frequently,874,15,3,Medical,3,Male,72,3,1,3,Married,2610,6233,1,No,12,3,3,1,2,5,2,2,2,2,2,870.0,0.6666666666666666,2.8,0,0.5007061417740832,50.07,Medium Risk
E833,37,0,Research & Development,Healthcare Representative,Travel_Rarely,367,25,2,Medical,3,Female,52,2,2,4,Divorced,5731,17171,7,No,13,3,3,2,9,2,3,6,2,1,3,573.1,0.14285714285714285,3.0,0,0.12763256632061798,12.76,Low Risk
E834,27,0,Research & Development,Research Scientist,Travel_Rarely,199,6,3,Life Sciences,4,Male,55,2,1,3,Married,2539,7950,1,No,13,3,3,1,4,0,3,4,2,2,2,507.8,0.4,3.0,0,0.2185238949407748,21.85,Low Risk
E835,34,0,Sales,Sales Executive,Travel_Rarely,1400,9,1,Life Sciences,2,Female,70,3,2,3,Married,5714,5829,1,No,20,4,1,0,6,3,2,6,5,1,3,816.2857142857143,0.14285714285714285,2.2,0,0.19311168054251585,19.31,Low Risk
E836,35,0,Human Resources,Human Resources,Travel_Rarely,528,8,4,Technical Degree,3,Male,100,3,1,3,Single,4323,7108,1,No,17,3,2,0,6,2,1,5,4,1,4,617.5714285714286,0.16666666666666666,2.4,0,0.5847042811496662,58.47,Medium Risk
E837,29,1,Sales,Sales Executive,Travel_Rarely,408,23,1,Life Sciences,4,Female,45,2,3,1,Married,7336,11162,1,No,13,3,1,1,11,3,1,11,8,3,10,611.3333333333334,0.25,1.8,0,0.3268570143407185,32.69,Medium Risk
E838,40,0,Research & Development,Research Director,Travel_Frequently,593,9,4,Medical,2,Female,88,3,3,3,Single,13499,13782,9,No,17,3,3,0,20,3,2,18,7,2,13,642.8095238095239,0.10526315789473684,2.6,0,0.11419922691407891,11.42,Low Risk
E839,42,1,Sales,Sales Executive,Travel_Frequently,481,12,3,Life Sciences,3,Male,44,3,4,1,Single,13758,2447,0,Yes,12,3,2,0,22,2,2,21,9,13,14,598.1739130434783,0.5909090909090909,2.2,1,0.9627199850728284,96.27,High Risk
E840,42,0,Sales,Sales Executive,Travel_Rarely,647,4,4,Marketing,2,Male,45,3,2,1,Single,5155,2253,7,No,13,3,4,0,9,3,4,6,4,1,5,515.5,0.14285714285714285,2.8,0,0.6311793569767896,63.12,High Risk
E841,35,0,Research & Development,Laboratory Technician,Travel_Rarely,982,1,4,Medical,4,Male,58,2,1,3,Married,2258,16340,6,No,12,3,2,1,10,2,3,8,0,1,7,205.27272727272728,0.1111111111111111,2.8,0,0.35544162663585227,35.54,Medium Risk
E842,24,0,Research & Development,Laboratory Technician,Travel_Rarely,477,24,3,Medical,4,Male,49,3,1,2,Single,3597,6409,8,No,22,4,4,0,6,2,3,4,3,1,2,513.8571428571429,0.2,3.2,0,0.7715669388193952,77.16,High Risk
E843,28,1,Research & Development,Laboratory Technician,Travel_Rarely,1485,12,1,Life Sciences,3,Female,79,3,1,4,Married,2515,22955,1,Yes,11,3,4,0,1,4,2,1,1,0,0,1257.5,0.0,3.2,1,0.7349032501214409,73.49,High Risk
E844,26,0,Research & Development,Laboratory Technician,Travel_Rarely,1384,3,4,Medical,1,Male,82,4,1,4,Married,4420,13421,1,No,22,4,2,1,8,2,3,8,7,0,7,491.1111111111111,0.0,2.8,0,0.06933751390361079,6.93,Low Risk
E845,30,0,Sales,Sales Executive,Travel_Rarely,852,10,3,Marketing,3,Male,72,2,2,3,Married,6578,2706,1,No,18,3,1,1,10,3,3,10,3,1,4,598.0,0.09090909090909091,2.4,0,0.2839775438531152,28.4,Low Risk
E846,40,0,Research & Development,Research Scientist,Travel_Frequently,902,26,2,Medical,3,Female,92,2,2,4,Married,4422,21203,3,Yes,13,3,4,1,16,3,1,1,1,0,0,260.11764705882354,0.0,2.8,1,0.7281471553355635,72.81,High Risk
E847,35,0,Research & Development,Manufacturing Director,Travel_Rarely,819,2,3,Life Sciences,3,Male,44,2,3,2,Divorced,10274,19588,2,No,18,3,2,1,15,2,4,7,7,6,4,642.125,0.75,2.6,0,0.072005325609716,7.2,Low Risk
E848,34,0,Research & Development,Healthcare Representative,Travel_Frequently,669,1,3,Medical,4,Male,97,2,2,1,Single,5343,25755,0,No,20,4,3,0,14,3,3,13,9,4,9,356.2,0.2857142857142857,2.6,0,0.14979593124101484,14.98,Low Risk
E849,35,0,Research & Development,Laboratory Technician,Travel_Frequently,636,4,4,Other,4,Male,47,2,1,4,Married,2376,26537,1,No,13,3,2,1,2,2,4,2,2,2,2,792.0,0.6666666666666666,3.2,0,0.3337499539182174,33.37,Medium Risk
E850,43,1,Sales,Sales Executive,Travel_Rarely,1372,9,3,Marketing,1,Female,85,1,2,3,Single,5346,9489,8,No,13,3,2,0,7,2,2,4,3,1,3,668.25,0.2,1.8,0,0.9094753631277969,90.95,High Risk
E851,32,0,Sales,Sales Representative,Non-Travel,862,2,1,Life Sciences,3,Female,76,3,1,1,Divorced,2827,14947,1,No,12,3,3,3,1,3,3,1,0,0,0,1413.5,0.0,2.6,0,0.17579207628342905,17.58,Low Risk
E852,56,0,Research & Development,Manager,Travel_Rarely,718,4,4,Technical Degree,4,Female,92,3,5,1,Divorced,19943,18575,4,No,13,3,4,1,28,2,3,5,2,4,2,687.6896551724138,0.6666666666666666,3.0,0,0.04929728145618371,4.93,Low Risk
E853,29,0,Research & Development,Laboratory Technician,Travel_Rarely,1401,6,1,Medical,2,Female,54,3,1,4,Married,3131,26342,1,No,13,3,1,1,10,5,3,10,8,0,8,284.6363636363636,0.0,2.6,0,0.053538220120466565,5.35,Low Risk
E854,19,0,Research & Development,Research Scientist,Travel_Rarely,645,9,2,Life Sciences,3,Male,54,3,1,1,Single,2552,7172,1,No,25,4,3,0,1,4,3,1,1,0,0,1276.0,0.0,2.6,0,0.47690011646592384,47.69,Medium Risk
E855,45,0,Research & Development,Research Scientist,Travel_Rarely,1457,7,3,Medical,1,Female,83,3,1,3,Married,4477,20100,4,Yes,19,3,3,1,7,2,2,3,2,0,2,559.625,0.0,2.4,1,0.5410939229022484,54.11,Medium Risk
E856,37,0,Research & Development,Manufacturing Director,Travel_Rarely,977,1,3,Life Sciences,4,Female,56,2,2,4,Married,6474,9961,1,No,13,3,2,1,14,2,2,14,8,3,11,431.6,0.2,2.8,0,0.039414929325701877,3.94,Low Risk
E857,20,0,Research & Development,Laboratory Technician,Travel_Rarely,805,3,3,Life Sciences,1,Male,87,2,1,3,Single,3033,12828,1,No,12,3,1,0,2,2,2,2,2,1,2,1011.0,0.3333333333333333,1.8,0,0.9030111931218464,90.3,High Risk
E858,44,1,Research & Development,Research Scientist,Travel_Rarely,1097,10,4,Life Sciences,3,Male,96,3,1,3,Single,2936,10826,1,Yes,11,3,3,0,6,4,3,6,4,0,2,419.42857142857144,0.0,3.0,1,0.4498963721927278,44.99,Medium Risk
E859,53,0,Research & Development,Manager,Travel_Rarely,1223,7,2,Medical,4,Female,50,3,5,3,Divorced,18606,18640,3,No,18,3,2,1,26,6,3,7,7,4,7,689.1111111111111,0.5,3.0,0,0.018136512288033025,1.81,Low Risk
E860,29,0,Research & Development,Research Scientist,Travel_Rarely,942,15,1,Life Sciences,2,Female,69,1,1,4,Married,2168,26933,0,Yes,18,3,1,1,6,2,2,5,4,1,3,309.7142857142857,0.16666666666666666,2.0,1,0.6363011744795685,63.63,High Risk
E861,22,1,Research & Development,Research Scientist,Travel_Frequently,1256,3,4,Life Sciences,3,Male,48,2,1,4,Married,2853,4223,0,Yes,11,3,2,1,1,5,3,0,0,0,0,1426.5,0.0,2.8,1,0.7997079325958507,79.97,High Risk
E862,46,0,Sales,Manager,Travel_Rarely,1402,2,3,Marketing,3,Female,69,3,4,1,Married,17048,24097,8,No,23,4,1,0,28,2,3,26,15,15,9,587.8620689655172,0.5555555555555556,2.2,0,0.6095703959152474,60.96,High Risk
E863,44,0,Research & Development,Research Scientist,Non-Travel,111,17,3,Life Sciences,4,Male,74,1,1,3,Single,2290,4279,2,No,13,3,4,0,6,3,3,0,0,0,0,327.14285714285717,0.0,3.0,0,0.1143395345615696,11.43,Low Risk
E864,33,0,Human Resources,Human Resources,Travel_Rarely,147,2,3,Human Resources,2,Male,99,3,1,3,Married,3600,8429,1,No,13,3,4,1,5,2,3,5,4,1,4,600.0,0.16666666666666666,3.0,0,0.2768506149733035,27.69,Low Risk
E865,41,1,Research & Development,Research Scientist,Non-Travel,906,5,2,Life Sciences,1,Male,95,2,1,1,Divorced,2107,20293,6,No,17,3,1,1,5,2,1,1,0,0,0,351.1666666666667,0.0,1.2,0,0.5067718450323521,50.68,Medium Risk
E866,30,0,Sales,Sales Executive,Travel_Rarely,1329,29,4,Life Sciences,3,Male,61,3,2,1,Divorced,4115,13192,8,No,19,3,3,3,8,3,3,4,3,0,3,457.22222222222223,0.0,2.6,0,0.25839036578907976,25.84,Low Risk
E867,40,0,Sales,Sales Executive,Travel_Frequently,1184,2,4,Medical,2,Male,62,3,2,2,Married,4327,25440,5,No,12,3,4,3,5,2,3,0,0,0,0,721.1666666666666,0.0,2.8,0,0.5627945237404558,56.28,Medium Risk
E868,50,0,Research & Development,Manager,Travel_Frequently,1421,2,3,Medical,4,Female,30,3,4,1,Married,17856,9490,2,No,22,4,3,1,32,3,3,2,2,2,2,541.0909090909091,0.6666666666666666,2.8,0,0.02802155012100872,2.8,Low Risk
E869,28,0,Research & Development,Laboratory Technician,Travel_Rarely,1179,19,4,Medical,4,Male,78,2,1,1,Married,3196,12449,1,No,12,3,3,3,6,2,3,6,5,3,3,456.57142857142856,0.42857142857142855,2.6,0,0.4040847409874513,40.41,Medium Risk
E870,46,0,Research & Development,Research Director,Travel_Rarely,1450,15,2,Life Sciences,4,Male,52,3,5,2,Married,19081,10849,5,No,11,3,1,1,25,2,3,4,2,0,3,733.8846153846154,0.0,2.6,0,0.0313817670535571,3.14,Low Risk
E871,35,0,Sales,Sales Executive,Travel_Rarely,1361,17,4,Life Sciences,3,Male,94,3,2,1,Married,8966,21026,3,Yes,15,3,4,3,15,2,3,7,7,1,7,560.375,0.125,2.8,1,0.20905648522233383,20.91,Low Risk
E872,24,1,Research & Development,Laboratory Technician,Travel_Rarely,984,17,2,Life Sciences,4,Female,97,3,1,2,Married,2210,3372,1,No,13,3,1,1,1,3,1,1,0,0,0,1105.0,0.0,2.2,0,0.6530286835416332,65.3,High Risk
E873,33,0,Sales,Sales Executive,Travel_Frequently,1146,25,3,Medical,2,Female,82,3,2,3,Married,4539,4905,1,No,12,3,1,1,10,3,2,10,7,0,1,412.6363636363636,0.0,2.2,0,0.5888944418582864,58.89,Medium Risk
E874,36,0,Research & Development,Laboratory Technician,Travel_Rarely,917,6,4,Life Sciences,3,Male,60,1,1,3,Divorced,2741,6865,1,No,14,3,3,1,7,4,3,7,7,1,7,342.625,0.125,2.6,0,0.06793482181335407,6.79,Low Risk
E875,30,0,Research & Development,Laboratory Technician,Travel_Rarely,853,7,4,Life Sciences,3,Male,49,3,2,3,Divorced,3491,11309,1,No,13,3,1,3,10,4,2,10,7,8,9,317.3636363636364,0.7272727272727273,2.4,0,0.14421924574861347,14.42,Low Risk
E876,44,0,Research & Development,Research Scientist,Travel_Rarely,200,29,4,Other,4,Male,32,3,2,4,Single,4541,7744,1,No,25,4,2,0,20,3,3,20,11,13,17,216.23809523809524,0.6190476190476191,3.2,0,0.22435534718855119,22.44,Low Risk
E877,20,0,Sales,Sales Representative,Travel_Rarely,654,21,3,Marketing,3,Male,43,4,1,4,Single,2678,5050,1,No,17,3,4,0,2,2,3,2,1,2,2,892.6666666666666,0.6666666666666666,3.6,0,0.5920230421956492,59.2,Medium Risk
E878,46,0,Research & Development,Manufacturing Director,Travel_Rarely,150,2,4,Technical Degree,4,Male,60,3,2,4,Divorced,7379,17433,2,No,11,3,3,1,12,3,2,6,3,1,4,567.6153846153846,0.14285714285714285,3.2,0,0.07341843153579561,7.34,Low Risk
E879,42,0,Human Resources,Human Resources,Non-Travel,179,2,5,Medical,4,Male,79,4,2,1,Married,6272,12858,7,No,16,3,1,1,10,3,4,4,3,0,3,570.1818181818181,0.0,2.8,0,0.06419154455433614,6.42,Low Risk
E880,60,0,Sales,Sales Executive,Travel_Rarely,696,7,4,Marketing,2,Male,52,4,2,4,Divorced,5220,10893,0,Yes,18,3,2,1,12,3,3,11,7,1,9,401.53846153846155,0.08333333333333333,3.0,1,0.08739200726708043,8.74,Low Risk
E881,32,0,Research & Development,Laboratory Technician,Travel_Frequently,116,13,3,Other,3,Female,77,2,1,2,Married,2743,7331,1,No,20,4,3,1,2,2,3,2,2,2,2,914.3333333333334,0.6666666666666666,2.6,0,0.6327874124529208,63.28,High Risk
E882,32,0,Research & Development,Research Scientist,Travel_Frequently,1316,2,2,Life Sciences,4,Female,38,3,2,3,Single,4998,2338,4,Yes,14,3,4,0,10,2,3,8,7,0,7,454.3636363636364,0.0,3.4,1,0.29959074314303313,29.96,Low Risk
E883,36,0,Research & Development,Manufacturing Director,Travel_Rarely,363,1,3,Technical Degree,3,Female,77,1,3,1,Divorced,10252,4235,2,Yes,21,4,3,1,17,2,3,7,7,7,7,569.5555555555555,0.875,2.2,1,0.5713570798180784,57.14,Medium Risk
E884,33,0,Research & Development,Research Scientist,Travel_Rarely,117,9,3,Medical,1,Male,60,3,1,4,Married,2781,6311,0,No,13,3,2,1,15,5,3,14,10,4,10,173.8125,0.26666666666666666,2.6,0,0.07354923930905334,7.35,Low Risk
E885,40,0,Sales,Sales Executive,Travel_Rarely,107,10,3,Technical Degree,2,Female,84,2,2,2,Divorced,6852,11591,7,No,12,3,2,1,7,2,4,5,1,1,3,856.5,0.16666666666666666,2.4,0,0.7914077271058749,79.14,High Risk
E886,25,0,Sales,Sales Executive,Travel_Rarely,1356,10,4,Life Sciences,3,Male,57,3,2,4,Single,4950,20623,0,No,14,3,2,0,5,4,3,4,3,1,1,825.0,0.2,3.0,0,0.2413030263887973,24.13,Low Risk
E887,30,0,Research & Development,Research Scientist,Travel_Rarely,1465,1,3,Medical,4,Male,63,3,1,2,Married,3579,9369,0,Yes,21,4,1,1,12,2,3,11,9,5,7,275.3076923076923,0.4166666666666667,2.6,1,0.23448162740136727,23.45,Low Risk
E888,42,0,Research & Development,Research Director,Travel_Frequently,458,26,5,Medical,1,Female,60,3,3,1,Married,13191,23281,3,Yes,17,3,3,0,20,6,3,1,0,0,0,628.1428571428571,0.0,2.2,1,0.4493632980178063,44.94,Medium Risk
E889,35,0,Sales,Sales Executive,Non-Travel,1212,8,2,Marketing,3,Female,78,2,3,4,Married,10377,13755,4,Yes,11,3,2,1,16,6,2,13,2,4,12,610.4117647058823,0.2857142857142857,2.6,1,0.24709097231990199,24.71,Low Risk
E890,27,0,Research & Development,Research Scientist,Travel_Rarely,1103,14,3,Life Sciences,1,Male,42,3,1,1,Married,2235,14377,1,Yes,14,3,4,2,9,3,2,9,7,6,8,223.5,0.6,2.2,1,0.7083603552486328,70.84,High Risk
E891,54,0,Research & Development,Manufacturing Director,Travel_Frequently,966,1,4,Life Sciences,4,Female,53,3,3,3,Divorced,10502,9659,7,No,17,3,1,1,33,2,1,5,4,1,4,308.88235294117646,0.16666666666666666,2.4,0,0.07317742646306905,7.32,Low Risk
E892,44,0,Research & Development,Research Scientist,Travel_Rarely,1117,2,1,Life Sciences,1,Female,72,4,1,4,Married,2011,19982,1,No,13,3,4,1,10,5,3,10,5,7,7,182.8181818181818,0.6363636363636364,3.2,0,0.04644353642368219,4.64,Low Risk
E893,19,1,Research & Development,Research Scientist,Non-Travel,504,10,3,Medical,1,Female,96,2,1,2,Single,1859,6148,1,Yes,25,4,2,0,1,2,4,1,1,0,0,929.5,0.0,2.2,1,0.7945146755443966,79.45,High Risk
E894,29,0,Research & Development,Research Scientist,Travel_Rarely,1010,1,3,Life Sciences,1,Female,97,3,1,4,Divorced,3760,5598,1,No,15,3,1,3,3,5,3,3,2,1,2,940.0,0.25,2.4,0,0.06331875869430048,6.33,Low Risk
E895,54,0,Research & Development,Research Director,Travel_Rarely,685,3,3,Life Sciences,4,Male,85,3,4,4,Married,17779,23474,3,No,14,3,1,0,36,2,3,10,9,0,9,480.5135135135135,0.0,3.0,0,0.014825188670837038,1.48,Low Risk
E896,31,0,Research & Development,Healthcare Representative,Travel_Rarely,1332,11,2,Medical,3,Male,80,3,2,1,Married,6833,17089,1,Yes,12,3,4,0,6,2,2,6,5,0,1,976.1428571428571,0.0,2.6,1,0.6217142183099726,62.17,High Risk
E897,31,0,Research & Development,Healthcare Representative,Travel_Rarely,1062,24,3,Medical,3,Female,96,2,2,1,Single,6812,17198,1,No,19,3,2,0,10,2,3,10,9,1,8,619.2727272727273,0.09090909090909091,2.2,0,0.13217541321125445,13.22,Low Risk
E898,59,0,Sales,Sales Executive,Travel_Rarely,326,3,3,Life Sciences,3,Female,48,2,2,4,Single,5171,16490,5,No,17,3,4,0,13,2,3,6,1,0,5,369.35714285714283,0.0,3.2,0,0.13416820048770906,13.42,Low Risk
E899,43,0,Research & Development,Research Director,Travel_Rarely,920,3,3,Life Sciences,3,Male,96,1,5,4,Married,19740,18625,3,No,14,3,2,1,25,2,3,8,7,0,7,759.2307692307693,0.0,2.6,0,0.01972691627900733,1.97,Low Risk
E900,49,0,Research & Development,Manager,Travel_Rarely,1098,4,2,Medical,1,Male,85,2,5,3,Married,18711,12124,2,No,13,3,3,1,23,2,4,1,0,0,0,779.625,0.0,2.6,0,0.060347333714659064,6.03,Low Risk
E901,36,0,Research & Development,Research Scientist,Travel_Frequently,469,3,3,Technical Degree,3,Male,46,3,1,2,Married,3692,9256,1,No,12,3,3,0,12,2,2,11,10,0,7,284.0,0.0,2.6,0,0.3097897713152803,30.98,Medium Risk
E902,48,0,Research & Development,Laboratory Technician,Travel_Rarely,969,2,2,Technical Degree,4,Male,76,4,1,2,Single,2559,16620,5,No,11,3,3,0,7,4,2,1,0,0,0,319.875,0.0,3.0,0,0.5983838707416396,59.84,Medium Risk
E903,27,0,Research & Development,Research Scientist,Travel_Rarely,1167,4,2,Life Sciences,1,Male,76,3,1,3,Divorced,2517,3208,1,No,11,3,2,3,5,2,3,5,3,0,3,419.5,0.0,2.4,0,0.08632832951065189,8.63,Low Risk
E904,29,0,Research & Development,Healthcare Representative,Travel_Rarely,1329,7,3,Life Sciences,3,Male,82,3,2,4,Divorced,6623,4204,1,Yes,11,3,2,2,6,2,3,6,0,1,0,946.1428571428571,0.14285714285714285,3.0,1,0.2849086153889216,28.49,Low Risk
E905,48,0,Research & Development,Research Director,Travel_Rarely,715,1,3,Life Sciences,4,Male,76,2,5,4,Single,18265,8733,6,No,12,3,3,0,25,3,4,1,0,0,0,702.5,0.0,3.4,0,0.027898117134510306,2.79,Low Risk
E906,29,0,Research & Development,Research Director,Travel_Rarely,694,1,3,Life Sciences,4,Female,87,2,4,4,Divorced,16124,3423,3,No,14,3,2,2,9,2,2,7,7,1,7,1612.4,0.125,2.8,0,0.025919865685750648,2.59,Low Risk
E907,34,0,Research & Development,Research Scientist,Travel_Rarely,1320,20,3,Technical Degree,3,Female,89,4,1,3,Married,2585,21643,0,No,17,3,4,0,2,5,2,1,0,0,0,861.6666666666666,0.0,3.2,0,0.1796687400691321,17.97,Low Risk
E908,44,0,Sales,Manager,Travel_Rarely,1099,5,3,Marketing,2,Male,88,3,5,2,Married,18213,8751,7,No,11,3,3,1,26,5,3,22,9,3,10,674.5555555555555,0.13043478260869565,2.6,0,0.12316023637682093,12.32,Low Risk
E909,33,0,Sales,Sales Executive,Travel_Rarely,536,10,5,Marketing,4,Male,82,4,3,3,Divorced,8380,21708,0,Yes,14,3,4,2,10,3,3,9,8,0,8,761.8181818181819,0.0,3.6,1,0.06790863981011461,6.79,Low Risk
E910,19,0,Research & Development,Research Scientist,Travel_Rarely,265,25,3,Life Sciences,2,Female,57,4,1,4,Single,2994,21221,1,Yes,12,3,4,0,1,2,3,1,0,0,1,1497.0,0.0,3.4,1,0.874451951641072,87.45,High Risk
E911,23,0,Research & Development,Research Scientist,Travel_Rarely,373,1,2,Life Sciences,4,Male,47,3,1,3,Married,1223,16901,1,No,22,4,4,1,1,2,3,1,0,0,1,611.5,0.0,3.4,0,0.0808168374358735,8.08,Low Risk
E912,25,1,Sales,Sales Representative,Travel_Frequently,599,24,1,Life Sciences,3,Male,73,1,1,4,Single,1118,8040,1,Yes,14,3,4,0,1,4,3,1,0,1,0,559.0,0.5,3.0,1,0.9507616244611707,95.08,High Risk
E913,26,0,Research & Development,Research Scientist,Travel_Rarely,583,4,2,Life Sciences,3,Male,53,3,1,4,Single,2875,9973,1,Yes,20,4,2,0,8,2,2,8,5,2,2,319.44444444444446,0.2222222222222222,2.8,1,0.6394596776322281,63.95,High Risk
E914,45,1,Sales,Manager,Travel_Rarely,1449,2,3,Marketing,1,Female,94,1,5,2,Single,18824,2493,2,Yes,16,3,1,0,26,2,3,24,10,1,11,697.1851851851852,0.04,1.6,1,0.666435409490122,66.64,High Risk
E915,55,0,Research & Development,Healthcare Representative,Non-Travel,177,8,1,Medical,4,Male,37,2,4,2,Divorced,13577,25592,1,Yes,15,3,4,1,34,3,3,33,9,15,0,387.9142857142857,0.4411764705882353,3.0,1,0.7719013913730078,77.19,High Risk
E916,21,1,Research & Development,Laboratory Technician,Travel_Frequently,251,10,2,Life Sciences,1,Female,45,2,1,3,Single,2625,25308,1,No,20,4,3,0,2,2,1,2,2,2,2,875.0,0.6666666666666666,2.0,0,0.9285162830624181,92.85,High Risk
E917,46,0,Sales,Manager,Travel_Rarely,168,4,2,Marketing,4,Female,33,2,5,2,Married,18789,9946,2,No,14,3,3,1,26,2,3,11,4,0,8,695.8888888888889,0.0,2.8,0,0.03852094372310176,3.85,Low Risk
E918,34,0,Sales,Sales Executive,Travel_Rarely,131,2,3,Marketing,3,Female,86,3,2,1,Single,4538,6039,0,Yes,12,3,4,0,4,3,3,3,2,0,2,907.6,0.0,2.8,1,0.7982956874577859,79.83,High Risk
E919,51,0,Sales,Manager,Travel_Frequently,237,9,3,Life Sciences,4,Male,83,3,5,2,Divorced,19847,19196,4,Yes,24,4,1,1,31,5,2,29,10,11,10,620.21875,0.36666666666666664,2.4,1,0.6639478775055614,66.39,High Risk
E920,59,0,Research & Development,Manufacturing Director,Travel_Rarely,1429,18,4,Medical,4,Male,67,3,3,4,Single,10512,20002,6,No,12,3,4,0,25,6,2,9,7,5,4,404.3076923076923,0.5,3.4,0,0.08395357030281933,8.4,Low Risk
E921,34,0,Research & Development,Laboratory Technician,Travel_Frequently,135,19,3,Medical,3,Female,46,3,2,2,Divorced,4444,22534,4,No,13,3,3,2,15,2,4,11,8,5,10,277.75,0.4166666666666667,3.0,0,0.2666096835334233,26.66,Low Risk
E922,28,0,Research & Development,Laboratory Technician,Travel_Frequently,791,1,4,Medical,4,Male,44,3,1,3,Single,2154,6842,0,Yes,11,3,3,0,5,2,2,4,2,0,2,359.0,0.0,3.0,1,0.8546725038426446,85.47,High Risk
E923,44,0,Research & Development,Manager,Travel_Rarely,1199,4,2,Life Sciences,3,Male,92,4,5,1,Divorced,19190,17477,1,No,14,3,4,2,26,4,2,25,9,14,13,710.7407407407408,0.5384615384615384,2.8,0,0.07079112758223355,7.08,Low Risk
E924,34,0,Human Resources,Human Resources,Travel_Frequently,648,11,3,Life Sciences,3,Male,56,2,2,2,Married,4490,21833,4,No,11,3,4,2,14,5,4,10,9,1,8,299.3333333333333,0.09090909090909091,3.0,0,0.12151275748348035,12.15,Low Risk
E925,35,0,Research & Development,Research Scientist,Travel_Rarely,735,6,1,Life Sciences,3,Male,66,3,1,3,Married,3506,6020,0,Yes,14,3,4,0,4,3,3,3,2,2,2,701.2,0.5,3.2,1,0.25826991258185605,25.83,Low Risk
E926,42,0,Research & Development,Research Scientist,Travel_Rarely,603,7,4,Medical,2,Female,78,4,2,2,Married,2372,5628,6,Yes,16,3,4,0,18,2,3,1,0,0,0,124.84210526315789,0.0,3.0,1,0.5137829706864022,51.38,Medium Risk
E927,43,0,Sales,Sales Executive,Travel_Rarely,531,4,4,Marketing,4,Female,56,2,3,4,Single,10231,20364,3,No,14,3,4,0,23,3,4,21,7,15,17,426.2916666666667,0.6818181818181818,3.6,0,0.2839459454491319,28.39,Low Risk
E928,36,0,Research & Development,Manufacturing Director,Travel_Rarely,429,2,4,Life Sciences,3,Female,53,3,2,2,Single,5410,2323,9,Yes,11,3,4,0,18,2,3,16,14,5,12,284.7368421052632,0.29411764705882354,3.0,1,0.47995513913862986,48.0,Medium Risk
E929,44,1,Research & Development,Healthcare Representative,Travel_Rarely,621,15,3,Medical,1,Female,73,3,3,4,Married,7978,14075,1,No,11,3,4,1,10,2,3,10,7,0,5,725.2727272727273,0.0,3.0,0,0.05450952745195853,5.45,Low Risk
E930,28,0,Research & Development,Laboratory Technician,Travel_Frequently,193,2,3,Life Sciences,4,Male,52,2,1,4,Married,3867,14222,1,Yes,12,3,2,1,2,2,3,2,2,2,2,1289.0,0.6666666666666666,3.0,1,0.8854169799621177,88.54,High Risk
E931,51,0,Research & Development,Laboratory Technician,Travel_Frequently,968,6,2,Medical,2,Female,40,2,1,3,Single,2838,4257,0,No,14,3,2,0,8,6,2,7,0,7,7,315.3333333333333,0.875,2.2,0,0.6512324759189336,65.12,High Risk
E932,30,0,Research & Development,Manufacturing Director,Non-Travel,879,9,2,Medical,3,Female,72,3,2,3,Single,4695,12858,7,Yes,18,3,3,0,10,3,3,8,4,1,7,426.8181818181818,0.1111111111111111,3.0,1,0.19672404249833084,19.67,Low Risk
E933,29,1,Research & Development,Laboratory Technician,Travel_Rarely,806,7,3,Technical Degree,2,Female,39,3,1,3,Divorced,3339,17285,3,Yes,13,3,1,2,10,2,3,7,7,7,7,303.54545454545456,0.875,2.4,1,0.8295933424699301,82.96,High Risk
E934,28,0,Research & Development,Research Scientist,Travel_Rarely,640,1,3,Technical Degree,4,Male,84,3,1,1,Single,2080,4732,2,No,11,3,2,0,5,2,2,3,2,1,2,346.6666666666667,0.25,2.4,0,0.6843637908235124,68.44,High Risk
E935,25,0,Research & Development,Research Scientist,Travel_Rarely,266,1,3,Medical,4,Female,40,3,1,2,Single,2096,18830,1,No,18,3,4,0,2,3,2,2,2,2,1,698.6666666666666,0.6666666666666666,3.0,0,0.17779558423947134,17.78,Low Risk
E936,32,0,Sales,Sales Executive,Travel_Rarely,604,8,3,Medical,3,Male,56,4,2,4,Married,6209,11693,1,No,15,3,3,2,10,4,4,10,7,0,8,564.4545454545455,0.0,3.6,0,0.03229643805990088,3.23,Low Risk
E937,45,0,Research & Development,Manager,Travel_Frequently,364,25,3,Medical,2,Female,83,3,5,2,Single,18061,13035,3,No,22,4,3,0,22,4,3,0,0,0,0,785.2608695652174,0.0,2.6,0,0.219443128992958,21.94,Low Risk
E938,39,0,Research & Development,Manager,Travel_Rarely,412,13,4,Medical,3,Female,94,2,4,2,Divorced,17123,17334,6,Yes,13,3,4,2,21,4,3,19,9,15,2,778.3181818181819,0.75,2.8,1,0.8451961726904347,84.52,High Risk
E939,58,0,Research & Development,Research Scientist,Travel_Rarely,848,23,4,Life Sciences,1,Male,88,3,1,3,Divorced,2372,26076,1,No,12,3,4,2,2,3,3,2,2,2,2,790.6666666666666,0.6666666666666666,2.8,0,0.13393495276989742,13.39,Low Risk
E940,32,1,Research & Development,Laboratory Technician,Travel_Rarely,1089,7,2,Life Sciences,4,Male,79,3,2,3,Married,4883,22845,1,No,18,3,1,1,10,3,3,10,4,1,1,443.90909090909093,0.09090909090909091,2.8,0,0.2120139454088145,21.2,Low Risk
E941,39,1,Research & Development,Research Scientist,Travel_Rarely,360,23,3,Medical,3,Male,93,3,1,1,Single,3904,22154,0,No,13,3,1,0,6,2,3,5,2,0,3,557.7142857142857,0.0,2.2,0,0.5493248747248805,54.93,Medium Risk
E942,30,0,Research & Development,Laboratory Technician,Travel_Rarely,1138,6,3,Technical Degree,1,Female,48,2,2,4,Married,4627,23631,0,No,12,3,1,1,10,6,3,9,2,6,7,420.6363636363636,0.6,2.2,0,0.6101267818323762,61.01,High Risk
E943,36,0,Research & Development,Healthcare Representative,Travel_Rarely,325,10,4,Technical Degree,4,Female,63,3,3,3,Married,7094,5747,3,No,12,3,1,0,10,0,3,7,7,1,7,644.9090909090909,0.125,2.8,0,0.12271105601285448,12.27,Low Risk
E944,46,0,Human Resources,Human Resources,Travel_Rarely,991,1,2,Life Sciences,4,Female,44,3,1,1,Single,3423,22957,6,No,12,3,3,0,10,3,4,7,6,5,7,311.1818181818182,0.625,3.0,0,0.1669292954537547,16.69,Low Risk
E945,28,0,Research & Development,Laboratory Technician,Non-Travel,1476,1,3,Life Sciences,3,Female,55,1,2,4,Married,6674,16392,0,No,11,3,1,3,10,6,3,9,8,7,5,606.7272727272727,0.7,2.4,0,0.04412736604308447,4.41,Low Risk
E946,50,0,Research & Development,Research Director,Travel_Rarely,1322,28,3,Life Sciences,4,Female,43,3,4,1,Married,16880,22422,4,Yes,11,3,2,0,25,2,3,3,2,1,2,649.2307692307693,0.25,2.6,1,0.12126170025108281,12.13,Low Risk
E947,40,1,Sales,Sales Executive,Travel_Rarely,299,25,4,Marketing,4,Male,57,2,3,2,Single,9094,17235,2,Yes,12,3,3,0,9,2,3,5,4,1,0,909.4,0.16666666666666666,2.8,1,0.940796231358789,94.08,High Risk
E948,52,1,Sales,Sales Executive,Travel_Rarely,1030,5,3,Life Sciences,2,Male,64,3,3,2,Single,8446,21534,9,Yes,19,3,3,0,10,2,2,8,7,7,7,767.8181818181819,0.7777777777777778,2.4,1,0.94246405939024,94.25,High Risk
E949,30,0,Research & Development,Manager,Travel_Rarely,634,17,4,Medical,2,Female,95,3,3,1,Married,11916,25927,1,Yes,23,4,4,2,9,2,3,9,1,0,8,1191.6,0.0,2.6,1,0.32203448585485883,32.2,Medium Risk
E950,39,0,Research & Development,Manufacturing Director,Travel_Rarely,524,18,2,Life Sciences,1,Male,32,3,2,3,Single,4534,13352,0,No,11,3,1,0,9,6,3,8,7,1,7,453.4,0.1111111111111111,2.2,0,0.1835954517003805,18.36,Low Risk
E951,31,0,Sales,Sales Executive,Non-Travel,587,2,4,Life Sciences,4,Female,57,3,3,3,Divorced,9852,8935,1,Yes,19,3,1,1,10,5,2,10,8,9,6,895.6363636363636,0.8181818181818182,2.6,1,0.09493380210427689,9.49,Low Risk
E952,41,0,Sales,Sales Executive,Non-Travel,256,10,2,Medical,3,Male,40,1,2,2,Single,6151,22074,1,No,13,3,1,0,19,4,3,19,2,11,9,307.55,0.55,2.0,0,0.8557286759700263,85.57,High Risk
E953,31,1,Sales,Sales Representative,Travel_Frequently,1060,1,3,Life Sciences,4,Female,54,3,1,2,Single,2302,8319,1,Yes,11,3,1,0,3,2,4,3,2,2,2,575.5,0.5,2.8,1,0.9063428858745026,90.63,High Risk
E954,44,1,Research & Development,Laboratory Technician,Travel_Rarely,935,3,3,Life Sciences,1,Male,89,3,1,1,Married,2362,14669,4,No,12,3,3,0,10,4,4,3,2,1,2,214.72727272727272,0.25,2.4,0,0.3834445486954193,38.34,Medium Risk
E955,42,0,Research & Development,Manager,Non-Travel,495,2,1,Life Sciences,3,Male,37,3,4,3,Married,17861,26582,0,Yes,13,3,4,0,21,3,2,20,8,2,10,811.8636363636364,0.09523809523809523,3.0,1,0.04271003410209558,4.27,Low Risk
E956,55,0,Research & Development,Manager,Travel_Rarely,282,2,2,Medical,4,Female,58,1,5,3,Married,19187,6992,4,No,14,3,4,1,23,5,3,19,9,9,11,799.4583333333334,0.45,3.0,0,0.05196828607610161,5.2,Low Risk
E957,56,0,Human Resources,Manager,Travel_Rarely,206,8,4,Life Sciences,4,Male,99,3,5,2,Single,19717,4022,6,No,14,3,1,0,36,4,3,7,3,7,7,532.8918918918919,0.875,2.6,0,0.04460671245235291,4.46,Low Risk
E958,40,0,Research & Development,Research Scientist,Non-Travel,458,16,2,Life Sciences,3,Male,74,3,1,3,Divorced,3544,8532,9,No,16,3,2,1,6,0,3,4,2,0,0,506.2857142857143,0.0,2.8,0,0.16656694657166998,16.66,Low Risk
E959,34,0,Research & Development,Healthcare Representative,Travel_Rarely,943,9,3,Life Sciences,4,Male,86,3,3,4,Divorced,8500,5494,0,No,11,3,4,1,10,0,2,9,7,1,6,772.7272727272727,0.1,3.4,0,0.03100408387521634,3.1,Low Risk
E960,40,0,Research & Development,Research Scientist,Travel_Rarely,523,2,3,Life Sciences,3,Male,98,3,2,4,Single,4661,22455,1,No,13,3,3,0,9,4,3,9,8,8,8,466.1,0.8,3.2,0,0.0981240638213859,9.81,Low Risk
E961,41,0,Sales,Sales Executive,Travel_Frequently,1018,1,3,Marketing,3,Female,66,3,2,1,Divorced,4103,4297,0,No,17,3,4,1,10,2,3,9,3,1,7,373.0,0.1,2.8,0,0.0879519103153163,8.8,Low Risk
E962,35,0,Research & Development,Research Scientist,Travel_Frequently,482,4,4,Life Sciences,3,Male,87,3,2,3,Single,4249,2690,1,Yes,11,3,2,0,9,3,3,9,6,1,1,424.9,0.1,2.8,1,0.8141769092214391,81.42,High Risk
E963,51,0,Human Resources,Manager,Travel_Rarely,770,5,3,Life Sciences,3,Male,84,3,4,2,Divorced,14026,17588,1,Yes,11,3,2,1,33,2,3,33,9,0,10,412.52941176470586,0.0,2.6,1,0.08510557803451264,8.51,Low Risk
E964,38,0,Sales,Sales Executive,Travel_Rarely,1009,2,2,Life Sciences,2,Female,31,3,2,1,Divorced,6893,19461,3,No,15,3,4,1,11,3,3,7,7,1,7,574.4166666666666,0.125,2.6,0,0.05620095149325938,5.62,Low Risk
E965,34,0,Sales,Sales Executive,Travel_Rarely,507,15,2,Medical,3,Female,66,3,2,1,Single,6125,23553,1,No,12,3,4,0,10,6,4,10,8,9,6,556.8181818181819,0.8181818181818182,3.0,0,0.26492874956057627,26.49,Low Risk
E966,25,0,Research & Development,Laboratory Technician,Travel_Rarely,882,19,1,Medical,4,Male,67,3,1,4,Married,3669,9075,3,No,11,3,3,3,7,6,2,3,2,1,2,458.625,0.25,3.2,0,0.10667070301608354,10.67,Low Risk
E967,58,1,Research & Development,Manufacturing Director,Travel_Rarely,601,7,4,Medical,3,Female,53,2,3,1,Married,10008,12023,7,Yes,14,3,4,0,31,0,2,10,9,5,9,312.75,0.45454545454545453,2.4,1,0.5073189885185985,50.73,Medium Risk
E968,40,0,Research & Development,Laboratory Technician,Travel_Rarely,329,1,4,Life Sciences,2,Male,88,3,1,2,Married,2387,6762,3,No,22,4,3,1,7,3,3,4,2,0,3,298.375,0.0,2.6,0,0.22750054246504953,22.75,Low Risk
E969,36,0,Sales,Sales Executive,Travel_Frequently,607,7,3,Marketing,1,Female,83,4,2,1,Married,4639,2261,2,No,16,3,4,1,17,2,2,15,7,6,13,257.72222222222223,0.375,2.4,0,0.370765452197927,37.08,Medium Risk
E970,48,0,Research & Development,Manufacturing Director,Travel_Rarely,855,4,3,Life Sciences,4,Male,54,3,3,4,Single,7898,18706,1,No,11,3,3,0,11,2,3,10,9,0,8,658.1666666666666,0.0,3.4,0,0.04506277308776251,4.51,Low Risk
E971,27,0,Sales,Sales Representative,Travel_Rarely,1291,11,3,Medical,3,Female,98,4,1,4,Married,2534,6527,8,No,14,3,2,1,5,4,3,1,0,0,0,422.3333333333333,0.0,3.2,0,0.29970530805375506,29.97,Low Risk
E972,51,0,Research & Development,Manufacturing Director,Travel_Rarely,1405,11,2,Technical Degree,4,Female,82,2,4,2,Single,13142,24439,3,No,16,3,2,0,29,1,2,5,2,0,3,438.06666666666666,0.0,2.4,0,0.34013015609724756,34.01,Medium Risk
E973,18,0,Research & Development,Laboratory Technician,Non-Travel,1124,1,3,Life Sciences,4,Female,97,3,1,4,Single,1611,19305,1,No,15,3,3,0,0,5,4,0,0,0,0,1611.0,0.0,3.6,0,0.11032599228798905,11.03,Low Risk
E974,35,0,Research & Development,Laboratory Technician,Travel_Rarely,817,1,3,Medical,4,Female,60,2,2,4,Married,5363,10846,0,No,12,3,2,1,10,0,3,9,7,0,0,487.54545454545456,0.0,3.0,0,0.11553388066443765,11.55,Low Risk
E975,27,0,Sales,Sales Executive,Travel_Frequently,793,2,1,Life Sciences,4,Male,43,1,2,4,Single,5071,20392,3,No,20,4,2,0,8,3,3,6,2,0,0,563.4444444444445,0.0,2.8,0,0.6459624196510274,64.6,High Risk
E976,55,1,Sales,Sales Executive,Travel_Rarely,267,13,4,Marketing,1,Male,85,4,4,3,Single,13695,9277,6,Yes,17,3,3,0,24,2,2,19,7,3,8,547.8,0.15,2.6,1,0.9194881894454655,91.95,High Risk
E977,56,0,Research & Development,Manufacturing Director,Travel_Rarely,1369,23,3,Life Sciences,4,Male,68,3,4,2,Married,13402,18235,4,Yes,12,3,1,1,33,0,3,19,16,15,9,394.1764705882353,0.75,2.6,1,0.7119079288121659,71.19,High Risk
E978,34,0,Research & Development,Research Scientist,Non-Travel,999,26,1,Technical Degree,1,Female,92,2,1,3,Divorced,2029,15891,1,No,20,4,3,3,5,2,3,5,4,0,0,338.1666666666667,0.0,2.4,0,0.15507789495729868,15.51,Low Risk
E979,40,0,Research & Development,Healthcare Representative,Travel_Rarely,1202,2,1,Medical,2,Female,89,4,2,3,Divorced,6377,13888,5,No,20,4,2,3,15,0,3,12,11,11,8,398.5625,0.8461538461538461,2.8,0,0.0544386191465673,5.44,Low Risk
E980,34,0,Research & Development,Laboratory Technician,Travel_Rarely,285,29,3,Medical,2,Male,86,3,2,3,Married,5429,17491,4,No,13,3,1,2,10,1,3,8,7,7,7,493.54545454545456,0.7777777777777778,2.4,0,0.7649617330251297,76.5,High Risk
E981,31,1,Sales,Sales Representative,Travel_Frequently,703,2,3,Life Sciences,3,Female,90,2,1,4,Single,2785,11882,7,No,14,3,3,0,3,3,4,1,0,0,0,696.25,0.0,3.2,0,0.8149923170009481,81.5,High Risk
E982,35,1,Sales,Sales Executive,Travel_Frequently,662,18,4,Marketing,4,Female,67,3,2,3,Married,4614,23288,0,Yes,18,3,3,1,5,0,2,4,2,3,2,769.0,0.6,3.0,1,0.8517353224050145,85.17,High Risk
E983,38,0,Research & Development,Research Scientist,Travel_Frequently,693,7,3,Life Sciences,4,Male,57,4,1,3,Divorced,2610,15748,1,No,11,3,4,3,4,2,3,4,2,0,3,522.0,0.0,3.6,0,0.04889016479110534,4.89,Low Risk
E984,34,0,Research & Development,Healthcare Representative,Travel_Rarely,404,2,4,Technical Degree,3,Female,98,3,2,4,Single,6687,6163,1,No,11,3,4,0,14,2,4,14,11,4,11,445.8,0.26666666666666666,3.6,0,0.0469403591952889,4.69,Low Risk
E985,28,0,Sales,Sales Executive,Travel_Rarely,736,26,3,Life Sciences,3,Male,48,2,2,1,Married,4724,24232,1,No,11,3,3,1,5,0,3,5,3,0,4,787.3333333333334,0.0,2.4,0,0.6773475741652456,67.73,High Risk
E986,31,1,Research & Development,Manufacturing Director,Travel_Rarely,330,22,4,Medical,4,Male,98,3,2,3,Married,6179,21057,1,Yes,15,3,4,2,10,3,2,10,2,6,7,561.7272727272727,0.5454545454545454,3.2,1,0.6221939942524799,62.22,High Risk
E987,39,0,Sales,Sales Executive,Travel_Rarely,1498,21,4,Life Sciences,1,Male,44,2,2,4,Married,6120,3567,3,Yes,12,3,4,2,8,2,4,5,4,1,4,680.0,0.16666666666666666,3.0,1,0.6690105612705259,66.9,High Risk
E988,51,0,Sales,Sales Executive,Travel_Frequently,541,2,3,Marketing,2,Male,52,3,3,2,Married,10596,15395,2,No,11,3,2,0,14,5,3,4,2,3,2,706.4,0.6,2.4,0,0.45900933520728054,45.9,Medium Risk
E989,41,0,Research & Development,Research Scientist,Travel_Frequently,1200,22,3,Life Sciences,4,Female,75,3,2,4,Divorced,5467,13953,3,Yes,14,3,1,2,12,4,2,6,2,3,3,420.53846153846155,0.42857142857142855,2.8,1,0.36820491614937656,36.82,Medium Risk
E990,37,0,Research & Development,Research Scientist,Travel_Rarely,1439,4,1,Life Sciences,3,Male,54,3,1,3,Married,2996,5182,7,Yes,15,3,4,0,8,2,3,6,4,1,3,332.8888888888889,0.14285714285714285,3.2,1,0.44988790691696917,44.99,Medium Risk
E991,33,0,Sales,Sales Executive,Travel_Frequently,1111,5,1,Life Sciences,2,Male,61,3,2,4,Married,9998,19293,6,No,13,3,1,0,8,2,4,5,4,1,2,1110.888888888889,0.16666666666666666,2.8,0,0.507390301530169,50.74,Medium Risk
E992,32,0,Sales,Sales Executive,Travel_Rarely,499,2,1,Marketing,3,Male,36,3,2,2,Married,4078,20497,0,Yes,13,3,1,3,4,3,2,3,2,1,2,815.6,0.25,2.2,1,0.7925484958802695,79.25,High Risk
E993,39,0,Research & Development,Healthcare Representative,Non-Travel,1485,25,2,Life Sciences,3,Male,71,3,3,3,Married,10920,3449,3,No,21,4,2,1,13,2,3,6,4,0,5,780.0,0.0,2.8,0,0.03219480251957323,3.22,Low Risk
E994,25,0,Sales,Sales Executive,Travel_Rarely,1372,18,1,Life Sciences,1,Male,93,4,2,3,Married,6232,12477,2,No,11,3,2,0,6,3,2,3,2,1,2,890.2857142857143,0.25,2.4,0,0.48327665586896207,48.33,Medium Risk
E995,52,0,Research & Development,Manufacturing Director,Travel_Frequently,322,28,2,Medical,4,Female,59,4,4,3,Married,13247,9731,2,Yes,11,3,2,1,24,3,2,5,3,0,2,529.88,0.0,3.0,1,0.25614578557653667,25.61,Low Risk
E996,43,0,Research & Development,Research Scientist,Travel_Rarely,930,6,3,Medical,1,Female,73,2,2,3,Single,4081,20003,1,Yes,14,3,1,0,20,3,1,20,7,1,8,194.33333333333334,0.047619047619047616,1.6,1,0.8980242152094932,89.8,High Risk
E997,27,0,Sales,Sales Executive,Travel_Rarely,205,10,3,Marketing,4,Female,98,2,2,4,Married,5769,7100,1,Yes,11,3,4,0,6,3,3,6,2,4,4,824.1428571428571,0.5714285714285714,3.4,1,0.5713910713874435,57.14,Medium Risk
E998,27,1,Research & Development,Research Scientist,Travel_Rarely,135,17,4,Life Sciences,4,Female,51,3,1,3,Single,2394,25681,1,Yes,13,3,4,0,8,2,3,8,2,7,7,266.0,0.7777777777777778,3.4,1,0.6747863670165837,67.48,High Risk
E999,26,0,Research & Development,Research Scientist,Travel_Rarely,683,2,1,Medical,1,Male,36,2,1,4,Single,3904,4050,0,No,12,3,4,0,5,2,3,4,3,1,1,650.6666666666666,0.2,2.8,0,0.3223871754032182,32.24,Medium Risk
E1000,42,0,Human Resources,Manager,Travel_Rarely,1147,10,3,Human Resources,3,Female,31,3,4,1,Married,16799,16616,0,No,14,3,3,1,21,5,3,20,7,0,9,763.5909090909091,0.0,2.6,0,0.029586940228094053,2.96,Low Risk
E1001,52,0,Research & Development,Laboratory Technician,Travel_Rarely,258,8,4,Other,3,Female,54,3,1,1,Married,2950,17363,9,No,13,3,3,0,12,2,1,5,4,0,4,226.92307692307693,0.0,2.2,0,0.5707105842100488,57.07,Medium Risk
E1002,37,0,Research & Development,Laboratory Technician,Travel_Rarely,1462,11,3,Medical,1,Female,94,3,1,3,Single,3629,19106,4,No,18,3,1,0,8,6,3,3,2,0,2,403.22222222222223,0.0,2.2,0,0.3784653360307674,37.85,Medium Risk
E1003,35,0,Research & Development,Manufacturing Director,Travel_Frequently,200,18,2,Life Sciences,3,Male,60,3,3,4,Single,9362,19944,2,No,11,3,3,0,10,2,3,2,2,2,2,851.0909090909091,0.6666666666666666,3.2,0,0.3859892821024069,38.6,Medium Risk
E1004,25,0,Research & Development,Laboratory Technician,Travel_Rarely,949,1,3,Technical Degree,1,Male,81,3,1,4,Married,3229,4910,4,No,11,3,2,1,7,2,2,3,2,0,2,403.625,0.0,2.4,0,0.7360682749415358,73.61,High Risk
E1005,26,0,Research & Development,Laboratory Technician,Travel_Rarely,652,7,3,Other,3,Male,100,4,1,1,Single,3578,23577,0,No,12,3,4,0,8,2,3,7,7,0,7,397.55555555555554,0.0,3.0,0,0.17166717017255964,17.17,Low Risk
E1006,29,0,Human Resources,Human Resources,Travel_Rarely,332,17,3,Other,2,Male,51,2,3,1,Single,7988,9769,1,No,13,3,1,0,10,3,2,10,9,0,9,726.1818181818181,0.0,1.6,0,0.6375940479403458,63.76,High Risk
E1007,49,1,Research & Development,Laboratory Technician,Travel_Frequently,1475,28,2,Life Sciences,1,Male,97,2,2,1,Single,4284,22710,3,No,20,4,1,0,20,2,3,4,3,1,3,204.0,0.2,1.6,0,0.9372598644094324,93.73,High Risk
E1008,29,1,Research & Development,Healthcare Representative,Travel_Frequently,337,14,1,Other,3,Female,84,3,3,4,Single,7553,22930,0,Yes,12,3,1,0,9,1,3,8,7,7,7,755.3,0.7777777777777778,2.8,1,0.7599459813545402,75.99,High Risk
E1009,54,0,Research & Development,Research Director,Travel_Rarely,971,1,3,Medical,4,Female,54,3,4,4,Single,17328,5652,6,No,19,3,4,0,29,3,2,20,7,12,7,577.6,0.5714285714285714,3.4,0,0.05206543039708679,5.21,Low Risk
E1010,58,0,Research & Development,Research Director,Travel_Rarely,1055,1,3,Medical,4,Female,76,3,5,1,Married,19701,22456,3,Yes,21,4,3,1,32,3,3,9,8,1,5,597.0,0.1,2.8,1,0.025125763194857237,2.51,Low Risk
E1011,55,0,Research & Development,Research Director,Travel_Rarely,1136,1,4,Medical,2,Male,81,4,4,4,Divorced,14732,12414,2,No,13,3,4,2,31,4,4,7,7,0,0,460.375,0.0,3.6,0,0.01135257202373461,1.14,Low Risk
E1012,36,0,Sales,Sales Executive,Travel_Rarely,1174,3,4,Marketing,1,Female,99,3,2,2,Single,9278,20763,3,Yes,16,3,4,0,15,3,3,5,4,0,1,579.875,0.0,2.6,1,0.704842958206122,70.48,High Risk
E1013,31,1,Sales,Sales Representative,Travel_Frequently,667,1,4,Life Sciences,2,Female,50,1,1,3,Single,1359,16154,1,No,12,3,2,0,1,3,3,1,0,0,0,679.5,0.0,2.2,0,0.9213613868938197,92.14,High Risk
E1014,30,0,Sales,Sales Executive,Travel_Rarely,855,7,4,Marketing,4,Female,73,3,2,1,Divorced,4779,12761,7,No,14,3,2,2,8,3,3,3,2,0,2,531.0,0.0,2.6,0,0.21708926100640932,21.71,Low Risk
E1015,31,0,Research & Development,Research Director,Travel_Rarely,182,8,5,Life Sciences,1,Female,93,3,4,2,Single,16422,8847,3,No,11,3,3,0,9,3,4,3,2,1,0,1642.2,0.25,2.6,0,0.16329286117183503,16.33,Low Risk
E1016,34,0,Research & Development,Research Scientist,Travel_Frequently,560,1,4,Other,4,Male,91,3,1,1,Divorced,2996,20284,5,No,14,3,3,2,10,2,3,4,3,1,3,272.3636363636364,0.2,2.8,0,0.15596285691452375,15.6,Low Risk
E1017,31,1,Research & Development,Research Scientist,Travel_Rarely,202,8,3,Life Sciences,1,Female,34,2,1,2,Single,1261,22262,1,No,12,3,3,0,1,3,4,1,0,0,0,630.5,0.0,2.4,0,0.5805647228029337,58.06,Medium Risk
E1018,27,0,Research & Development,Laboratory Technician,Travel_Rarely,1377,11,1,Life Sciences,2,Male,91,3,1,1,Married,2099,7679,0,No,14,3,2,0,6,3,4,5,0,1,4,299.85714285714283,0.16666666666666666,2.4,0,0.39015865246014614,39.02,Medium Risk
E1019,36,0,Research & Development,Laboratory Technician,Travel_Rarely,172,4,4,Life Sciences,1,Male,37,2,2,4,Single,5810,22604,1,No,16,3,3,0,10,2,2,10,4,1,8,528.1818181818181,0.09090909090909091,2.4,0,0.6162826649529115,61.63,High Risk
E1020,36,0,Sales,Sales Executive,Travel_Rarely,329,16,4,Marketing,3,Female,98,2,2,1,Married,5647,13494,4,No,13,3,1,2,11,3,2,3,2,0,2,470.5833333333333,0.0,1.8,0,0.5494751252118262,54.95,Medium Risk
E1021,47,0,Research & Development,Research Scientist,Travel_Rarely,465,1,3,Technical Degree,1,Male,74,3,1,4,Married,3420,10205,7,No,12,3,3,1,17,2,2,6,5,1,2,190.0,0.14285714285714285,2.6,0,0.4700090949600286,47.0,Medium Risk
E1022,25,1,Sales,Sales Representative,Travel_Rarely,383,9,2,Life Sciences,1,Male,68,2,1,1,Married,4400,15182,3,No,12,3,1,0,6,2,3,3,2,2,2,628.5714285714286,0.5,1.6,0,0.9304030019818936,93.04,High Risk
E1023,37,0,Research & Development,Laboratory Technician,Non-Travel,1413,5,2,Technical Degree,3,Male,84,4,1,3,Single,3500,25470,0,No,14,3,1,0,7,2,1,6,5,1,3,437.5,0.14285714285714285,2.4,0,0.2811779975487966,28.12,Low Risk
E1024,56,0,Research & Development,Research Scientist,Travel_Rarely,1255,1,2,Life Sciences,1,Female,90,3,1,1,Married,2066,10494,2,No,22,4,4,1,5,3,4,3,2,1,0,344.3333333333333,0.25,2.6,0,0.08104944227947272,8.1,Low Risk
E1025,47,0,Research & Development,Research Director,Travel_Rarely,359,2,4,Medical,1,Female,82,3,4,3,Married,17169,26703,3,No,19,3,2,2,26,2,4,20,17,5,6,635.8888888888889,0.23809523809523808,2.6,0,0.023011954821924665,2.3,Low Risk
E1026,24,0,Sales,Sales Executive,Travel_Rarely,1476,4,1,Medical,4,Female,42,3,2,3,Married,4162,15211,1,Yes,12,3,3,2,5,3,3,5,4,0,3,693.6666666666666,0.0,3.2,1,0.21508883100933576,21.51,Low Risk
E1027,32,0,Sales,Sales Executive,Travel_Rarely,601,7,5,Marketing,4,Male,97,3,2,4,Married,9204,23343,4,No,12,3,3,1,7,3,2,4,3,0,3,1150.5,0.0,3.2,0,0.172415473695493,17.24,Low Risk
E1028,34,0,Research & Development,Laboratory Technician,Travel_Rarely,401,1,3,Life Sciences,4,Female,86,2,1,2,Married,3294,3708,5,No,17,3,1,1,7,2,2,5,4,0,2,411.75,0.0,2.2,0,0.2989641315782627,29.9,Low Risk
E1029,41,0,Research & Development,Research Scientist,Travel_Rarely,1283,5,5,Medical,2,Male,90,4,1,3,Married,2127,5561,2,Yes,12,3,1,0,7,5,2,4,2,0,3,265.875,0.0,2.4,1,0.34172190358355936,34.17,Medium Risk
E1030,40,0,Research & Development,Laboratory Technician,Non-Travel,663,9,4,Other,3,Male,81,3,2,3,Divorced,3975,23099,3,No,11,3,3,2,11,2,4,8,7,0,7,331.25,0.0,3.2,0,0.033556639591067736,3.36,Low Risk
E1031,31,0,Sales,Sales Executive,Travel_Rarely,326,8,2,Life Sciences,1,Male,31,3,3,4,Divorced,10793,8386,1,No,18,3,1,1,13,5,3,13,7,9,9,770.9285714285714,0.6428571428571429,2.4,0,0.17048871217868997,17.05,Low Risk
E1032,46,1,Sales,Sales Executive,Travel_Rarely,377,9,3,Marketing,1,Male,52,3,3,4,Divorced,10096,15986,4,No,11,3,1,1,28,1,4,7,7,4,3,348.13793103448273,0.5,2.6,0,0.19296516451076606,19.3,Low Risk
E1033,39,1,Research & Development,Laboratory Technician,Non-Travel,592,2,3,Life Sciences,1,Female,54,2,1,1,Single,3646,17181,2,Yes,23,4,2,0,11,2,4,1,0,0,0,303.8333333333333,0.0,2.0,1,0.7790228908995428,77.9,High Risk
E1034,31,1,Research & Development,Manufacturing Director,Travel_Frequently,1445,1,5,Life Sciences,3,Female,100,4,3,2,Single,7446,8931,1,No,11,3,1,0,10,2,3,10,8,4,7,676.9090909090909,0.36363636363636365,2.6,0,0.17834213502805532,17.83,Low Risk
E1035,45,0,Research & Development,Healthcare Representative,Travel_Rarely,1038,20,3,Medical,2,Male,95,1,3,1,Divorced,10851,19863,2,Yes,18,3,2,1,24,2,3,7,7,0,7,434.04,0.0,1.8,1,0.2686229868467949,26.86,Low Risk
E1036,31,0,Human Resources,Human Resources,Travel_Rarely,1398,8,2,Medical,4,Female,96,4,1,2,Single,2109,24609,9,No,18,3,4,0,8,3,3,3,2,0,2,234.33333333333334,0.0,3.4,0,0.18956455394682784,18.96,Low Risk
E1037,31,1,Research & Development,Laboratory Technician,Travel_Frequently,523,2,3,Life Sciences,2,Male,94,3,1,4,Married,3722,21081,6,Yes,13,3,3,1,7,2,1,2,2,2,2,465.25,0.6666666666666666,2.6,1,0.9097253079512437,90.97,High Risk
E1038,45,0,Research & Development,Manufacturing Director,Travel_Rarely,1448,29,3,Technical Degree,2,Male,55,3,3,4,Married,9380,14720,4,Yes,18,3,4,2,10,4,4,3,1,1,2,852.7272727272727,0.25,3.4,1,0.6586530875792824,65.87,High Risk
E1039,48,0,Sales,Sales Executive,Travel_Rarely,1221,7,3,Marketing,3,Male,96,3,2,1,Divorced,5486,24795,4,No,11,3,1,3,15,3,3,2,2,2,2,342.875,0.6666666666666666,2.2,0,0.17659604340934945,17.66,Low Risk
E1040,34,1,Human Resources,Human Resources,Travel_Rarely,1107,9,4,Technical Degree,1,Female,52,3,1,3,Married,2742,3072,1,No,15,3,4,0,2,0,3,2,2,2,2,914.0,0.6666666666666666,2.8,0,0.638247987939516,63.82,High Risk
E1041,40,0,Research & Development,Research Director,Non-Travel,218,8,1,Medical,4,Male,55,2,3,2,Divorced,13757,25178,2,No,11,3,3,1,16,5,3,9,8,4,8,809.2352941176471,0.4,2.8,0,0.01365662817539155,1.37,Low Risk
E1042,28,0,Sales,Sales Executive,Travel_Rarely,866,5,3,Medical,4,Male,84,3,2,1,Single,8463,23490,0,No,18,3,4,0,6,4,3,5,4,1,3,1209.0,0.16666666666666666,3.0,0,0.19481856181370455,19.48,Low Risk
E1043,44,0,Research & Development,Laboratory Technician,Non-Travel,981,5,3,Life Sciences,3,Male,90,2,1,3,Single,3162,7973,3,No,14,3,4,0,7,5,3,5,2,0,3,395.25,0.0,3.0,0,0.08240446368833408,8.24,Low Risk
E1044,53,0,Research & Development,Research Director,Travel_Rarely,447,2,3,Medical,4,Male,39,4,4,2,Single,16598,19764,4,No,12,3,2,0,35,2,2,9,8,8,8,461.05555555555554,0.8,2.8,0,0.03964901405090734,3.96,Low Risk
E1045,49,0,Research & Development,Healthcare Representative,Travel_Rarely,1495,5,4,Technical Degree,1,Male,96,3,2,3,Married,6651,21534,2,No,14,3,2,1,20,0,2,3,2,1,2,316.7142857142857,0.25,2.2,0,0.26968278907347965,26.97,Low Risk
E1046,40,0,Research & Development,Research Scientist,Travel_Rarely,896,2,3,Medical,3,Male,68,3,1,3,Divorced,2345,8045,2,No,14,3,3,1,8,3,4,3,1,1,2,260.55555555555554,0.25,3.2,0,0.04352209472452121,4.35,Low Risk
E1047,44,0,Research & Development,Research Scientist,Travel_Rarely,1467,20,3,Life Sciences,4,Male,49,3,1,2,Single,3420,21158,1,No,13,3,3,0,6,3,2,5,2,1,3,488.57142857142856,0.16666666666666666,2.8,0,0.2693233040352576,26.93,Low Risk
E1048,33,0,Sales,Sales Executive,Travel_Frequently,430,7,3,Medical,4,Male,54,3,2,1,Married,4373,17456,0,No,14,3,1,2,5,2,3,4,3,0,3,728.8333333333334,0.0,2.4,0,0.3650840181037832,36.51,Medium Risk
E1049,34,0,Sales,Sales Executive,Travel_Rarely,1326,3,3,Other,4,Male,81,1,2,1,Single,4759,15891,3,No,18,3,4,0,15,2,3,13,9,3,12,297.4375,0.21428571428571427,2.6,0,0.22035669256215182,22.04,Low Risk
E1050,30,0,Sales,Sales Executive,Travel_Rarely,1358,16,1,Life Sciences,4,Male,96,3,2,3,Married,5301,2939,8,No,15,3,3,2,4,2,2,2,1,2,2,1060.2,0.6666666666666666,3.0,0,0.4087013624541854,40.87,Medium Risk
E1051,42,0,Research & Development,Laboratory Technician,Travel_Frequently,748,9,2,Medical,1,Female,74,3,1,4,Single,3673,16458,1,No,13,3,3,0,12,3,3,12,9,5,8,282.53846153846155,0.38461538461538464,2.8,0,0.3916801401859983,39.17,Medium Risk
E1052,44,0,Sales,Sales Executive,Travel_Frequently,383,1,5,Marketing,1,Female,79,3,2,3,Married,4768,9282,7,No,12,3,3,1,11,4,2,1,0,0,0,397.3333333333333,0.0,2.4,0,0.5941820227885208,59.42,Medium Risk
E1053,30,0,Research & Development,Research Scientist,Non-Travel,990,7,3,Technical Degree,3,Male,64,3,1,3,Divorced,1274,7152,1,No,13,3,2,2,1,2,2,1,0,0,0,637.0,0.0,2.6,0,0.13615230389022123,13.62,Low Risk
E1054,57,0,Research & Development,Research Scientist,Travel_Rarely,405,1,2,Life Sciences,2,Male,93,4,2,3,Married,4900,2721,0,No,24,4,1,1,13,2,2,12,9,2,8,350.0,0.15384615384615385,2.4,0,0.054395508575783444,5.44,Low Risk
E1055,49,0,Research & Development,Healthcare Representative,Travel_Rarely,1490,7,4,Life Sciences,3,Male,35,3,3,2,Divorced,10466,20948,3,No,14,3,2,2,29,3,3,8,7,0,7,348.8666666666667,0.0,2.6,0,0.033916679790218784,3.39,Low Risk
E1056,34,0,Research & Development,Research Director,Travel_Frequently,829,15,3,Medical,2,Male,71,3,4,1,Divorced,17007,11929,7,No,14,3,4,2,16,3,2,14,8,6,9,1000.4117647058823,0.4,2.4,0,0.15233984731162792,15.23,Low Risk
E1057,28,1,Sales,Sales Representative,Travel_Frequently,1496,1,3,Technical Degree,1,Male,92,3,1,3,Married,2909,15747,3,No,15,3,4,1,5,3,4,3,2,1,2,484.8333333333333,0.25,3.0,0,0.7816881211350698,78.17,High Risk
E1058,29,1,Sales,Sales Executive,Travel_Frequently,115,13,3,Technical Degree,1,Female,51,3,2,2,Single,5765,17485,5,No,11,3,1,0,7,4,1,5,3,0,0,720.625,0.0,1.6,0,0.9691808821931847,96.92,High Risk
E1059,34,1,Sales,Sales Executive,Travel_Rarely,790,24,4,Medical,1,Female,40,2,2,2,Single,4599,7815,0,Yes,23,4,3,0,16,2,4,15,9,10,10,270.52941176470586,0.625,2.4,1,0.9236098603229554,92.36,High Risk
E1060,35,0,Sales,Sales Representative,Travel_Rarely,660,7,1,Life Sciences,4,Male,76,3,1,3,Married,2404,16192,1,No,13,3,1,1,1,3,3,1,0,0,0,1202.0,0.0,2.8,0,0.5522577358901032,55.23,Medium Risk
E1061,24,1,Research & Development,Laboratory Technician,Travel_Frequently,381,9,3,Medical,2,Male,89,3,1,1,Single,3172,16998,2,Yes,11,3,3,0,4,2,2,0,0,0,0,634.4,0.0,2.2,1,0.9669800107422327,96.7,High Risk
E1062,24,0,Sales,Sales Representative,Non-Travel,830,13,2,Life Sciences,4,Female,78,3,1,2,Married,2033,7103,1,No,13,3,3,1,1,2,3,1,0,0,0,1016.5,0.0,3.0,0,0.22894238100202333,22.89,Low Risk
E1063,44,0,Research & Development,Manufacturing Director,Travel_Frequently,1193,2,1,Medical,2,Male,86,3,3,3,Single,10209,19719,5,Yes,18,3,2,0,16,2,2,2,2,2,2,600.5294117647059,0.6666666666666666,2.4,1,0.8339283162854999,83.39,High Risk
E1064,29,0,Sales,Sales Executive,Travel_Rarely,1246,19,3,Life Sciences,3,Male,77,2,2,3,Divorced,8620,23757,1,No,14,3,3,2,10,3,3,10,7,0,4,783.6363636363636,0.0,2.8,0,0.0829430632417277,8.29,Low Risk
E1065,30,0,Human Resources,Human Resources,Travel_Rarely,330,1,3,Life Sciences,3,Male,46,3,1,3,Divorced,2064,15428,0,No,21,4,1,1,6,3,4,5,3,1,3,294.85714285714283,0.16666666666666666,2.8,0,0.05399648602172483,5.4,Low Risk
E1066,55,0,Research & Development,Healthcare Representative,Travel_Rarely,1229,4,4,Life Sciences,4,Male,30,3,2,3,Married,4035,16143,0,Yes,16,3,2,0,4,2,3,3,2,1,2,807.0,0.25,3.0,1,0.15583203761626752,15.58,Low Risk
E1067,33,0,Research & Development,Laboratory Technician,Travel_Rarely,1099,4,4,Medical,1,Female,82,2,1,2,Married,3838,8192,8,No,11,3,4,0,8,5,3,5,4,0,2,426.44444444444446,0.0,2.4,0,0.5771402772020675,57.71,Medium Risk
E1068,47,0,Sales,Sales Executive,Travel_Rarely,571,14,3,Medical,3,Female,78,3,2,3,Married,4591,24200,3,Yes,17,3,3,1,11,4,2,5,4,1,2,382.5833333333333,0.16666666666666666,2.8,1,0.41341581420757356,41.34,Medium Risk
E1069,28,1,Research & Development,Laboratory Technician,Travel_Frequently,289,2,2,Medical,3,Male,38,2,1,1,Single,2561,5355,7,No,11,3,3,0,8,2,2,0,0,0,0,284.55555555555554,0.0,2.2,0,0.9375644390311463,93.76,High Risk
E1070,28,0,Research & Development,Research Scientist,Travel_Rarely,1423,1,3,Life Sciences,1,Male,72,2,1,3,Divorced,1563,12530,1,No,14,3,4,1,1,2,1,1,0,0,0,781.5,0.0,2.2,0,0.2677935307002681,26.78,Low Risk
E1071,28,0,Sales,Sales Executive,Travel_Frequently,467,7,3,Life Sciences,3,Male,55,3,2,1,Single,4898,11827,0,No,14,3,4,0,5,5,3,4,2,1,3,816.3333333333334,0.2,2.8,0,0.525384045885767,52.54,Medium Risk
E1072,49,0,Research & Development,Laboratory Technician,Travel_Rarely,271,3,2,Medical,3,Female,43,2,2,1,Married,4789,23070,4,No,25,4,1,1,10,3,3,3,2,1,2,435.3636363636364,0.25,2.0,0,0.3982285793082716,39.82,Medium Risk
E1073,29,0,Research & Development,Laboratory Technician,Travel_Frequently,410,2,1,Life Sciences,4,Female,97,3,1,2,Married,3180,4668,0,No,13,3,3,3,4,3,3,3,2,0,2,636.0,0.0,3.0,0,0.11677516226308962,11.68,Low Risk
E1074,28,0,Research & Development,Manufacturing Director,Travel_Rarely,1083,29,1,Life Sciences,3,Male,96,1,2,2,Married,6549,3173,1,No,14,3,2,2,8,2,2,8,6,1,7,727.6666666666666,0.1111111111111111,2.0,0,0.2651314467300179,26.51,Low Risk
E1075,33,0,Research & Development,Healthcare Representative,Travel_Rarely,516,8,5,Life Sciences,4,Male,69,3,2,3,Single,6388,22049,2,Yes,17,3,1,0,14,6,3,0,0,0,0,425.8666666666667,0.0,2.8,1,0.2541809313285271,25.42,Low Risk
E1076,32,0,Research & Development,Manager,Travel_Rarely,495,10,3,Medical,3,Male,64,3,3,4,Single,11244,21072,2,No,25,4,2,0,10,5,4,5,2,0,0,1022.1818181818181,0.0,3.2,0,0.08146810191387789,8.15,Low Risk
E1077,54,0,Research & Development,Manager,Travel_Frequently,1050,11,4,Medical,2,Female,87,3,4,4,Divorced,16032,24456,3,No,20,4,1,1,26,2,3,14,9,1,12,593.7777777777778,0.06666666666666667,2.6,0,0.035265666628133394,3.53,Low Risk
E1078,29,1,Research & Development,Research Scientist,Travel_Rarely,224,1,4,Technical Degree,1,Male,100,2,1,1,Single,2362,7568,6,No,13,3,3,0,11,2,1,9,7,0,7,196.83333333333334,0.0,1.6,0,0.9139691582315576,91.4,High Risk
E1079,44,0,Research & Development,Research Director,Travel_Rarely,136,28,3,Life Sciences,4,Male,32,3,4,1,Married,16328,22074,3,No,13,3,3,1,24,1,4,20,6,14,17,653.12,0.6666666666666666,3.0,0,0.1304252050825316,13.04,Low Risk
E1080,39,0,Research & Development,Manufacturing Director,Travel_Rarely,1089,6,3,Life Sciences,2,Female,32,3,3,2,Single,8376,9150,4,No,18,3,4,0,9,3,3,2,0,2,2,837.6,0.6666666666666666,2.8,0,0.22090643347021913,22.09,Low Risk
E1081,46,0,Sales,Manager,Travel_Rarely,228,3,3,Life Sciences,3,Female,51,3,4,2,Married,16606,11380,8,No,12,3,4,1,23,2,4,13,12,5,1,691.9166666666666,0.35714285714285715,3.2,0,0.07104618046370287,7.1,Low Risk
E1082,35,0,Research & Development,Healthcare Representative,Travel_Rarely,1029,16,3,Life Sciences,4,Female,91,2,3,2,Single,8606,21195,1,No,19,3,4,0,11,3,1,11,8,3,3,717.1666666666666,0.25,2.6,0,0.14227089198392004,14.23,Low Risk
E1083,23,0,Research & Development,Laboratory Technician,Travel_Rarely,507,20,1,Life Sciences,1,Male,97,3,2,3,Single,2272,24812,0,No,14,3,2,0,5,2,3,4,3,1,2,378.6666666666667,0.2,2.4,0,0.7974961479135361,79.75,High Risk
E1084,40,1,Research & Development,Laboratory Technician,Travel_Rarely,676,9,4,Life Sciences,4,Male,86,3,1,1,Single,2018,21831,3,No,14,3,2,0,15,3,1,5,4,1,0,126.125,0.16666666666666666,2.2,0,0.6331888863967181,63.32,High Risk
E1085,34,0,Sales,Sales Executive,Travel_Rarely,971,1,3,Technical Degree,4,Male,64,2,3,3,Married,7083,12288,1,Yes,14,3,4,0,10,3,3,10,9,8,6,643.9090909090909,0.7272727272727273,3.2,1,0.7367090415518839,73.67,High Risk
E1086,31,1,Research & Development,Research Scientist,Travel_Frequently,561,3,3,Life Sciences,4,Female,33,3,1,3,Single,4084,4156,1,No,12,3,1,0,7,2,1,7,2,7,7,510.5,0.875,2.4,0,0.5862132713212699,58.62,Medium Risk
E1087,50,0,Research & Development,Research Director,Travel_Frequently,333,22,5,Medical,3,Male,88,1,4,4,Single,14411,24450,1,Yes,13,3,4,0,32,2,3,32,6,13,9,436.6969696969697,0.3939393939393939,3.0,1,0.9468398585823379,94.68,High Risk
E1088,34,0,Sales,Sales Representative,Travel_Rarely,1440,7,2,Technical Degree,2,Male,55,3,1,3,Married,2308,4944,0,Yes,25,4,2,1,12,4,3,11,10,5,7,177.53846153846155,0.4166666666666667,2.6,1,0.7573237227863049,75.73,High Risk
E1089,42,0,Research & Development,Laboratory Technician,Travel_Rarely,1210,2,3,Medical,3,Male,68,2,1,2,Married,4841,24052,4,No,14,3,2,1,4,3,3,1,0,0,0,968.2,0.0,2.4,0,0.5979309102121125,59.79,Medium Risk
E1090,37,0,Research & Development,Research Scientist,Travel_Rarely,674,13,3,Medical,1,Male,47,3,2,4,Married,4285,3031,1,No,17,3,1,0,10,2,3,10,8,3,7,389.54545454545456,0.2727272727272727,2.4,0,0.16539243639332252,16.54,Low Risk
E1091,29,0,Research & Development,Healthcare Representative,Travel_Rarely,441,8,1,Other,3,Female,39,1,2,1,Married,9715,7288,3,No,13,3,3,1,9,3,3,7,7,0,7,971.5,0.0,2.2,0,0.09508235285685794,9.51,Low Risk
E1092,33,0,Research & Development,Manufacturing Director,Travel_Rarely,575,25,3,Life Sciences,4,Male,44,2,2,2,Single,4320,24152,1,No,13,3,4,0,5,2,3,5,3,0,2,720.0,0.0,3.0,0,0.44605542144805305,44.61,Medium Risk
E1093,45,0,Research & Development,Research Scientist,Travel_Rarely,950,28,3,Technical Degree,4,Male,97,3,1,4,Married,2132,4585,4,No,20,4,4,1,8,3,3,5,4,0,3,236.88888888888889,0.0,3.6,0,0.12409972445748065,12.41,Low Risk
E1094,42,0,Research & Development,Healthcare Representative,Travel_Frequently,288,2,3,Life Sciences,4,Male,40,3,3,4,Married,10124,18611,2,Yes,14,3,3,1,24,3,1,20,8,13,9,404.96,0.6190476190476191,3.0,1,0.6244431084159004,62.44,High Risk
E1095,40,0,Sales,Sales Executive,Travel_Rarely,1342,9,2,Medical,1,Male,47,3,2,1,Married,5473,19345,0,No,12,3,4,0,9,5,4,8,4,7,1,547.3,0.7777777777777778,2.6,0,0.5322655425829922,53.23,Medium Risk
E1096,33,0,Research & Development,Laboratory Technician,Travel_Rarely,589,28,4,Life Sciences,2,Male,79,3,2,3,Married,5207,22949,1,Yes,12,3,2,1,15,3,3,15,14,5,7,325.4375,0.3125,2.6,1,0.7686446992718751,76.86,High Risk
E1097,40,0,Human Resources,Manager,Travel_Rarely,898,6,2,Medical,3,Male,38,3,4,4,Single,16437,17381,1,Yes,21,4,4,0,21,2,3,21,7,7,7,747.1363636363636,0.3181818181818182,3.4,1,0.19018437767729054,19.02,Low Risk
E1098,24,0,Research & Development,Laboratory Technician,Travel_Rarely,350,21,2,Technical Degree,3,Male,57,2,1,1,Divorced,2296,10036,0,No,14,3,2,3,2,3,3,1,1,0,0,765.3333333333334,0.0,2.2,0,0.8002447205102298,80.02,High Risk
E1099,40,0,Research & Development,Healthcare Representative,Non-Travel,1142,8,2,Life Sciences,4,Male,72,3,2,4,Divorced,4069,8841,3,Yes,18,3,3,0,8,2,3,2,2,2,2,452.1111111111111,0.6666666666666666,3.4,1,0.031042013094101727,3.1,Low Risk
E1100,45,0,Research & Development,Healthcare Representative,Travel_Rarely,538,1,4,Technical Degree,1,Male,66,3,3,2,Divorced,7441,20933,1,No,12,3,1,3,10,4,3,10,8,7,7,676.4545454545455,0.6363636363636364,2.0,0,0.22070676723264948,22.07,Low Risk
E1101,35,0,Sales,Sales Representative,Travel_Rarely,1402,28,4,Life Sciences,2,Female,98,2,1,3,Married,2430,26204,0,No,23,4,1,2,6,5,3,5,3,4,2,347.14285714285717,0.6666666666666666,2.2,0,0.5568029685914408,55.68,Medium Risk
E1102,32,0,Research & Development,Research Scientist,Travel_Rarely,824,5,2,Life Sciences,4,Female,67,2,2,2,Married,5878,15624,3,No,12,3,1,1,12,2,3,7,1,2,5,452.15384615384613,0.25,2.4,0,0.19718053633452068,19.72,Low Risk
E1103,36,0,Sales,Sales Representative,Travel_Rarely,1157,2,4,Life Sciences,3,Male,70,3,1,4,Single,2644,17001,3,Yes,21,4,4,0,7,3,2,3,2,1,2,330.5,0.25,3.2,1,0.7539293934242017,75.39,High Risk
E1104,48,0,Sales,Sales Executive,Travel_Rarely,492,16,4,Life Sciences,3,Female,96,3,2,3,Divorced,6439,13693,8,No,14,3,3,1,18,2,3,8,7,7,7,338.89473684210526,0.7777777777777778,3.0,0,0.12285840739072672,12.29,Low Risk
E1105,29,0,Research & Development,Research Scientist,Travel_Rarely,598,9,3,Life Sciences,3,Male,91,4,1,3,Married,2451,22376,6,No,18,3,1,2,5,2,2,1,0,0,0,408.5,0.0,2.6,0,0.20973445123954404,20.97,Low Risk
E1106,33,0,Sales,Sales Executive,Travel_Rarely,1242,8,4,Life Sciences,1,Male,46,3,2,1,Married,6392,10589,2,No,13,3,4,1,8,6,1,2,2,2,2,710.2222222222222,0.6666666666666666,2.0,0,0.31513474940942804,31.51,Medium Risk
E1107,30,1,Sales,Sales Executive,Travel_Rarely,740,1,3,Life Sciences,2,Male,64,2,2,1,Married,9714,5323,1,No,11,3,4,1,10,4,3,10,8,6,7,883.0909090909091,0.5454545454545454,2.4,0,0.2578768603847933,25.79,Low Risk
E1108,38,0,Human Resources,Human Resources,Travel_Frequently,888,10,4,Human Resources,3,Male,71,3,2,3,Married,6077,14814,3,No,11,3,3,0,10,2,3,6,3,1,2,552.4545454545455,0.14285714285714285,3.0,0,0.5961678300639984,59.62,Medium Risk
E1109,35,0,Research & Development,Laboratory Technician,Travel_Rarely,992,1,3,Medical,4,Male,68,2,1,1,Single,2450,21731,1,No,19,3,2,0,3,3,3,3,0,1,2,612.5,0.25,2.4,0,0.5387234764275328,53.87,Medium Risk
E1110,30,0,Sales,Sales Executive,Travel_Rarely,1288,29,4,Technical Degree,3,Male,33,3,3,2,Married,9250,17799,3,No,12,3,2,1,9,3,3,4,2,1,3,925.0,0.2,2.6,0,0.7462106626766728,74.62,High Risk
E1111,35,1,Research & Development,Laboratory Technician,Travel_Rarely,104,2,3,Life Sciences,1,Female,69,3,1,1,Divorced,2074,26619,1,Yes,12,3,4,1,1,2,3,1,0,0,0,1037.0,0.0,2.4,1,0.8911320004164854,89.11,High Risk
E1112,53,1,Research & Development,Manufacturing Director,Travel_Rarely,607,2,5,Technical Degree,3,Female,78,2,3,4,Married,10169,14618,0,No,16,3,2,1,34,4,3,33,7,1,9,290.54285714285714,0.029411764705882353,2.8,0,0.12647042997838243,12.65,Low Risk
E1113,38,1,Research & Development,Manufacturing Director,Travel_Rarely,903,2,3,Medical,3,Male,81,3,2,2,Married,4855,7653,4,No,11,3,1,2,7,2,3,5,2,1,4,606.875,0.16666666666666666,2.4,0,0.2090135210135124,20.9,Low Risk
E1114,32,0,Research & Development,Research Scientist,Non-Travel,1200,1,4,Technical Degree,4,Male,62,3,2,1,Married,4087,25174,4,No,14,3,2,1,9,3,2,6,5,1,2,408.7,0.14285714285714285,2.4,0,0.19746540462782697,19.75,Low Risk
E1115,48,0,Research & Development,Research Scientist,Travel_Rarely,1108,15,4,Other,3,Female,65,3,1,1,Married,2367,16530,8,No,12,3,4,1,10,3,2,8,2,7,6,215.1818181818182,0.7777777777777778,2.6,0,0.5946815029389432,59.47,Medium Risk
E1116,34,0,Research & Development,Research Scientist,Travel_Rarely,479,7,4,Medical,1,Male,35,3,1,4,Single,2972,22061,1,No,13,3,3,0,1,4,1,1,0,0,0,1486.0,0.0,2.4,0,0.8032712881578044,80.33,High Risk
E1117,55,0,Sales,Manager,Travel_Rarely,685,26,5,Marketing,3,Male,60,2,5,4,Married,19586,23037,1,No,21,4,3,1,36,3,3,36,6,2,13,529.3513513513514,0.05405405405405406,3.0,0,0.1239924143736163,12.4,Low Risk
E1118,34,0,Research & Development,Research Scientist,Travel_Rarely,1351,1,4,Life Sciences,2,Male,45,3,2,4,Married,5484,13008,9,No,17,3,2,1,9,3,2,2,2,2,1,548.4,0.6666666666666666,2.6,0,0.2823177254728057,28.23,Low Risk
E1119,26,0,Research & Development,Research Scientist,Travel_Rarely,474,3,3,Life Sciences,1,Female,89,3,1,4,Married,2061,11133,1,No,21,4,1,0,1,5,3,1,0,0,0,1030.5,0.0,2.4,0,0.21995382230630306,22.0,Low Risk
E1120,38,0,Sales,Sales Executive,Travel_Rarely,1245,14,3,Life Sciences,3,Male,80,3,2,2,Married,9924,12355,0,No,11,3,4,1,10,3,3,9,8,7,7,902.1818181818181,0.7,3.0,0,0.10652264336527913,10.65,Low Risk
E1121,38,0,Sales,Sales Executive,Travel_Rarely,437,16,3,Life Sciences,2,Female,90,3,2,2,Single,4198,16379,2,No,12,3,2,0,8,5,4,3,2,1,2,466.44444444444446,0.25,2.6,0,0.2962874375558612,29.63,Low Risk
E1122,36,0,Sales,Sales Executive,Travel_Rarely,884,1,4,Life Sciences,2,Female,73,3,2,3,Single,6815,21447,6,No,13,3,1,0,15,5,3,1,0,0,0,425.9375,0.0,2.4,0,0.28134941230827754,28.13,Low Risk
E1123,29,0,Research & Development,Laboratory Technician,Travel_Rarely,1370,3,1,Medical,2,Male,87,3,1,1,Single,4723,16213,1,Yes,18,3,4,0,10,3,3,10,9,1,5,429.3636363636364,0.09090909090909091,2.6,1,0.6564017764217386,65.64,High Risk
E1124,35,0,Research & Development,Healthcare Representative,Travel_Rarely,670,10,4,Medical,1,Female,51,3,2,3,Single,6142,4223,3,Yes,16,3,3,0,10,4,3,5,2,0,4,558.3636363636364,0.0,2.6,1,0.4644537983848744,46.45,Medium Risk
E1125,39,0,Sales,Sales Executive,Travel_Rarely,1462,6,3,Medical,4,Male,38,4,3,3,Married,8237,4658,2,No,11,3,1,1,11,3,3,7,6,7,6,686.4166666666666,0.875,3.0,0,0.0904831104297738,9.05,Low Risk
E1126,29,0,Research & Development,Healthcare Representative,Travel_Frequently,995,2,1,Life Sciences,1,Male,87,3,2,4,Divorced,8853,24483,1,No,19,3,4,1,6,0,4,6,4,1,3,1264.7142857142858,0.14285714285714285,3.2,0,0.0869433681666335,8.69,Low Risk
E1127,50,0,Sales,Manager,Travel_Rarely,264,9,3,Marketing,3,Male,59,3,5,3,Married,19331,19519,4,Yes,16,3,3,1,27,2,3,1,0,0,0,690.3928571428571,0.0,3.0,1,0.25985998002707766,25.99,Low Risk
E1128,23,0,Research & Development,Research Scientist,Travel_Rarely,977,10,3,Technical Degree,4,Male,45,4,1,3,Married,2073,12826,2,No,16,3,4,1,4,2,3,2,2,2,2,414.6,0.6666666666666666,3.6,0,0.11840537571407077,11.84,Low Risk
E1129,36,0,Research & Development,Laboratory Technician,Travel_Frequently,1302,6,4,Life Sciences,1,Male,80,4,2,1,Married,5562,19711,3,Yes,13,3,4,1,9,3,3,3,2,0,2,556.2,0.0,2.6,1,0.8737581454615373,87.38,High Risk
E1130,42,0,Research & Development,Manager,Travel_Rarely,1059,9,2,Other,4,Male,93,2,5,4,Single,19613,26362,8,No,22,4,4,0,24,2,3,1,0,0,1,784.52,0.0,3.4,0,0.07585119342921115,7.59,Low Risk
E1131,35,0,Research & Development,Laboratory Technician,Travel_Rarely,750,28,3,Life Sciences,2,Male,46,4,2,3,Married,3407,25348,1,No,17,3,4,2,10,3,2,10,9,6,8,309.72727272727275,0.5454545454545454,3.0,0,0.20916131042344788,20.92,Low Risk
E1132,34,0,Research & Development,Healthcare Representative,Travel_Frequently,653,10,4,Technical Degree,4,Male,92,2,2,3,Married,5063,15332,1,No,14,3,2,1,8,3,2,8,2,7,7,562.5555555555555,0.7777777777777778,2.6,0,0.5202600788763496,52.03,Medium Risk
E1133,40,0,Sales,Sales Executive,Travel_Rarely,118,14,2,Life Sciences,4,Female,84,3,2,1,Married,4639,11262,1,No,15,3,3,1,5,2,3,5,4,1,2,773.1666666666666,0.16666666666666666,2.8,0,0.18243536736890784,18.24,Low Risk
E1134,43,0,Research & Development,Laboratory Technician,Travel_Rarely,990,27,3,Technical Degree,4,Male,87,4,1,2,Divorced,4876,5855,5,No,12,3,3,1,8,0,3,6,4,0,2,541.7777777777778,0.0,3.2,0,0.5500342800122211,55.0,Medium Risk
E1135,35,0,Research & Development,Laboratory Technician,Travel_Rarely,1349,7,2,Life Sciences,3,Male,63,2,1,4,Married,2690,7713,1,No,18,3,4,1,1,5,2,1,0,0,1,1345.0,0.0,3.0,0,0.23914403795829223,23.91,Low Risk
E1136,46,0,Sales,Manager,Travel_Rarely,563,1,4,Life Sciences,4,Male,56,4,4,1,Single,17567,3156,1,No,15,3,2,0,27,5,1,26,0,0,12,627.3928571428571,0.0,2.4,0,0.0933828451601708,9.34,Low Risk
E1137,28,1,Research & Development,Laboratory Technician,Travel_Rarely,329,24,3,Medical,3,Male,51,3,1,2,Married,2408,7324,1,Yes,17,3,3,3,1,3,3,1,1,0,0,1204.0,0.0,2.8,1,0.8977020354905276,89.77,High Risk
E1138,22,0,Research & Development,Research Scientist,Non-Travel,457,26,2,Other,2,Female,85,2,1,3,Married,2814,10293,1,Yes,14,3,2,0,4,2,2,4,2,1,3,562.8,0.2,2.2,1,0.6759661984923865,67.6,High Risk
E1139,50,0,Research & Development,Healthcare Representative,Travel_Frequently,1234,20,5,Medical,2,Male,41,3,4,3,Married,11245,20689,2,Yes,15,3,3,1,32,3,3,30,8,12,13,340.75757575757575,0.3870967741935484,2.8,1,0.8931947430115844,89.32,High Risk
E1140,32,0,Research & Development,Research Scientist,Travel_Rarely,634,5,4,Other,2,Female,35,4,1,4,Married,3312,18783,3,No,17,3,4,2,6,3,3,3,2,0,2,473.14285714285717,0.0,3.4,0,0.04758462605242394,4.76,Low Risk
E1141,44,0,Research & Development,Research Director,Travel_Rarely,1313,7,3,Medical,2,Female,31,3,5,4,Divorced,19049,3549,0,Yes,14,3,4,1,23,4,2,22,7,1,10,793.7083333333334,0.043478260869565216,3.0,1,0.024452482275262234,2.45,Low Risk
E1142,30,0,Research & Development,Research Scientist,Travel_Rarely,241,7,3,Medical,2,Male,48,2,1,2,Married,2141,5348,1,No,12,3,2,1,6,3,2,6,4,1,1,305.85714285714283,0.14285714285714285,2.0,0,0.5036217609766873,50.36,Medium Risk
E1143,45,0,Research & Development,Laboratory Technician,Travel_Rarely,1015,5,5,Medical,3,Female,50,1,2,1,Single,5769,23447,1,Yes,14,3,1,0,10,3,3,10,7,1,4,524.4545454545455,0.09090909090909091,1.8,1,0.910324314872061,91.03,High Risk
E1144,45,0,Sales,Sales Executive,Non-Travel,336,26,3,Marketing,1,Male,52,2,2,1,Married,4385,24162,1,No,15,3,1,1,10,2,3,10,7,4,5,398.6363636363636,0.36363636363636365,1.6,0,0.6499737650996028,65.0,High Risk
E1145,31,0,Sales,Sales Executive,Travel_Frequently,715,2,4,Other,4,Male,54,3,2,1,Single,5332,21602,7,No,13,3,4,0,10,3,3,5,2,0,3,484.72727272727275,0.0,3.0,0,0.6587995452891882,65.88,High Risk
E1146,36,0,Research & Development,Manufacturing Director,Travel_Rarely,559,12,4,Life Sciences,3,Female,76,3,2,3,Married,4663,12421,9,Yes,12,3,2,2,7,2,3,3,2,1,1,582.875,0.25,2.8,1,0.7165571789166354,71.66,High Risk
E1147,34,0,Research & Development,Manufacturing Director,Travel_Frequently,426,10,4,Life Sciences,3,Male,42,4,2,4,Divorced,4724,17000,1,No,13,3,1,1,9,3,3,9,7,7,2,472.4,0.7,3.0,0,0.15591340280328883,15.59,Low Risk
E1148,49,0,Research & Development,Laboratory Technician,Travel_Rarely,722,25,4,Life Sciences,3,Female,84,3,1,1,Married,3211,22102,1,No,14,3,4,1,10,3,2,9,6,1,4,291.90909090909093,0.1,2.6,0,0.24090272626179512,24.09,Low Risk
E1149,39,0,Research & Development,Manufacturing Director,Travel_Rarely,1387,10,5,Medical,2,Male,76,3,2,1,Married,5377,3835,2,No,13,3,4,3,10,3,3,7,7,7,7,488.8181818181818,0.875,2.6,0,0.0991681133644767,9.92,Low Risk
E1150,27,0,Research & Development,Laboratory Technician,Travel_Rarely,1302,19,3,Other,4,Male,67,2,1,1,Divorced,4066,16290,1,No,11,3,1,2,7,3,3,7,7,0,7,508.25,0.0,2.2,0,0.16479260609654023,16.48,Low Risk
E1151,35,0,Research & Development,Research Scientist,Travel_Rarely,819,18,5,Life Sciences,2,Male,48,4,2,1,Married,5208,26312,1,No,11,3,4,0,16,2,3,16,15,1,10,306.3529411764706,0.058823529411764705,2.8,0,0.07461902115996194,7.46,Low Risk
E1152,28,0,Research & Development,Manufacturing Director,Travel_Rarely,580,27,3,Medical,2,Female,39,1,2,1,Divorced,4877,20460,0,No,21,4,2,1,6,5,2,5,3,0,0,696.7142857142857,0.0,1.6,0,0.5107250190157108,51.07,Medium Risk
E1153,21,0,Research & Development,Research Scientist,Travel_Rarely,546,5,1,Medical,3,Male,97,3,1,4,Single,3117,26009,1,No,18,3,3,0,3,2,3,2,2,2,2,779.25,0.6666666666666666,3.2,0,0.1996819992901592,19.97,Low Risk
E1154,18,1,Sales,Sales Representative,Travel_Frequently,544,3,2,Medical,2,Female,70,3,1,4,Single,1569,18420,1,Yes,12,3,3,0,0,2,4,0,0,0,0,1569.0,0.0,3.2,1,0.9764198107853739,97.64,High Risk
E1155,47,0,Human Resources,Manager,Travel_Rarely,1176,26,4,Life Sciences,4,Female,98,3,5,3,Married,19658,5220,3,No,11,3,3,1,27,2,3,5,2,1,0,702.0714285714286,0.16666666666666666,3.2,0,0.019836075373015676,1.98,Low Risk
E1156,39,0,Research & Development,Laboratory Technician,Travel_Rarely,170,3,2,Medical,3,Male,76,2,2,3,Divorced,3069,10302,0,No,15,3,4,1,11,3,3,10,8,0,7,255.75,0.0,3.0,0,0.05302696979660178,5.3,Low Risk
E1157,40,0,Research & Development,Manufacturing Director,Travel_Rarely,884,15,3,Life Sciences,1,Female,80,2,3,3,Married,10435,25800,1,No,13,3,4,2,18,2,3,18,15,14,12,549.2105263157895,0.7368421052631579,2.6,0,0.17954537769388362,17.95,Low Risk
E1158,35,0,Research & Development,Healthcare Representative,Non-Travel,208,8,4,Life Sciences,3,Female,52,3,2,3,Married,4148,12250,1,No,12,3,4,1,15,5,3,14,11,2,9,259.25,0.13333333333333333,3.2,0,0.015947337347520418,1.59,Low Risk
E1159,37,0,Research & Development,Manufacturing Director,Travel_Rarely,671,19,3,Life Sciences,3,Male,85,3,2,3,Married,5768,26493,3,No,17,3,1,3,9,2,2,4,3,0,2,576.8,0.0,2.4,0,0.17014904215740437,17.01,Low Risk
E1160,39,0,Research & Development,Manufacturing Director,Travel_Frequently,711,4,3,Medical,1,Female,81,3,2,3,Single,5042,3140,0,No,13,3,4,0,10,2,1,9,2,3,8,458.3636363636364,0.3,2.4,0,0.42272168842778307,42.27,Medium Risk
E1161,45,0,Research & Development,Manufacturing Director,Travel_Rarely,1329,2,2,Other,4,Female,59,2,2,4,Divorced,5770,5388,1,No,19,3,1,2,10,3,3,10,7,3,9,524.5454545454545,0.2727272727272727,2.8,0,0.027300524743823856,2.73,Low Risk
E1162,38,0,Research & Development,Manufacturing Director,Travel_Rarely,397,2,2,Medical,4,Female,54,2,3,3,Married,7756,14199,3,Yes,19,3,4,1,10,6,4,5,4,0,2,705.0909090909091,0.0,3.4,1,0.08442965157226834,8.44,Low Risk
E1163,35,1,Sales,Sales Executive,Travel_Rarely,737,10,3,Medical,4,Male,55,2,3,1,Married,10306,21530,9,No,17,3,3,0,15,3,3,13,12,6,0,644.125,0.42857142857142855,2.6,0,0.7229757599391031,72.3,High Risk
E1164,37,0,Research & Development,Research Scientist,Travel_Rarely,1470,10,3,Medical,2,Female,71,3,1,2,Married,3936,9953,1,No,11,3,1,1,8,2,1,8,4,7,7,437.3333333333333,0.7777777777777778,1.8,0,0.37422767850984423,37.42,Medium Risk
E1165,40,0,Research & Development,Manufacturing Director,Travel_Rarely,448,16,3,Life Sciences,3,Female,84,3,3,4,Single,7945,19948,6,Yes,15,3,4,0,18,2,2,4,2,3,3,418.1578947368421,0.6,3.2,1,0.5619352199946192,56.19,Medium Risk
E1166,44,0,Human Resources,Human Resources,Travel_Frequently,602,1,5,Human Resources,1,Male,37,3,2,4,Married,5743,10503,4,Yes,11,3,3,0,14,3,3,10,7,0,2,382.8666666666667,0.0,2.8,1,0.8985367648910347,89.85,High Risk
E1167,48,0,Research & Development,Manager,Travel_Frequently,365,4,5,Medical,3,Male,89,2,4,4,Married,15202,5602,2,No,25,4,2,1,23,3,3,2,2,2,2,633.4166666666666,0.6666666666666666,2.8,0,0.04233616098202664,4.23,Low Risk
E1168,35,1,Sales,Sales Executive,Travel_Rarely,763,15,2,Medical,1,Male,59,1,2,4,Divorced,5440,22098,6,Yes,14,3,4,2,7,2,2,2,2,2,2,680.0,0.6666666666666666,2.4,1,0.8929517261589848,89.3,High Risk
E1169,24,0,Research & Development,Research Scientist,Travel_Frequently,567,2,1,Technical Degree,1,Female,32,3,1,4,Single,3760,17218,1,Yes,13,3,3,0,6,2,3,6,3,1,3,537.1428571428571,0.14285714285714285,2.8,1,0.9268579255188879,92.69,High Risk
E1170,27,0,Research & Development,Research Scientist,Travel_Rarely,486,8,3,Medical,2,Female,86,4,1,3,Married,3517,22490,7,No,17,3,1,0,5,0,3,3,2,0,2,586.1666666666666,0.0,2.6,0,0.3531096015784389,35.31,Medium Risk
E1171,27,0,Research & Development,Research Scientist,Travel_Frequently,591,2,3,Medical,4,Male,87,3,1,4,Single,2580,6297,2,No,13,3,3,0,6,0,2,4,2,1,2,368.57142857142856,0.2,3.2,0,0.3471355464352698,34.71,Medium Risk
E1172,40,1,Research & Development,Laboratory Technician,Travel_Rarely,1329,7,3,Life Sciences,1,Male,73,3,1,1,Single,2166,3339,3,Yes,14,3,2,0,10,3,1,4,2,0,3,196.9090909090909,0.0,1.6,1,0.9396031798289306,93.96,High Risk
E1173,29,0,Sales,Sales Executive,Travel_Rarely,469,10,3,Medical,3,Male,42,2,2,3,Single,5869,23413,9,No,11,3,3,0,8,2,3,5,2,1,4,652.1111111111111,0.16666666666666666,2.8,0,0.8404382082554086,84.04,High Risk
E1174,36,0,Research & Development,Healthcare Representative,Travel_Rarely,711,5,4,Life Sciences,2,Female,42,3,3,1,Married,8008,22792,4,No,12,3,3,2,9,6,3,3,2,0,2,800.8,0.0,2.4,0,0.08403220414964604,8.4,Low Risk
E1175,25,0,Research & Development,Manufacturing Director,Travel_Frequently,772,2,1,Life Sciences,4,Male,77,4,2,3,Divorced,5206,4973,1,No,17,3,3,2,7,6,3,7,7,0,7,650.75,0.0,3.4,0,0.026376127393213943,2.64,Low Risk
E1176,39,0,Research & Development,Manufacturing Director,Travel_Rarely,492,12,3,Medical,4,Male,66,3,2,2,Married,5295,7693,4,No,21,4,3,0,7,3,3,5,4,1,0,661.875,0.16666666666666666,3.0,0,0.1743235052236404,17.43,Low Risk
E1177,49,0,Research & Development,Research Director,Travel_Rarely,301,22,4,Other,1,Female,72,3,4,2,Married,16413,3498,3,No,16,3,2,2,27,2,3,4,2,1,2,586.1785714285714,0.2,2.2,0,0.04083422268818411,4.08,Low Risk
E1178,50,0,Research & Development,Research Director,Travel_Rarely,813,17,5,Life Sciences,4,Female,50,2,3,1,Divorced,13269,21981,5,No,15,3,3,3,19,3,3,14,11,1,11,663.45,0.06666666666666667,2.6,0,0.018200024656829822,1.82,Low Risk
E1179,20,0,Sales,Sales Representative,Travel_Rarely,1141,2,3,Medical,3,Female,31,3,1,3,Single,2783,13251,1,No,19,3,1,0,2,3,3,2,2,2,2,927.6666666666666,0.6666666666666666,2.6,0,0.5819978137452128,58.2,Medium Risk
E1180,34,0,Research & Development,Research Scientist,Travel_Rarely,1130,3,3,Life Sciences,4,Female,66,3,2,2,Divorced,5433,19332,1,No,12,3,3,1,11,2,3,11,8,7,9,452.75,0.5833333333333334,3.0,0,0.04865677368178997,4.87,Low Risk
E1181,36,0,Research & Development,Laboratory Technician,Travel_Rarely,311,7,3,Life Sciences,1,Male,77,3,1,2,Single,2013,10950,2,No,11,3,3,0,15,4,3,4,3,1,3,125.8125,0.2,2.4,0,0.564995176955151,56.5,Medium Risk
E1182,49,0,Research & Development,Healthcare Representative,Travel_Rarely,465,6,1,Life Sciences,3,Female,41,2,4,3,Married,13966,11652,2,Yes,19,3,2,1,30,3,3,15,11,2,12,450.51612903225805,0.125,2.6,1,0.0537197526115435,5.37,Low Risk
E1183,36,0,Research & Development,Manufacturing Director,Non-Travel,894,1,4,Medical,4,Female,33,2,2,3,Married,4374,15411,0,No,15,3,3,0,4,6,3,3,2,1,2,874.8,0.25,3.0,0,0.030641655415982027,3.06,Low Risk
E1184,36,0,Research & Development,Healthcare Representative,Travel_Rarely,1040,3,2,Life Sciences,4,Male,79,4,2,1,Divorced,6842,26308,6,No,20,4,1,1,13,3,3,5,4,0,4,488.7142857142857,0.0,2.6,0,0.048094670381592576,4.81,Low Risk
E1185,54,0,Research & Development,Manager,Travel_Rarely,584,22,5,Medical,2,Female,91,3,4,3,Married,17426,18685,3,No,25,4,3,1,36,6,3,10,8,4,7,470.97297297297297,0.36363636363636365,2.8,0,0.03266033456210029,3.27,Low Risk
E1186,43,0,Research & Development,Research Director,Travel_Rarely,1291,15,2,Life Sciences,3,Male,65,2,4,3,Married,17603,3525,1,No,24,4,1,1,14,3,3,14,10,6,11,1173.5333333333333,0.4,2.4,0,0.032735964630003146,3.27,Low Risk
E1187,35,1,Sales,Sales Executive,Travel_Frequently,880,12,4,Other,4,Male,36,3,2,4,Single,4581,10414,3,Yes,24,4,1,0,13,2,4,11,9,6,7,327.2142857142857,0.5,3.2,1,0.7449731296175393,74.5,High Risk
E1188,38,0,Research & Development,Research Scientist,Travel_Frequently,1189,1,3,Life Sciences,4,Male,90,3,2,4,Married,4735,9867,7,No,15,3,4,2,19,4,4,13,11,2,9,236.75,0.14285714285714285,3.8,0,0.04388897781389134,4.39,Low Risk
E1189,29,0,Sales,Sales Executive,Travel_Rarely,991,5,3,Medical,1,Male,43,2,2,2,Divorced,4187,3356,1,Yes,13,3,2,1,10,3,2,10,0,0,9,380.6363636363636,0.0,1.8,1,0.7957385686848248,79.57,High Risk
E1190,33,0,Sales,Sales Executive,Travel_Rarely,392,2,4,Medical,4,Male,93,3,2,4,Divorced,5505,3921,1,No,14,3,3,2,6,5,3,6,2,0,4,786.4285714285714,0.0,3.4,0,0.04221132455460074,4.22,Low Risk
E1191,32,0,Research & Development,Research Scientist,Travel_Rarely,977,2,3,Medical,4,Male,45,3,2,2,Divorced,5470,25518,0,No,13,3,3,2,10,4,2,9,5,1,6,497.27272727272725,0.1,2.8,0,0.048202789431661675,4.82,Low Risk
E1192,31,0,Sales,Sales Executive,Travel_Rarely,1112,5,4,Life Sciences,1,Female,67,3,2,4,Married,5476,22589,1,No,11,3,1,2,10,2,3,10,0,0,2,497.8181818181818,0.0,2.4,0,0.27654908306755305,27.65,Low Risk
E1193,49,0,Research & Development,Laboratory Technician,Travel_Rarely,464,16,3,Medical,4,Female,74,3,1,1,Divorced,2587,24941,4,Yes,16,3,2,1,17,2,2,2,2,2,2,143.72222222222223,0.6666666666666666,2.4,1,0.569546690806508,56.95,Medium Risk
E1194,38,0,Research & Development,Laboratory Technician,Travel_Frequently,148,2,3,Medical,4,Female,42,2,1,2,Single,2440,23826,1,No,22,4,2,0,4,3,3,4,3,3,3,488.0,0.6,2.6,0,0.5466002801083292,54.66,Medium Risk
E1195,47,0,Sales,Manager,Travel_Rarely,1225,2,4,Life Sciences,2,Female,47,4,4,2,Divorced,15972,21086,6,No,14,3,3,3,29,2,3,3,2,1,2,532.4,0.25,2.8,0,0.03105318983085539,3.11,Low Risk
E1196,49,0,Research & Development,Manager,Travel_Rarely,809,1,3,Life Sciences,3,Male,36,3,4,3,Single,15379,22384,4,No,14,3,1,0,23,2,3,8,7,0,0,640.7916666666666,0.0,2.6,0,0.08416508344677756,8.42,Low Risk
E1197,41,0,Sales,Sales Executive,Travel_Rarely,1206,23,2,Life Sciences,4,Male,80,3,3,3,Single,7082,11591,3,Yes,16,3,4,0,21,2,3,2,0,0,2,321.90909090909093,0.0,3.4,1,0.5872312766970992,58.72,Medium Risk
E1198,20,0,Sales,Sales Representative,Travel_Rarely,727,9,1,Life Sciences,4,Male,54,3,1,1,Single,2728,21082,1,No,11,3,1,0,2,3,3,2,2,0,2,909.3333333333334,0.0,2.4,0,0.8378749818647575,83.79,High Risk
E1199,33,0,Sales,Sales Executive,Non-Travel,530,16,3,Life Sciences,3,Female,36,3,2,4,Divorced,5368,16130,1,Yes,25,4,3,1,7,2,3,6,5,1,2,671.0,0.14285714285714285,3.2,1,0.07325240657407255,7.33,Low Risk
E1200,36,0,Research & Development,Healthcare Representative,Travel_Rarely,1351,26,4,Life Sciences,1,Male,80,3,2,3,Married,5347,7419,6,No,14,3,2,2,10,2,2,3,2,0,2,486.09090909090907,0.0,2.2,0,0.2832732932820725,28.33,Low Risk
E1201,44,0,Human Resources,Human Resources,Travel_Rarely,528,1,3,Life Sciences,3,Female,44,3,1,4,Divorced,3195,4167,4,Yes,18,3,1,3,8,2,3,2,2,2,2,355.0,0.6666666666666666,2.8,1,0.13693278805711026,13.69,Low Risk
E1202,23,1,Research & Development,Laboratory Technician,Travel_Rarely,1320,8,1,Medical,4,Male,93,2,1,3,Single,3989,20586,1,Yes,11,3,1,0,5,2,3,5,4,1,2,664.8333333333334,0.16666666666666666,2.6,1,0.891384779361097,89.14,High Risk
E1203,38,0,Research & Development,Laboratory Technician,Travel_Rarely,1495,4,2,Medical,4,Female,87,3,1,3,Married,3306,26176,7,No,19,3,4,1,7,5,2,0,0,0,0,413.25,0.0,3.2,0,0.09589101009462538,9.59,Low Risk
E1204,53,0,Research & Development,Healthcare Representative,Travel_Rarely,1395,24,4,Medical,2,Male,48,4,3,4,Married,7005,3458,3,No,15,3,3,0,11,2,3,4,3,1,2,583.75,0.2,3.2,0,0.06706900980969549,6.71,Low Risk
E1205,48,1,Sales,Sales Representative,Travel_Frequently,708,7,2,Medical,4,Female,95,3,1,3,Married,2655,11740,2,Yes,11,3,3,2,19,3,3,9,7,7,7,132.75,0.7,3.2,1,0.6462532417161027,64.63,High Risk
E1206,32,1,Research & Development,Laboratory Technician,Travel_Rarely,1259,2,4,Life Sciences,4,Male,95,3,1,2,Single,1393,24852,1,No,12,3,1,0,1,2,3,1,0,0,0,696.5,0.0,2.6,0,0.661968583954228,66.2,High Risk
E1207,26,0,Research & Development,Laboratory Technician,Non-Travel,786,7,3,Medical,4,Male,76,3,1,4,Single,2570,11925,1,No,20,4,3,0,7,5,3,7,7,5,7,321.25,0.625,3.4,0,0.03671261470553712,3.67,Low Risk
E1208,55,0,Research & Development,Research Scientist,Travel_Rarely,1441,22,3,Technical Degree,1,Male,94,2,1,2,Divorced,3537,23737,5,No,12,3,4,1,8,1,3,4,2,1,2,393.0,0.2,2.4,0,0.6921935016934777,69.22,High Risk
E1209,34,0,Research & Development,Laboratory Technician,Travel_Rarely,1157,5,2,Medical,2,Male,57,2,2,4,Married,3986,11912,1,No,14,3,3,1,15,3,4,15,10,4,13,249.125,0.25,3.0,0,0.07846249895556111,7.85,Low Risk
E1210,60,0,Research & Development,Healthcare Representative,Travel_Rarely,370,1,4,Medical,3,Male,92,1,3,4,Divorced,10883,20467,3,No,20,4,3,1,19,2,4,1,0,0,0,544.15,0.0,3.0,0,0.04219948725287566,4.22,Low Risk
E1211,33,0,Research & Development,Laboratory Technician,Travel_Rarely,267,21,3,Medical,2,Male,79,4,1,2,Married,2028,13637,1,No,18,3,4,3,14,6,3,14,11,2,13,135.2,0.13333333333333333,3.0,0,0.047410940551018584,4.74,Low Risk
E1212,37,0,Sales,Sales Executive,Travel_Frequently,1278,1,4,Medical,3,Male,31,1,2,4,Divorced,9525,7677,1,No,14,3,3,2,6,2,2,6,3,1,3,1360.7142857142858,0.14285714285714285,2.6,0,0.2909099562003829,29.09,Low Risk
E1213,34,0,Research & Development,Research Scientist,Travel_Rarely,678,19,3,Life Sciences,2,Female,35,2,1,4,Married,2929,20338,1,No,12,3,2,0,10,3,3,10,9,8,7,266.27272727272725,0.7272727272727273,2.6,0,0.20866366727193816,20.87,Low Risk
E1214,23,1,Sales,Sales Representative,Travel_Rarely,427,7,3,Life Sciences,3,Male,99,3,1,4,Divorced,2275,25103,1,Yes,21,4,2,1,3,2,3,3,2,0,2,568.75,0.0,3.0,1,0.601873068408297,60.19,High Risk
E1215,44,0,Research & Development,Healthcare Representative,Travel_Rarely,921,2,3,Life Sciences,3,Female,96,4,3,4,Married,7879,14810,1,Yes,19,3,2,1,9,2,3,8,7,6,7,787.9,0.6666666666666666,3.2,1,0.06261452401307446,6.26,Low Risk
E1216,35,0,Research & Development,Research Scientist,Travel_Frequently,146,2,4,Medical,1,Male,79,2,1,4,Single,4930,13970,0,Yes,14,3,3,0,6,2,4,5,4,1,4,704.2857142857143,0.16666666666666666,2.8,1,0.8080278665803409,80.8,High Risk
E1217,43,0,Sales,Sales Executive,Travel_Rarely,1179,2,3,Medical,4,Male,73,3,2,4,Married,7847,6069,1,Yes,17,3,1,1,10,3,3,10,9,8,8,713.3636363636364,0.7272727272727273,3.0,1,0.20676307891791934,20.68,Low Risk
E1218,24,0,Research & Development,Research Scientist,Travel_Rarely,581,9,3,Medical,3,Male,62,4,1,3,Married,4401,17616,1,No,16,3,4,1,5,1,3,5,3,0,4,733.5,0.0,3.4,0,0.07618061592149418,7.62,Low Risk
E1219,41,0,Sales,Sales Executive,Travel_Rarely,918,6,3,Marketing,4,Male,35,3,3,3,Single,9241,15869,1,No,12,3,2,0,10,3,3,10,8,8,7,840.0909090909091,0.7272727272727273,3.0,0,0.27111533819556943,27.11,Low Risk
E1220,29,0,Research & Development,Laboratory Technician,Travel_Rarely,1082,9,4,Medical,4,Female,43,3,1,3,Married,2974,25412,9,No,17,3,3,1,9,2,3,5,3,1,2,297.4,0.16666666666666666,3.2,0,0.2374211459796444,23.74,Low Risk
E1221,36,0,Sales,Sales Representative,Travel_Rarely,530,2,4,Life Sciences,3,Female,51,3,2,4,Single,4502,7439,3,No,15,3,3,0,17,2,2,13,7,6,7,250.11111111111111,0.42857142857142855,3.0,0,0.44714558669591054,44.71,Medium Risk
E1222,45,0,Research & Development,Healthcare Representative,Non-Travel,1238,1,1,Life Sciences,3,Male,74,2,3,3,Married,10748,3395,3,No,23,4,4,1,25,3,2,23,15,14,4,413.38461538461536,0.5833333333333334,2.8,0,0.07467301587669535,7.47,Low Risk
E1223,24,1,Human Resources,Human Resources,Travel_Rarely,240,22,1,Human Resources,4,Male,58,1,1,3,Married,1555,11585,1,No,11,3,3,1,1,2,3,1,0,0,0,777.5,0.0,2.8,0,0.822960679683606,82.3,High Risk
E1224,47,1,Sales,Sales Executive,Travel_Frequently,1093,9,3,Life Sciences,3,Male,82,1,4,3,Married,12936,24164,7,No,11,3,3,0,25,3,1,23,5,14,10,497.53846153846155,0.5833333333333334,2.2,0,0.9678414374402541,96.78,High Risk
E1225,26,0,Research & Development,Laboratory Technician,Travel_Rarely,390,17,4,Medical,4,Male,62,1,1,3,Married,2305,6217,1,No,15,3,3,3,3,3,4,3,2,0,2,576.25,0.0,3.0,0,0.18749542964420507,18.75,Low Risk
E1226,45,0,Research & Development,Research Director,Travel_Rarely,1005,28,2,Technical Degree,4,Female,48,2,4,2,Single,16704,17119,1,No,11,3,3,0,21,2,3,21,6,8,6,759.2727272727273,0.36363636363636365,2.8,0,0.4664004345572559,46.64,Medium Risk
E1227,32,0,Research & Development,Research Scientist,Travel_Frequently,585,10,3,Life Sciences,1,Male,56,3,1,3,Married,3433,17360,6,No,13,3,1,1,10,3,2,5,2,1,3,312.09090909090907,0.16666666666666666,2.0,0,0.7199509276494613,72.0,High Risk
E1228,31,0,Research & Development,Laboratory Technician,Travel_Rarely,741,2,4,Life Sciences,2,Male,69,3,1,3,Married,3477,18103,1,No,14,3,4,1,6,2,4,5,2,0,3,496.7142857142857,0.0,3.2,0,0.13192896087722844,13.19,Low Risk
E1229,41,0,Human Resources,Human Resources,Non-Travel,552,4,3,Human Resources,3,Male,60,1,2,2,Married,6430,20794,6,No,19,3,2,1,10,4,3,3,2,1,2,584.5454545454545,0.25,2.2,0,0.3143055045882795,31.43,Medium Risk
E1230,40,0,Research & Development,Manufacturing Director,Travel_Rarely,369,8,2,Life Sciences,2,Female,92,3,2,1,Married,6516,5041,2,Yes,16,3,2,1,18,3,3,1,0,0,0,342.94736842105266,0.0,2.2,1,0.4539238908210124,45.39,Medium Risk
E1231,24,0,Research & Development,Laboratory Technician,Travel_Rarely,506,29,1,Medical,2,Male,91,3,1,1,Divorced,3907,3622,1,No,13,3,2,3,6,2,4,6,2,1,2,558.1428571428571,0.14285714285714285,2.4,0,0.4821773099507095,48.22,Medium Risk
E1232,46,0,Research & Development,Healthcare Representative,Travel_Rarely,717,13,4,Life Sciences,3,Male,34,3,2,2,Single,5562,9697,6,No,14,3,4,0,19,3,3,10,7,0,9,278.1,0.0,3.0,0,0.07548738956509357,7.55,Low Risk
E1233,35,0,Research & Development,Manufacturing Director,Travel_Rarely,1370,27,4,Life Sciences,4,Male,49,3,2,3,Married,6883,5151,2,No,16,3,2,1,17,3,3,7,7,0,7,382.3888888888889,0.0,3.0,0,0.04145009490732104,4.15,Low Risk
E1234,30,0,Research & Development,Research Scientist,Travel_Rarely,793,16,1,Life Sciences,2,Male,33,3,1,4,Married,2862,3811,1,No,12,3,2,1,10,2,2,10,0,0,8,260.1818181818182,0.0,2.6,0,0.18567335265199453,18.57,Low Risk
E1235,47,0,Sales,Sales Executive,Non-Travel,543,2,4,Marketing,3,Male,87,3,2,2,Married,4978,3536,7,No,11,3,4,1,4,3,1,1,0,0,0,995.6,0.0,2.6,0,0.3119025148866989,31.19,Medium Risk
E1236,46,0,Sales,Sales Executive,Travel_Rarely,1277,2,3,Life Sciences,3,Male,74,3,3,4,Divorced,10368,5596,4,Yes,12,3,2,1,13,5,2,10,6,0,3,740.5714285714286,0.0,2.8,1,0.18800890121582797,18.8,Low Risk
E1237,36,1,Sales,Sales Executive,Travel_Rarely,1456,13,5,Marketing,2,Male,96,2,2,1,Divorced,6134,8658,5,Yes,13,3,2,3,16,3,3,2,2,2,2,360.8235294117647,0.6666666666666666,2.0,1,0.7785083240084287,77.85,High Risk
E1238,32,1,Sales,Sales Executive,Travel_Rarely,964,1,2,Life Sciences,1,Male,34,1,2,2,Single,6735,12147,6,No,15,3,2,0,10,2,3,0,0,0,0,612.2727272727273,0.0,1.8,0,0.8872857370811545,88.73,High Risk
E1239,23,0,Research & Development,Laboratory Technician,Travel_Rarely,160,4,1,Medical,3,Female,51,3,1,2,Single,3295,12862,1,No,13,3,3,0,3,3,1,3,2,1,2,823.75,0.25,2.4,0,0.6157676261946866,61.58,High Risk
E1240,31,0,Research & Development,Manufacturing Director,Travel_Frequently,163,24,1,Technical Degree,4,Female,30,3,2,4,Single,5238,6670,2,No,20,4,4,0,9,3,2,5,4,1,4,523.8,0.16666666666666666,3.4,0,0.38722663872585167,38.72,Medium Risk
E1241,39,0,Research & Development,Laboratory Technician,Non-Travel,792,1,3,Life Sciences,4,Male,77,3,2,4,Married,6472,8989,1,Yes,15,3,4,1,9,2,3,9,8,5,8,647.2,0.5,3.6,1,0.061122862051250025,6.11,Low Risk
E1242,32,0,Sales,Sales Executive,Travel_Rarely,371,19,3,Life Sciences,4,Male,80,1,3,3,Married,9610,3840,3,No,13,3,3,1,10,2,1,4,3,0,2,873.6363636363636,0.0,2.4,0,0.5064135070631354,50.64,Medium Risk
E1243,40,0,Sales,Manager,Travel_Rarely,611,7,4,Medical,2,Male,88,3,5,2,Single,19833,4349,1,No,14,3,2,0,21,3,2,21,8,12,8,901.5,0.5454545454545454,2.2,0,0.6290469014889216,62.9,High Risk
E1244,45,0,Human Resources,Human Resources,Travel_Rarely,176,4,3,Life Sciences,3,Female,56,1,3,3,Married,9756,6595,4,No,21,4,3,2,9,2,4,5,0,0,3,975.6,0.0,2.8,0,0.19650377159114282,19.65,Low Risk
E1245,30,0,Research & Development,Research Scientist,Travel_Frequently,1312,2,4,Technical Degree,4,Female,78,2,1,1,Single,4968,26427,0,No,16,3,4,0,10,2,3,9,7,0,7,451.6363636363636,0.0,2.8,0,0.28280235908788565,28.28,Low Risk
E1246,24,0,Human Resources,Human Resources,Travel_Frequently,897,10,3,Medical,1,Male,59,3,1,4,Married,2145,2097,0,No,14,3,4,1,3,2,3,2,2,2,1,536.25,0.6666666666666666,3.0,0,0.3272197829843776,32.72,Medium Risk
E1247,30,1,Human Resources,Human Resources,Travel_Frequently,600,8,3,Human Resources,3,Female,66,2,1,4,Divorced,2180,9732,6,No,11,3,3,1,6,0,2,4,2,1,2,311.42857142857144,0.2,2.8,0,0.6931955014935559,69.32,High Risk
E1248,31,0,Sales,Sales Executive,Travel_Rarely,1003,5,3,Technical Degree,1,Male,51,3,2,3,Married,8346,20943,1,No,19,3,3,1,6,3,3,5,2,0,2,1192.2857142857142,0.0,2.6,0,0.5355057363311893,53.55,Medium Risk
E1249,27,0,Research & Development,Research Scientist,Travel_Rarely,1054,8,3,Medical,3,Female,67,3,1,4,Single,3445,6152,1,No,11,3,3,0,6,5,2,6,2,1,4,492.14285714285717,0.14285714285714285,3.0,0,0.09716037354458473,9.72,Low Risk
E1250,29,1,Sales,Sales Representative,Travel_Rarely,428,9,3,Marketing,2,Female,52,1,1,2,Single,2760,14630,1,No,13,3,3,0,2,3,3,2,2,2,2,920.0,0.6666666666666666,2.2,0,0.9161664809627891,91.62,High Risk
E1251,29,0,Research & Development,Healthcare Representative,Travel_Frequently,461,1,3,Life Sciences,4,Male,70,4,2,3,Single,6294,23060,8,Yes,12,3,4,0,10,5,4,3,2,0,2,572.1818181818181,0.0,3.8,1,0.3534909328866766,35.35,Medium Risk
E1252,30,0,Sales,Sales Executive,Travel_Rarely,979,15,2,Marketing,3,Male,94,2,3,1,Divorced,7140,3088,2,No,11,3,1,1,12,2,3,7,7,1,7,549.2307692307693,0.125,2.0,0,0.30982072880477096,30.98,Medium Risk
E1253,34,0,Research & Development,Research Scientist,Travel_Rarely,181,2,4,Medical,4,Male,97,4,1,4,Married,2932,5586,0,Yes,14,3,1,3,6,3,3,5,0,1,2,418.85714285714283,0.16666666666666666,3.2,1,0.15780410580026846,15.78,Low Risk
E1254,33,0,Sales,Sales Executive,Non-Travel,1283,2,3,Marketing,4,Female,62,3,2,2,Single,5147,10697,8,No,15,3,4,0,13,2,2,11,7,1,7,367.64285714285717,0.08333333333333333,3.0,0,0.09899605506715699,9.9,Low Risk
E1255,49,0,Sales,Sales Executive,Travel_Rarely,1313,11,4,Marketing,4,Female,80,3,2,4,Single,4507,8191,3,No,12,3,3,0,8,1,4,5,1,0,4,500.77777777777777,0.0,3.6,0,0.11697491542885893,11.7,Low Risk
E1256,33,1,Sales,Sales Executive,Travel_Rarely,211,16,3,Life Sciences,1,Female,74,3,3,1,Single,8564,10092,2,Yes,20,4,3,0,11,2,2,0,0,0,0,713.6666666666666,0.0,2.0,1,0.935918786585769,93.59,High Risk
E1257,38,0,Research & Development,Laboratory Technician,Travel_Frequently,594,2,2,Medical,3,Female,75,2,1,2,Married,2468,15963,4,No,14,3,2,1,9,4,2,6,1,0,5,246.8,0.0,2.2,0,0.5608863430556852,56.09,Medium Risk
E1258,31,1,Sales,Sales Executive,Travel_Rarely,1079,16,4,Marketing,1,Male,70,3,3,3,Married,8161,19002,2,No,13,3,1,3,10,2,3,1,0,0,0,741.9090909090909,0.0,2.2,0,0.6178081685912336,61.78,High Risk
E1259,29,0,Research & Development,Research Scientist,Travel_Rarely,590,4,3,Technical Degree,4,Female,91,2,1,1,Divorced,2109,10007,1,No,13,3,3,1,1,2,3,1,0,0,0,1054.5,0.0,2.6,0,0.396918746665843,39.69,Medium Risk
E1260,30,0,Research & Development,Healthcare Representative,Travel_Rarely,305,16,3,Life Sciences,3,Male,58,4,2,3,Married,5294,9128,3,No,16,3,3,1,10,3,3,7,0,1,7,481.27272727272725,0.125,3.2,0,0.05807771154846902,5.81,Low Risk
E1261,32,0,Research & Development,Research Scientist,Non-Travel,953,5,4,Technical Degree,2,Male,65,3,1,2,Single,2718,17674,2,No,14,3,2,0,12,3,3,7,7,0,7,209.07692307692307,0.0,2.4,0,0.1275895730629502,12.76,Low Risk
E1262,38,0,Research & Development,Healthcare Representative,Travel_Rarely,833,18,3,Medical,2,Male,60,1,2,4,Married,5811,24539,3,Yes,16,3,3,1,15,2,3,1,0,1,0,363.1875,0.5,2.6,1,0.557013907207263,55.7,Medium Risk
E1263,43,1,Research & Development,Research Scientist,Travel_Frequently,807,17,3,Technical Degree,3,Male,38,2,1,3,Married,2437,15587,9,Yes,16,3,4,1,6,4,3,1,0,0,0,348.14285714285717,0.0,3.0,1,0.948675120557493,94.87,High Risk
E1264,42,0,Research & Development,Laboratory Technician,Travel_Rarely,855,12,3,Medical,2,Male,57,3,1,2,Divorced,2766,8952,8,No,22,4,2,3,7,6,2,5,3,0,4,345.75,0.0,2.2,0,0.28995678272054537,29.0,Low Risk
E1265,55,0,Research & Development,Research Director,Travel_Rarely,478,2,3,Medical,3,Male,60,2,5,1,Married,19038,19805,8,No,12,3,2,3,34,2,3,1,0,0,0,543.9428571428572,0.0,2.2,0,0.05811309006783564,5.81,Low Risk
E1266,33,0,Research & Development,Research Scientist,Non-Travel,775,4,3,Technical Degree,4,Male,90,3,2,2,Divorced,3055,6194,5,No,15,3,4,2,11,2,2,9,8,1,7,254.58333333333334,0.1,3.0,0,0.04805528291627558,4.81,Low Risk
E1267,41,0,Research & Development,Laboratory Technician,Travel_Rarely,548,9,4,Life Sciences,3,Male,94,3,1,1,Divorced,2289,20520,1,No,20,4,2,2,5,2,3,5,3,0,4,381.5,0.0,2.4,0,0.1638635336227153,16.39,Low Risk
E1268,34,0,Sales,Sales Executive,Non-Travel,1375,10,3,Life Sciences,4,Male,87,3,2,3,Divorced,4001,12313,1,Yes,14,3,3,1,15,3,3,15,14,0,7,250.0625,0.0,3.2,1,0.03234809747952533,3.23,Low Risk
E1269,53,0,Research & Development,Manufacturing Director,Non-Travel,661,1,4,Medical,1,Female,60,2,4,3,Married,12965,22308,4,Yes,20,4,4,3,27,2,2,3,2,0,2,463.0357142857143,0.0,2.4,1,0.09921086694727041,9.92,Low Risk
E1270,43,0,Human Resources,Human Resources,Travel_Rarely,244,2,3,Life Sciences,2,Male,97,3,1,4,Single,3539,5033,0,No,13,3,2,0,10,5,3,9,7,1,8,321.72727272727275,0.1,2.8,0,0.06116140471723369,6.12,Low Risk
E1271,34,0,Sales,Sales Executive,Travel_Rarely,511,3,2,Life Sciences,4,Female,32,1,2,4,Single,6029,25353,5,No,12,3,1,0,6,3,3,2,2,2,2,861.2857142857143,0.6666666666666666,2.6,0,0.5196645568457635,51.97,Medium Risk
E1272,21,1,Sales,Sales Representative,Travel_Rarely,337,7,1,Marketing,2,Male,31,3,1,2,Single,2679,4567,1,No,13,3,2,0,1,3,3,1,0,1,0,1339.5,0.5,2.4,0,0.9517764783149666,95.18,High Risk
E1273,38,0,Research & Development,Laboratory Technician,Travel_Rarely,1153,6,2,Other,4,Female,40,2,1,3,Married,3702,16376,1,No,11,3,2,1,5,3,3,5,4,0,4,617.0,0.0,2.8,0,0.10829556009799039,10.83,Low Risk
E1274,22,1,Research & Development,Laboratory Technician,Travel_Rarely,1294,8,1,Medical,3,Female,79,3,1,1,Married,2398,15999,1,Yes,17,3,3,0,1,6,3,1,0,0,0,1199.0,0.0,2.6,1,0.7860887157673244,78.61,High Risk
E1275,31,0,Sales,Sales Executive,Travel_Rarely,196,29,4,Marketing,1,Female,91,2,2,4,Married,5468,13402,1,No,14,3,1,2,13,3,3,12,7,5,7,390.57142857142856,0.38461538461538464,2.2,0,0.5980878294520511,59.81,Medium Risk
E1276,51,0,Research & Development,Manager,Travel_Rarely,942,3,3,Technical Degree,1,Female,53,3,3,3,Married,13116,22984,2,No,11,3,4,0,15,2,3,2,2,2,2,819.75,0.6666666666666666,2.8,0,0.09838623260771846,9.84,Low Risk
E1277,37,0,Sales,Sales Executive,Travel_Rarely,589,9,2,Marketing,2,Male,46,2,2,2,Married,4189,8800,1,No,14,3,1,2,5,2,3,5,2,0,3,698.1666666666666,0.0,2.0,0,0.6733223879095817,67.33,High Risk
E1278,46,0,Research & Development,Research Director,Travel_Rarely,734,2,4,Medical,3,Male,46,3,5,4,Divorced,19328,14218,7,Yes,17,3,3,1,24,3,3,2,1,2,2,773.12,0.6666666666666666,3.2,1,0.03392318181269298,3.39,Low Risk
E1279,36,0,Research & Development,Healthcare Representative,Travel_Rarely,1383,10,3,Life Sciences,4,Male,90,3,3,1,Married,8321,25949,7,Yes,13,3,4,1,15,1,3,12,8,5,7,520.0625,0.38461538461538464,3.0,1,0.5274300351728022,52.74,Medium Risk
E1280,44,1,Research & Development,Research Scientist,Travel_Frequently,429,1,2,Medical,3,Male,99,3,1,2,Divorced,2342,11092,1,Yes,12,3,3,3,6,2,2,5,3,2,3,334.57142857142856,0.3333333333333333,2.6,1,0.5096428802908429,50.96,Medium Risk
E1281,37,0,Human Resources,Human Resources,Travel_Rarely,1239,8,2,Other,3,Male,89,3,2,2,Divorced,4071,12832,2,No,13,3,3,0,19,4,2,10,0,4,7,203.55,0.36363636363636365,2.6,0,0.1984083638519074,19.84,Low Risk
E1282,35,1,Sales,Sales Executive,Travel_Rarely,303,27,3,Life Sciences,3,Male,84,3,2,4,Single,5813,13492,1,Yes,18,3,4,0,10,2,3,10,7,7,7,528.4545454545455,0.6363636363636364,3.4,1,0.7436892891768756,74.37,High Risk
E1283,33,0,Research & Development,Research Scientist,Travel_Rarely,867,8,4,Life Sciences,4,Male,90,4,1,1,Married,3143,6076,6,No,19,3,2,1,14,1,3,10,8,7,6,209.53333333333333,0.6363636363636364,2.8,0,0.17836577300702075,17.84,Low Risk
E1284,28,0,Research & Development,Research Scientist,Travel_Rarely,1181,1,3,Life Sciences,3,Male,82,3,1,4,Married,2044,5531,1,No,11,3,3,1,5,6,4,5,3,0,3,340.6666666666667,0.0,3.4,0,0.03318123910482811,3.32,Low Risk
E1285,39,0,Research & Development,Research Director,Travel_Rarely,1253,10,1,Medical,3,Male,65,3,3,3,Single,13464,7914,7,No,21,4,3,0,9,3,3,4,3,2,2,1346.4,0.4,3.0,0,0.10002505521201158,10.0,Low Risk
E1286,46,0,Sales,Sales Executive,Non-Travel,849,26,2,Life Sciences,2,Male,98,2,2,2,Single,7991,25166,8,No,15,3,3,0,6,3,3,2,2,2,2,1141.5714285714287,0.6666666666666666,2.4,0,0.6934301810176519,69.34,High Risk
E1287,40,0,Research & Development,Laboratory Technician,Travel_Rarely,616,2,2,Life Sciences,3,Female,99,3,1,1,Married,3377,25605,4,No,17,3,4,1,7,5,2,4,3,0,2,422.125,0.0,2.6,0,0.14937900007455546,14.94,Low Risk
E1288,42,0,Research & Development,Healthcare Representative,Travel_Rarely,1128,13,3,Medical,2,Male,95,4,2,1,Married,5538,5696,5,No,18,3,3,2,10,2,2,0,0,0,0,503.45454545454544,0.0,2.4,0,0.1538155661654455,15.38,Low Risk
E1289,35,0,Research & Development,Manufacturing Director,Non-Travel,1180,2,2,Medical,2,Male,90,3,2,4,Divorced,5762,24442,2,No,14,3,3,1,15,6,3,7,7,1,7,360.125,0.125,3.0,0,0.0181106445817357,1.81,Low Risk
E1290,38,0,Human Resources,Human Resources,Non-Travel,1336,2,3,Human Resources,1,Male,100,3,1,2,Divorced,2592,7129,5,No,13,3,4,3,13,3,3,11,10,3,8,185.14285714285714,0.25,2.6,0,0.05934765005930884,5.93,Low Risk
E1291,34,1,Research & Development,Laboratory Technician,Travel_Frequently,234,9,4,Life Sciences,4,Male,93,3,2,1,Married,5346,6208,4,No,17,3,3,1,11,3,2,7,1,0,7,445.5,0.0,2.6,0,0.46390089608471907,46.39,Medium Risk
E1292,37,1,Research & Development,Manufacturing Director,Travel_Rarely,370,10,4,Medical,4,Male,58,3,2,1,Single,4213,4992,1,No,15,3,2,0,10,4,1,10,3,0,8,383.0,0.0,2.2,0,0.2778833095380217,27.79,Low Risk
E1293,39,0,Sales,Sales Executive,Travel_Frequently,766,20,3,Life Sciences,3,Male,83,3,2,4,Divorced,4127,19188,2,No,18,3,4,1,7,6,3,2,1,2,2,515.875,0.6666666666666666,3.4,0,0.0730666547102642,7.31,Low Risk
E1294,43,0,Research & Development,Research Scientist,Non-Travel,343,9,3,Life Sciences,1,Male,52,3,1,3,Single,2438,24978,4,No,13,3,3,0,7,2,2,3,2,1,2,304.75,0.25,2.4,0,0.25236274402474246,25.24,Low Risk
E1295,41,0,Research & Development,Healthcare Representative,Travel_Rarely,447,5,3,Life Sciences,2,Male,85,4,2,2,Single,6870,15530,3,No,12,3,1,0,11,3,1,3,2,1,2,572.5,0.25,2.0,0,0.2562019300646666,25.62,Low Risk
E1296,41,0,Sales,Sales Executive,Travel_Rarely,796,4,1,Marketing,3,Female,81,3,3,3,Divorced,10447,26458,0,Yes,13,3,4,1,23,3,4,22,14,13,5,435.2916666666667,0.5652173913043478,3.4,1,0.3891574583835118,38.92,Medium Risk
E1297,30,0,Research & Development,Manufacturing Director,Travel_Rarely,1092,10,3,Medical,1,Female,64,3,3,3,Single,9667,2739,9,No,14,3,2,0,9,3,3,7,7,0,2,966.7,0.0,2.4,0,0.5642652532564308,56.43,Medium Risk
E1298,26,1,Human Resources,Human Resources,Travel_Rarely,920,20,2,Medical,4,Female,69,3,1,2,Married,2148,6889,0,Yes,11,3,3,0,6,3,3,5,1,1,4,306.85714285714283,0.16666666666666666,3.0,1,0.5487518411888326,54.88,Medium Risk
E1299,46,1,Research & Development,Healthcare Representative,Travel_Rarely,261,21,2,Medical,4,Female,66,3,2,2,Married,8926,10842,4,No,22,4,4,1,13,2,4,9,7,3,7,637.5714285714286,0.3,3.4,0,0.03878227542386274,3.88,Low Risk
E1300,40,0,Research & Development,Healthcare Representative,Travel_Rarely,1194,1,3,Life Sciences,3,Female,52,3,2,4,Divorced,6513,9060,4,No,17,3,4,1,12,3,3,5,3,0,3,501.0,0.0,3.4,0,0.023332757761126283,2.33,Low Risk
E1301,34,0,Sales,Sales Executive,Travel_Rarely,810,8,2,Technical Degree,2,Male,92,4,2,3,Married,6799,22128,1,No,21,4,3,2,10,5,3,10,8,4,8,618.0909090909091,0.36363636363636365,3.0,0,0.11172278437818524,11.17,Low Risk
E1302,58,0,Sales,Manager,Non-Travel,350,2,3,Medical,2,Male,52,3,4,2,Divorced,16291,22577,4,No,22,4,4,1,37,0,2,16,9,14,14,428.7105263157895,0.8235294117647058,2.6,0,0.06171738176280232,6.17,Low Risk
E1303,35,0,Research & Development,Laboratory Technician,Travel_Rarely,185,23,4,Medical,2,Male,91,1,1,3,Married,2705,9696,0,No,16,3,2,1,6,2,4,5,4,0,3,386.42857142857144,0.0,2.4,0,0.5352192993147374,53.52,Medium Risk
E1304,47,0,Research & Development,Manufacturing Director,Travel_Rarely,1001,4,3,Life Sciences,3,Female,92,2,3,2,Divorced,10333,19271,8,Yes,12,3,3,1,28,4,3,22,11,14,10,356.3103448275862,0.6086956521739131,2.6,1,0.6946365754412849,69.46,High Risk
E1305,40,0,Research & Development,Healthcare Representative,Travel_Rarely,750,12,3,Life Sciences,2,Female,47,3,2,1,Divorced,4448,10748,2,No,12,3,2,1,15,3,3,7,4,7,7,278.0,0.875,2.2,0,0.08677397517931151,8.68,Low Risk
E1306,54,0,Research & Development,Research Scientist,Travel_Rarely,431,7,4,Medical,4,Female,68,3,2,4,Married,6854,15696,4,No,15,3,2,1,14,2,2,7,1,1,7,456.93333333333334,0.125,3.0,0,0.062355820501971145,6.24,Low Risk
E1307,31,0,Sales,Sales Executive,Travel_Frequently,1125,7,4,Marketing,1,Female,68,3,3,1,Married,9637,8277,2,No,14,3,4,2,9,3,3,3,2,2,2,963.7,0.5,2.4,0,0.5543077839102698,55.43,Medium Risk
E1308,28,0,Research & Development,Research Scientist,Travel_Rarely,1217,1,3,Medical,3,Female,67,3,1,1,Married,3591,12719,1,No,25,4,3,1,3,3,3,3,2,1,2,897.75,0.25,2.6,0,0.10180786502177652,10.18,Low Risk
E1309,38,0,Sales,Sales Representative,Travel_Rarely,723,2,4,Marketing,2,Female,77,1,2,4,Married,5405,4244,2,Yes,20,4,1,2,20,4,2,4,2,0,3,257.3809523809524,0.0,2.0,1,0.7735613324352456,77.36,High Risk
E1310,26,0,Sales,Sales Executive,Travel_Rarely,572,10,3,Medical,3,Male,46,3,2,4,Single,4684,9125,1,No,13,3,1,0,5,4,3,5,3,1,2,780.6666666666666,0.16666666666666666,2.8,0,0.3527514776793383,35.28,Medium Risk
E1311,58,0,Research & Development,Research Director,Travel_Frequently,1216,15,4,Life Sciences,1,Male,87,3,4,3,Married,15787,21624,2,Yes,14,3,2,0,23,3,3,2,2,2,2,657.7916666666666,0.6666666666666666,2.4,1,0.19279421872443958,19.28,Low Risk
E1312,18,0,Research & Development,Research Scientist,Non-Travel,1431,14,3,Medical,2,Female,33,3,1,3,Single,1514,8018,1,No,16,3,3,0,0,4,1,0,0,0,0,1514.0,0.0,2.4,0,0.39210026876187837,39.21,Medium Risk
E1313,31,1,Human Resources,Human Resources,Travel_Rarely,359,18,5,Human Resources,4,Male,89,4,1,1,Married,2956,21495,0,No,17,3,3,0,2,4,3,1,0,0,0,985.3333333333334,0.0,3.0,0,0.4346984100141692,43.47,Medium Risk
E1314,29,1,Human Resources,Human Resources,Travel_Rarely,350,13,3,Human Resources,1,Male,56,2,1,1,Divorced,2335,3157,4,Yes,15,3,4,3,4,3,3,2,2,2,0,467.0,0.6666666666666666,2.2,1,0.9266447841091929,92.66,High Risk
E1315,45,0,Sales,Sales Executive,Non-Travel,589,2,4,Life Sciences,3,Female,67,3,2,3,Married,5154,19665,4,No,22,4,2,2,10,3,4,8,7,5,7,468.54545454545456,0.5555555555555556,3.0,0,0.030616106461030773,3.06,Low Risk
E1316,36,0,Research & Development,Research Scientist,Travel_Rarely,430,2,4,Other,4,Female,73,3,2,2,Married,6962,19573,4,Yes,22,4,4,1,15,2,3,1,0,0,0,435.125,0.0,3.2,1,0.2747488980595157,27.47,Low Risk
E1317,43,0,Sales,Sales Executive,Travel_Frequently,1422,2,4,Life Sciences,1,Male,92,3,2,4,Married,5675,19246,1,No,20,4,3,1,7,5,3,7,7,7,7,709.375,0.875,2.8,0,0.13816379030781226,13.82,Low Risk
E1318,27,0,Research & Development,Laboratory Technician,Travel_Frequently,1297,5,2,Life Sciences,4,Female,53,3,1,4,Single,2379,19826,0,Yes,14,3,3,0,6,3,2,5,4,0,2,339.85714285714283,0.0,3.2,1,0.5360179347422295,53.6,Medium Risk
E1319,29,0,Research & Development,Laboratory Technician,Travel_Frequently,574,20,1,Medical,4,Male,40,3,1,4,Married,3812,7003,1,No,13,3,2,0,11,3,4,11,8,3,10,317.6666666666667,0.25,3.4,0,0.12310922937404235,12.31,Low Risk
E1320,32,0,Sales,Sales Executive,Travel_Frequently,1318,10,4,Marketing,4,Male,79,3,2,4,Single,4648,26075,8,No,13,3,3,0,4,2,4,0,0,0,0,929.6,0.0,3.6,0,0.7286853553520903,72.87,High Risk
E1321,42,0,Research & Development,Research Scientist,Non-Travel,355,10,4,Technical Degree,3,Male,38,3,1,3,Married,2936,6161,3,No,22,4,2,2,10,1,2,6,3,3,3,266.90909090909093,0.42857142857142855,2.6,0,0.19727207526703258,19.73,Low Risk
E1322,47,0,Research & Development,Laboratory Technician,Travel_Rarely,207,9,4,Life Sciences,2,Female,64,3,1,3,Single,2105,5411,4,No,12,3,3,0,7,2,3,2,2,2,0,263.125,0.6666666666666666,2.8,0,0.4418070965727466,44.18,Medium Risk
E1323,46,0,Research & Development,Manufacturing Director,Travel_Rarely,706,2,2,Life Sciences,4,Male,82,3,3,4,Divorced,8578,19989,3,No,14,3,3,1,12,4,2,9,8,4,7,659.8461538461538,0.4,3.2,0,0.03755674846566235,3.76,Low Risk
E1324,28,0,Human Resources,Human Resources,Non-Travel,280,1,2,Life Sciences,3,Male,43,3,1,4,Divorced,2706,10494,1,No,15,3,2,1,3,2,3,3,2,2,2,676.5,0.5,3.0,0,0.0396522870264135,3.97,Low Risk
E1325,29,0,Research & Development,Healthcare Representative,Travel_Rarely,726,29,1,Life Sciences,4,Male,93,1,2,3,Divorced,6384,21143,8,No,17,3,4,2,11,3,3,7,0,1,6,532.0,0.125,3.0,0,0.16257862439949405,16.26,Low Risk
E1326,42,0,Research & Development,Laboratory Technician,Travel_Rarely,1142,8,3,Life Sciences,4,Male,81,3,1,3,Single,3968,13624,4,No,13,3,4,0,8,3,3,0,0,0,0,440.8888888888889,0.0,3.4,0,0.23754115173326049,23.75,Low Risk
E1327,32,1,Sales,Sales Executive,Travel_Rarely,414,2,4,Marketing,3,Male,82,2,2,2,Single,9907,26186,7,Yes,12,3,3,0,7,3,2,2,2,2,2,1238.375,0.6666666666666666,2.4,1,0.9569987621511971,95.7,High Risk
E1328,46,0,Sales,Sales Executive,Travel_Rarely,1319,3,3,Technical Degree,1,Female,45,4,4,1,Divorced,13225,7739,2,No,12,3,4,1,25,5,3,19,17,2,8,508.65384615384613,0.1,2.6,0,0.06019134681237054,6.02,Low Risk
E1329,27,0,Sales,Sales Representative,Travel_Rarely,728,23,1,Medical,2,Female,36,2,2,3,Married,3540,7018,1,No,21,4,4,1,9,5,3,9,8,5,8,354.0,0.5,2.8,0,0.23804992499549968,23.8,Low Risk
E1330,29,0,Human Resources,Human Resources,Travel_Rarely,352,6,1,Medical,4,Male,87,2,1,2,Married,2804,15434,1,No,11,3,4,0,1,3,3,1,0,0,0,1402.0,0.0,3.0,0,0.4557234346830543,45.57,Medium Risk
E1331,43,0,Research & Development,Manager,Travel_Rarely,823,6,3,Medical,1,Female,81,2,5,3,Married,19392,22539,7,No,13,3,4,0,21,2,3,16,12,6,14,881.4545454545455,0.35294117647058826,2.6,0,0.07796979558708576,7.8,Low Risk
E1332,48,0,Research & Development,Research Director,Travel_Rarely,1224,10,3,Life Sciences,4,Male,91,2,5,2,Married,19665,13583,4,No,12,3,4,0,29,3,3,22,10,12,9,655.5,0.5217391304347826,3.0,0,0.06666700377306585,6.67,Low Risk
E1333,29,1,Research & Development,Research Scientist,Travel_Frequently,459,24,2,Life Sciences,4,Male,73,2,1,4,Single,2439,14753,1,Yes,24,4,2,0,1,3,2,1,0,1,0,1219.5,0.5,2.8,1,0.9484262507494348,94.84,High Risk
E1334,46,1,Sales,Sales Executive,Travel_Rarely,1254,10,3,Life Sciences,3,Female,64,3,3,2,Married,7314,14011,5,No,21,4,3,3,14,2,3,8,7,0,7,487.6,0.0,2.8,0,0.058250059436340866,5.83,Low Risk
E1335,27,0,Research & Development,Research Scientist,Travel_Frequently,1131,15,3,Life Sciences,4,Female,77,2,1,1,Married,4774,23844,0,No,19,3,4,1,8,2,2,7,6,7,3,530.4444444444445,0.875,2.6,0,0.2968005862750055,29.68,Low Risk
E1336,39,0,Research & Development,Research Scientist,Travel_Rarely,835,19,4,Other,4,Male,41,3,2,4,Divorced,3902,5141,8,No,14,3,2,3,7,2,3,2,2,2,2,487.75,0.6666666666666666,3.2,0,0.11052138651279497,11.05,Low Risk
E1337,55,0,Research & Development,Research Scientist,Travel_Rarely,836,2,4,Technical Degree,2,Male,98,2,1,4,Married,2662,7975,8,No,20,4,2,1,19,2,4,5,2,0,4,133.1,0.0,2.8,0,0.31600044553642836,31.6,Medium Risk
E1338,28,0,Sales,Sales Representative,Travel_Rarely,1172,3,3,Medical,2,Female,78,3,1,2,Married,2856,3692,1,No,19,3,4,1,1,3,3,1,0,0,0,1428.0,0.0,2.8,0,0.46359717550902,46.36,Medium Risk
E1339,30,1,Sales,Sales Representative,Travel_Rarely,945,9,3,Medical,2,Male,89,3,1,4,Single,1081,16019,1,No,13,3,3,0,1,3,2,1,0,0,0,540.5,0.0,2.8,0,0.7471530039281901,74.72,High Risk
E1340,22,1,Research & Development,Research Scientist,Travel_Rarely,391,7,1,Life Sciences,4,Male,75,3,1,2,Single,2472,26092,1,Yes,23,4,1,0,1,2,3,1,0,0,0,1236.0,0.0,2.6,1,0.9129469742764861,91.29,High Risk
E1341,36,0,Sales,Sales Executive,Travel_Rarely,1266,10,4,Technical Degree,2,Female,63,2,2,3,Married,5673,6060,1,Yes,13,3,1,1,10,4,3,10,9,1,7,515.7272727272727,0.09090909090909091,2.2,1,0.5940322225928719,59.4,Medium Risk
E1342,31,0,Research & Development,Laboratory Technician,Travel_Rarely,311,20,3,Life Sciences,2,Male,89,3,2,3,Divorced,4197,18624,1,No,11,3,1,1,10,2,3,10,8,0,2,381.54545454545456,0.0,2.4,0,0.31761197745263603,31.76,Medium Risk
E1343,34,0,Sales,Sales Executive,Travel_Rarely,1480,4,3,Life Sciences,3,Male,64,3,3,4,Married,9713,24444,2,Yes,13,3,4,3,9,3,3,5,3,1,0,971.3,0.16666666666666666,3.4,1,0.22590711332267524,22.59,Low Risk
E1344,29,0,Research & Development,Laboratory Technician,Travel_Rarely,592,7,3,Life Sciences,4,Male,59,3,1,1,Single,2062,19384,3,No,14,3,2,0,11,2,3,3,2,1,2,171.83333333333334,0.25,2.6,0,0.48356696572449154,48.36,Medium Risk
E1345,37,0,Research & Development,Research Scientist,Travel_Rarely,783,7,4,Medical,4,Male,78,3,2,1,Married,4284,13588,5,Yes,22,4,3,1,16,2,3,5,3,0,4,252.0,0.0,2.8,1,0.4070615938125287,40.71,Medium Risk
E1346,35,0,Research & Development,Manufacturing Director,Travel_Rarely,219,16,2,Other,4,Female,44,2,2,2,Married,4788,25388,0,Yes,11,3,4,0,4,2,3,3,2,0,2,957.6,0.0,3.0,1,0.6723388610909838,67.23,High Risk
E1347,45,0,Research & Development,Manufacturing Director,Travel_Rarely,556,25,2,Life Sciences,2,Female,93,2,2,4,Married,5906,23888,0,No,13,3,4,2,10,2,2,9,8,3,8,536.9090909090909,0.3,2.8,0,0.06477187177940236,6.48,Low Risk
E1348,36,0,Human Resources,Human Resources,Travel_Frequently,1213,2,1,Human Resources,2,Male,94,2,2,4,Single,3886,4223,1,No,21,4,4,0,10,2,2,10,1,0,8,353.27272727272725,0.0,2.8,0,0.5776556175320487,57.77,Medium Risk
E1349,40,0,Research & Development,Manager,Travel_Rarely,1137,1,4,Life Sciences,1,Male,98,3,4,1,Divorced,16823,18991,2,No,11,3,1,1,22,3,3,19,7,11,16,731.4347826086956,0.55,1.8,0,0.1382937286978025,13.83,Low Risk
E1350,26,0,Research & Development,Research Scientist,Travel_Rarely,482,1,2,Life Sciences,2,Female,90,2,1,3,Married,2933,14908,1,Yes,13,3,3,1,1,3,2,1,0,1,0,1466.5,0.5,2.4,1,0.8240202409254472,82.4,High Risk
E1351,27,0,Sales,Sales Executive,Travel_Rarely,511,2,2,Medical,1,Female,89,4,2,3,Single,6500,26997,0,No,14,3,2,0,9,5,2,8,7,0,7,650.0,0.0,2.4,0,0.10592290397765361,10.59,Low Risk
E1352,48,0,Research & Development,Manager,Travel_Frequently,117,22,3,Medical,4,Female,58,3,4,4,Divorced,17174,2437,3,No,11,3,2,1,24,3,3,22,17,4,7,686.96,0.17391304347826086,3.2,0,0.038203033128937476,3.82,Low Risk
E1353,44,0,Research & Development,Healthcare Representative,Travel_Rarely,170,1,4,Life Sciences,2,Male,78,4,2,1,Married,5033,9364,2,No,15,3,4,1,10,5,3,2,0,2,2,457.54545454545456,0.6666666666666666,2.8,0,0.04803968522663517,4.8,Low Risk
E1354,34,1,Research & Development,Research Scientist,Non-Travel,967,16,4,Technical Degree,4,Male,85,1,1,1,Married,2307,14460,1,Yes,23,4,2,1,5,2,3,5,2,3,0,384.5,0.5,2.2,1,0.8610509393217294,86.11,High Risk
E1355,56,1,Research & Development,Laboratory Technician,Travel_Rarely,1162,24,2,Life Sciences,1,Male,97,3,1,4,Single,2587,10261,1,No,16,3,4,0,5,3,3,4,2,1,0,431.1666666666667,0.2,3.0,0,0.48243281038440305,48.24,Medium Risk
E1356,36,0,Sales,Sales Executive,Travel_Rarely,335,17,2,Marketing,3,Male,33,2,2,2,Married,5507,16822,2,No,16,3,3,2,12,1,1,4,2,1,3,423.61538461538464,0.2,2.2,0,0.5298575356953082,52.99,Medium Risk
E1357,41,0,Sales,Sales Executive,Travel_Rarely,337,8,3,Marketing,3,Female,54,3,2,2,Married,4393,26841,5,No,21,4,3,1,14,3,3,5,4,1,4,292.8666666666667,0.16666666666666666,2.8,0,0.16369815000510987,16.37,Low Risk
E1358,42,0,Research & Development,Research Director,Travel_Rarely,1396,6,3,Medical,3,Male,83,3,3,1,Married,13348,14842,9,No,13,3,2,1,18,3,4,13,7,5,7,702.5263157894736,0.35714285714285715,2.6,0,0.07396794102396737,7.4,Low Risk
E1359,31,0,Sales,Sales Executive,Travel_Rarely,1079,10,2,Medical,3,Female,86,3,2,4,Divorced,6583,20115,2,Yes,11,3,4,1,8,2,3,5,2,1,4,731.4444444444445,0.16666666666666666,3.4,1,0.22416496387979762,22.42,Low Risk
E1360,34,0,Sales,Sales Executive,Travel_Rarely,735,3,1,Medical,4,Female,75,2,2,4,Married,8103,16495,3,Yes,12,3,3,0,9,3,2,4,2,0,1,810.3,0.0,3.0,1,0.4800445103417469,48.0,Medium Risk
E1361,31,0,Research & Development,Laboratory Technician,Travel_Rarely,471,4,3,Medical,1,Female,62,4,1,3,Divorced,3978,16031,8,No,12,3,2,1,4,0,2,2,2,2,2,795.6,0.6666666666666666,2.4,0,0.6008597524941228,60.09,High Risk
E1362,26,0,Research & Development,Laboratory Technician,Travel_Frequently,1096,6,3,Other,3,Male,61,4,1,4,Married,2544,7102,0,No,18,3,1,1,8,3,3,7,7,7,7,282.6666666666667,0.875,3.0,0,0.13045757888702092,13.05,Low Risk
E1363,45,0,Research & Development,Healthcare Representative,Travel_Frequently,1297,1,4,Medical,2,Male,44,3,2,3,Single,5399,14511,4,No,12,3,3,0,12,3,3,4,2,0,3,415.3076923076923,0.0,2.8,0,0.20822895774961347,20.82,Low Risk
E1364,33,0,Sales,Sales Executive,Travel_Rarely,217,10,4,Marketing,2,Male,43,3,2,3,Single,5487,10410,1,No,14,3,2,0,10,2,2,10,4,0,9,498.8181818181818,0.0,2.4,0,0.48622979131833244,48.62,Medium Risk
E1365,28,0,Sales,Sales Executive,Travel_Frequently,783,1,2,Life Sciences,3,Male,42,2,2,4,Married,6834,19255,1,Yes,12,3,3,1,7,2,3,7,7,0,7,854.25,0.0,3.0,1,0.43208089008071926,43.21,Medium Risk
E1366,29,1,Sales,Sales Representative,Travel_Frequently,746,24,3,Technical Degree,3,Male,45,4,1,1,Single,1091,10642,1,No,17,3,4,0,1,3,3,1,0,0,0,545.5,0.0,3.0,0,0.9428692293073825,94.29,High Risk
E1367,39,0,Sales,Sales Executive,Non-Travel,1251,21,4,Life Sciences,1,Female,32,1,2,3,Married,5736,3987,6,No,19,3,3,1,10,1,3,3,2,1,2,521.4545454545455,0.25,2.2,0,0.2526845959071149,25.27,Low Risk
E1368,27,0,Research & Development,Research Scientist,Travel_Rarely,1354,2,4,Technical Degree,2,Male,41,3,1,2,Married,2226,6073,1,No,11,3,3,1,6,3,2,5,3,1,2,318.0,0.16666666666666666,2.4,0,0.43414523757622975,43.41,Medium Risk
E1369,34,0,Research & Development,Research Scientist,Travel_Frequently,735,22,4,Other,3,Male,86,2,2,4,Married,5747,26496,1,Yes,15,3,2,0,16,3,3,15,10,6,11,338.05882352941177,0.375,2.8,1,0.6552373836036147,65.52,High Risk
E1370,28,1,Sales,Sales Executive,Travel_Rarely,1475,13,2,Marketing,4,Female,84,3,2,3,Single,9854,23352,3,Yes,11,3,4,0,6,0,3,2,0,2,2,1407.7142857142858,0.6666666666666666,3.4,1,0.8537184436047732,85.37,High Risk
E1371,47,0,Research & Development,Research Scientist,Non-Travel,1169,14,4,Technical Degree,3,Male,64,3,2,2,Married,5467,2125,8,No,18,3,3,1,16,4,4,8,7,1,7,321.5882352941176,0.1111111111111111,3.0,0,0.07026022904128207,7.03,Low Risk
E1372,56,0,Sales,Sales Executive,Travel_Rarely,1443,11,5,Marketing,4,Female,89,2,2,1,Married,5380,20328,4,No,16,3,3,1,6,3,3,0,0,0,0,768.5714285714286,0.0,2.6,0,0.29230917870842926,29.23,Low Risk
E1373,39,0,Research & Development,Manufacturing Director,Travel_Rarely,867,9,2,Medical,1,Male,87,3,2,1,Married,5151,12315,1,No,25,4,4,1,10,3,3,10,0,7,9,468.27272727272725,0.6363636363636364,2.4,0,0.30414269185359083,30.41,Medium Risk
E1374,38,0,Research & Development,Research Scientist,Travel_Frequently,1394,8,3,Medical,4,Female,58,2,2,2,Divorced,2133,18115,1,Yes,16,3,3,1,20,3,3,20,11,0,7,101.57142857142857,0.0,2.8,1,0.22811108405121464,22.81,Low Risk
E1375,58,0,Sales,Manager,Travel_Rarely,605,21,3,Life Sciences,4,Female,72,3,4,4,Married,17875,11761,4,Yes,13,3,3,1,29,2,2,1,0,0,0,595.8333333333334,0.0,3.2,1,0.08614790788814075,8.61,Low Risk
E1376,32,1,Research & Development,Research Scientist,Travel_Frequently,238,5,2,Life Sciences,1,Female,47,4,1,3,Single,2432,15318,3,Yes,14,3,1,0,8,2,3,4,1,0,3,270.22222222222223,0.0,2.4,1,0.8776998931307713,87.77,High Risk
E1377,38,0,Research & Development,Research Scientist,Travel_Rarely,1206,9,2,Life Sciences,2,Male,71,3,1,4,Divorced,4771,14293,2,No,19,3,4,2,10,0,4,5,2,0,3,433.72727272727275,0.0,3.4,0,0.04239445964297281,4.24,Low Risk
E1378,49,0,Research & Development,Research Director,Travel_Frequently,1064,2,1,Life Sciences,2,Male,42,3,5,4,Married,19161,13738,3,No,15,3,4,0,28,3,3,5,4,4,3,660.7241379310345,0.6666666666666666,3.2,0,0.023785761844524293,2.38,Low Risk
E1379,42,0,Sales,Sales Executive,Travel_Rarely,419,12,4,Marketing,2,Male,77,3,2,4,Divorced,5087,2900,3,Yes,12,3,3,2,14,4,3,0,0,0,0,339.1333333333333,0.0,3.0,1,0.3472073859639162,34.72,Medium Risk
E1380,27,1,Human Resources,Human Resources,Travel_Frequently,1337,22,3,Human Resources,1,Female,58,2,1,2,Married,2863,19555,1,No,12,3,1,0,1,2,3,1,0,0,0,1431.5,0.0,1.8,0,0.9756207941408134,97.56,High Risk
E1381,35,0,Sales,Sales Executive,Travel_Rarely,682,18,4,Medical,2,Male,71,3,2,1,Married,5561,15975,0,No,16,3,4,1,6,2,1,5,3,0,4,794.4285714285714,0.0,2.2,0,0.4638615252468391,46.39,Medium Risk
E1382,28,0,Research & Development,Research Scientist,Non-Travel,1103,16,3,Medical,3,Male,49,3,1,3,Single,2144,2122,1,No,14,3,3,0,5,3,2,5,3,1,4,357.3333333333333,0.16666666666666666,2.8,0,0.08323830521867101,8.32,Low Risk
E1383,31,0,Research & Development,Research Scientist,Non-Travel,976,3,2,Medical,3,Male,48,3,1,1,Divorced,3065,3995,1,Yes,13,3,4,1,4,3,4,4,2,2,3,613.0,0.4,3.0,1,0.10640780838761583,10.64,Low Risk
E1384,36,0,Research & Development,Laboratory Technician,Non-Travel,1351,9,4,Life Sciences,1,Male,66,4,1,2,Married,2810,9238,1,No,22,4,2,0,5,3,3,5,4,0,2,468.3333333333333,0.0,2.4,0,0.09213907225149345,9.21,Low Risk
E1385,34,0,Sales,Sales Executive,Travel_Rarely,937,1,3,Marketing,1,Male,32,3,3,4,Single,9888,6770,1,No,21,4,1,0,14,3,2,14,8,2,1,659.2,0.13333333333333333,2.2,0,0.6713708699102726,67.14,High Risk
E1386,34,0,Sales,Sales Executive,Travel_Rarely,1239,13,4,Medical,4,Male,39,3,3,3,Divorced,8628,22914,1,No,18,3,3,1,9,2,2,8,7,1,1,862.8,0.1111111111111111,3.0,0,0.09159386595804453,9.16,Low Risk
E1387,26,0,Research & Development,Laboratory Technician,Travel_Rarely,157,1,3,Medical,3,Male,95,3,1,1,Single,2867,20006,0,No,13,3,4,0,8,6,2,7,7,7,6,318.55555555555554,0.875,2.6,0,0.3695235604664314,36.95,Medium Risk
E1388,29,0,Research & Development,Healthcare Representative,Travel_Rarely,136,1,3,Life Sciences,1,Male,89,3,2,1,Married,5373,6225,0,No,12,3,1,1,6,5,2,5,3,0,2,767.5714285714286,0.0,1.6,0,0.2608542457965281,26.09,Low Risk
E1389,32,0,Research & Development,Healthcare Representative,Non-Travel,1146,15,4,Medical,3,Female,34,3,2,4,Divorced,6667,16542,5,No,18,3,2,1,9,6,3,5,1,1,2,666.7,0.16666666666666666,3.0,0,0.025118433690693307,2.51,Low Risk
E1390,31,0,Research & Development,Research Scientist,Travel_Frequently,1125,1,3,Life Sciences,4,Male,48,1,2,1,Married,5003,5771,1,No,21,4,2,0,10,6,3,10,8,8,7,454.8181818181818,0.7272727272727273,2.2,0,0.2461481569882179,24.61,Low Risk
E1391,28,1,Research & Development,Laboratory Technician,Travel_Rarely,1404,17,3,Technical Degree,3,Male,32,2,1,4,Divorced,2367,18779,5,No,12,3,1,1,6,2,2,4,1,0,3,338.14285714285717,0.0,2.4,0,0.7780023266185959,77.8,High Risk
E1392,38,0,Sales,Sales Representative,Travel_Rarely,1404,1,3,Life Sciences,1,Male,59,2,1,1,Single,2858,11473,4,No,14,3,1,0,20,3,2,1,0,0,0,136.0952380952381,0.0,1.4,0,0.9222484464241171,92.22,High Risk
E1393,35,0,Sales,Sales Executive,Travel_Rarely,1224,7,4,Life Sciences,3,Female,55,3,2,4,Married,5204,13586,1,Yes,11,3,4,0,10,2,3,10,8,0,9,473.09090909090907,0.0,3.4,1,0.08737817692978783,8.74,Low Risk
E1394,27,0,Sales,Sales Executive,Travel_Rarely,954,9,3,Marketing,4,Male,44,3,2,4,Single,4105,5099,1,No,14,3,1,0,7,5,3,7,7,0,7,513.125,0.0,3.0,0,0.08354261521673763,8.35,Low Risk
E1395,32,0,Research & Development,Manufacturing Director,Travel_Rarely,1373,5,4,Life Sciences,4,Male,56,2,2,4,Single,9679,10138,8,No,24,4,2,0,8,1,3,1,0,0,0,1075.4444444444443,0.0,3.0,0,0.2977372743438825,29.77,Low Risk
E1396,31,1,Sales,Sales Executive,Travel_Frequently,754,26,4,Marketing,1,Male,63,3,2,4,Married,5617,21075,1,Yes,11,3,3,0,10,4,3,10,7,0,8,510.6363636363636,0.0,2.8,1,0.8011494684000633,80.11,High Risk
E1397,53,1,Sales,Sales Executive,Travel_Rarely,1168,24,4,Life Sciences,1,Male,66,3,3,1,Single,10448,5843,6,Yes,13,3,2,0,15,2,2,2,2,2,2,653.0,0.6666666666666666,1.8,1,0.9510350896761895,95.1,High Risk
E1398,54,0,Research & Development,Research Scientist,Travel_Rarely,155,9,2,Life Sciences,1,Female,67,3,2,3,Married,2897,22474,3,No,11,3,3,2,9,6,2,4,3,2,3,289.7,0.4,2.4,0,0.11382467988092139,11.38,Low Risk
E1399,33,0,Research & Development,Healthcare Representative,Travel_Frequently,1303,7,2,Life Sciences,4,Male,36,3,2,3,Divorced,5968,18079,1,No,20,4,3,3,9,2,3,9,7,2,8,596.8,0.2,3.2,0,0.03307919763124292,3.31,Low Risk
E1400,43,0,Research & Development,Healthcare Representative,Travel_Rarely,574,11,3,Life Sciences,1,Male,30,3,3,3,Married,7510,16873,1,No,17,3,2,1,10,1,3,10,9,0,9,682.7272727272727,0.0,2.4,0,0.06554348196660258,6.55,Low Risk
E1401,38,0,Human Resources,Human Resources,Travel_Frequently,1444,1,4,Other,4,Male,88,3,1,2,Married,2991,5224,0,Yes,11,3,2,1,7,2,3,6,2,1,2,373.875,0.14285714285714285,2.8,1,0.6012225596009778,60.12,High Risk
E1402,55,0,Human Resources,Manager,Travel_Rarely,189,26,4,Human Resources,3,Male,71,4,5,2,Married,19636,25811,4,Yes,18,3,1,1,35,0,3,10,9,1,4,545.4444444444445,0.09090909090909091,2.6,1,0.21585374581457073,21.59,Low Risk
E1403,31,0,Research & Development,Laboratory Technician,Travel_Rarely,1276,2,1,Medical,4,Female,59,1,1,4,Divorced,1129,17536,1,Yes,11,3,3,3,1,4,3,1,0,0,0,564.5,0.0,3.0,1,0.2993514197371944,29.94,Low Risk
E1404,39,0,Sales,Sales Executive,Travel_Rarely,119,15,4,Marketing,2,Male,77,3,4,1,Single,13341,25098,0,No,12,3,1,0,21,3,3,20,8,11,10,606.4090909090909,0.5238095238095238,2.0,0,0.9173181003550133,91.73,High Risk
E1405,42,0,Research & Development,Research Scientist,Non-Travel,335,23,2,Life Sciences,4,Male,37,2,2,3,Single,4332,14811,1,No,12,3,4,0,20,2,3,20,9,3,7,206.28571428571428,0.14285714285714285,3.2,0,0.12117077219561624,12.12,Low Risk
E1406,31,0,Research & Development,Research Director,Non-Travel,697,10,3,Medical,3,Female,40,3,3,3,Married,11031,26862,4,No,20,4,3,1,13,2,4,11,7,4,8,787.9285714285714,0.3333333333333333,3.2,0,0.017150945578319154,1.72,Low Risk
E1407,54,0,Research & Development,Manufacturing Director,Travel_Rarely,157,10,3,Medical,3,Female,77,3,2,1,Single,4440,25198,6,Yes,19,3,4,0,9,3,3,5,2,1,4,444.0,0.16666666666666666,2.8,1,0.6949193203576134,69.49,High Risk
E1408,24,0,Research & Development,Healthcare Representative,Travel_Rarely,771,1,2,Life Sciences,2,Male,45,2,2,3,Single,4617,14120,1,No,12,3,2,0,4,2,2,4,3,1,2,923.4,0.2,2.2,0,0.4629768245536396,46.3,Medium Risk
E1409,23,0,Research & Development,Laboratory Technician,Travel_Rarely,571,12,2,Other,4,Male,78,3,1,4,Single,2647,13672,1,No,13,3,3,0,5,6,4,5,2,1,4,441.1666666666667,0.16666666666666666,3.6,0,0.12280970920210628,12.28,Low Risk
E1410,40,0,Research & Development,Laboratory Technician,Travel_Frequently,692,11,3,Technical Degree,4,Female,73,3,2,3,Married,6323,26849,1,No,11,3,1,1,10,2,4,10,9,9,4,574.8181818181819,0.8181818181818182,3.0,0,0.681277050034079,68.13,High Risk
E1411,40,0,Sales,Sales Executive,Travel_Rarely,444,2,2,Marketing,2,Female,92,3,2,2,Married,5677,4258,3,No,14,3,3,1,15,4,3,11,8,5,10,354.8125,0.4166666666666667,2.6,0,0.0992892331336152,9.93,Low Risk
E1412,25,0,Human Resources,Human Resources,Travel_Rarely,309,2,3,Human Resources,3,Female,82,3,1,2,Married,2187,19655,4,No,14,3,3,0,6,3,3,2,0,1,2,312.42857142857144,0.3333333333333333,2.8,0,0.4402381073561937,44.02,Medium Risk
E1413,30,0,Research & Development,Laboratory Technician,Travel_Rarely,911,1,2,Medical,4,Male,76,3,1,2,Married,3748,4077,1,No,13,3,3,0,12,6,2,12,8,1,7,288.3076923076923,0.07692307692307693,2.8,0,0.06458042479433013,6.46,Low Risk
E1414,25,0,Research & Development,Laboratory Technician,Travel_Rarely,977,2,1,Other,4,Male,57,3,1,3,Divorced,3977,7298,6,Yes,19,3,3,1,7,2,2,2,2,0,2,497.125,0.0,3.0,1,0.5284589017251872,52.85,Medium Risk
E1415,47,0,Research & Development,Healthcare Representative,Travel_Rarely,1180,25,3,Medical,1,Male,84,3,3,3,Single,8633,13084,2,No,23,4,2,0,25,3,3,17,14,12,11,332.03846153846155,0.6666666666666666,2.4,0,0.27885878163197403,27.89,Low Risk
E1416,33,0,Research & Development,Laboratory Technician,Non-Travel,1313,1,2,Medical,2,Male,59,2,1,3,Divorced,2008,20439,1,No,12,3,3,3,1,2,2,1,1,0,0,1004.0,0.0,2.4,0,0.15971133939025692,15.97,Low Risk
E1417,38,0,Sales,Sales Executive,Travel_Rarely,1321,1,4,Life Sciences,4,Male,86,3,2,2,Married,4440,7636,0,No,15,3,1,2,16,3,3,15,13,5,8,261.1764705882353,0.3125,2.6,0,0.05263736820329324,5.26,Low Risk
E1418,31,0,Sales,Sales Representative,Travel_Rarely,1154,2,2,Life Sciences,1,Male,54,3,1,3,Married,3067,6393,0,No,19,3,3,1,3,1,3,2,2,1,2,766.75,0.3333333333333333,2.6,0,0.37476990304271507,37.48,Medium Risk
E1419,38,0,Research & Development,Manufacturing Director,Travel_Frequently,508,6,4,Life Sciences,1,Male,72,2,2,3,Married,5321,14284,2,No,11,3,4,1,10,1,3,8,3,7,7,483.72727272727275,0.7777777777777778,2.6,0,0.5467360845181479,54.67,Medium Risk
E1420,42,0,Research & Development,Research Scientist,Travel_Rarely,557,18,4,Life Sciences,4,Male,35,3,2,1,Divorced,5410,11189,6,Yes,17,3,3,1,9,3,2,4,3,1,2,541.0,0.2,2.6,1,0.6796468527210284,67.96,High Risk
E1421,41,0,Research & Development,Research Scientist,Travel_Rarely,642,1,3,Life Sciences,4,Male,76,3,1,4,Married,2782,21412,3,No,22,4,1,1,12,3,3,5,3,1,0,214.0,0.16666666666666666,3.0,0,0.06228319619552976,6.23,Low Risk
E1422,47,0,Research & Development,Research Director,Non-Travel,1162,1,1,Medical,3,Female,98,3,3,2,Married,11957,17231,0,No,18,3,1,2,14,3,1,13,8,5,12,797.1333333333333,0.35714285714285715,2.0,0,0.014817995473329494,1.48,Low Risk
E1423,35,0,Research & Development,Laboratory Technician,Travel_Rarely,1490,11,4,Medical,4,Male,43,3,1,3,Married,2660,20232,7,Yes,11,3,3,1,5,3,3,2,2,2,2,443.3333333333333,0.6666666666666666,3.2,1,0.7326311481289315,73.26,High Risk
E1424,22,0,Research & Development,Research Scientist,Travel_Rarely,581,1,2,Life Sciences,4,Male,63,3,1,3,Single,3375,17624,0,No,12,3,4,0,4,2,4,3,2,1,2,675.0,0.25,3.6,0,0.09194615919268989,9.19,Low Risk
E1425,35,0,Research & Development,Research Scientist,Travel_Rarely,1395,9,4,Medical,2,Male,48,3,2,3,Single,5098,18698,1,No,19,3,2,0,10,5,3,10,7,0,8,463.45454545454544,0.0,2.6,0,0.08531291290985384,8.53,Low Risk
E1426,33,0,Research & Development,Healthcare Representative,Travel_Rarely,501,15,2,Medical,2,Female,95,3,2,4,Married,4878,21653,0,Yes,13,3,1,1,10,6,3,9,7,8,1,443.45454545454544,0.8,2.6,1,0.4285510658417171,42.86,Medium Risk
E1427,32,0,Research & Development,Laboratory Technician,Travel_Rarely,267,29,4,Life Sciences,3,Female,49,2,1,2,Single,2837,15919,1,No,13,3,3,0,6,3,3,6,2,4,1,405.2857142857143,0.5714285714285714,2.6,0,0.8371761385648299,83.72,High Risk
E1428,40,0,Research & Development,Laboratory Technician,Travel_Rarely,543,1,4,Life Sciences,1,Male,83,3,1,4,Married,2406,4060,8,No,19,3,3,2,8,3,2,1,0,0,0,267.3333333333333,0.0,2.6,0,0.40260750034030734,40.26,Medium Risk
E1429,32,0,Sales,Sales Representative,Travel_Rarely,234,1,4,Medical,2,Male,68,2,1,2,Married,2269,18024,0,No,14,3,2,1,3,2,3,2,2,2,2,567.25,0.6666666666666666,2.2,0,0.6678247746334565,66.78,High Risk
E1430,39,0,Research & Development,Research Scientist,Travel_Rarely,116,24,1,Life Sciences,1,Male,52,3,2,4,Single,4108,5340,7,No,13,3,1,0,18,2,3,7,7,1,7,216.21052631578948,0.125,2.4,0,0.5143818508118607,51.44,Medium Risk
E1431,38,0,Research & Development,Research Director,Travel_Rarely,201,10,3,Medical,2,Female,99,1,3,3,Married,13206,3376,3,No,12,3,1,1,20,3,3,18,16,1,11,628.8571428571429,0.05263157894736842,2.0,0,0.027397878941295466,2.74,Low Risk
E1432,32,0,Sales,Sales Executive,Travel_Rarely,801,1,4,Marketing,3,Female,48,3,3,4,Married,10422,24032,1,No,19,3,3,2,14,3,3,14,10,5,7,694.8,0.3333333333333333,3.2,0,0.051921431486754085,5.19,Low Risk
E1433,37,0,Research & Development,Research Director,Travel_Rarely,161,10,3,Life Sciences,3,Female,42,4,3,4,Married,13744,15471,1,Yes,25,4,1,1,16,2,3,16,11,6,8,808.4705882352941,0.35294117647058826,3.0,1,0.04140057598381843,4.14,Low Risk
E1434,25,0,Sales,Sales Executive,Travel_Rarely,1382,8,2,Other,1,Female,85,3,2,3,Divorced,4907,13684,0,Yes,22,4,2,1,6,3,2,5,3,0,4,701.0,0.0,2.2,1,0.43559506040500023,43.56,Medium Risk
E1435,52,0,Sales,Sales Representative,Non-Travel,585,29,4,Life Sciences,1,Male,40,3,1,4,Divorced,3482,19788,2,No,15,3,2,2,16,3,2,9,8,0,0,204.8235294117647,0.0,2.4,0,0.15121237663718434,15.12,Low Risk
E1436,44,0,Research & Development,Research Scientist,Travel_Rarely,1037,1,3,Medical,2,Male,42,3,1,4,Single,2436,13422,6,Yes,12,3,3,0,6,2,3,4,3,1,2,348.0,0.2,3.0,1,0.7354077069618052,73.54,High Risk
E1437,21,0,Sales,Sales Representative,Travel_Rarely,501,5,1,Medical,3,Male,58,3,1,1,Single,2380,25479,1,Yes,11,3,4,0,2,6,3,2,2,1,2,793.3333333333334,0.3333333333333333,2.8,1,0.9253799188371031,92.54,High Risk
E1438,39,0,Research & Development,Manager,Non-Travel,105,9,3,Life Sciences,4,Male,87,3,5,4,Single,19431,15302,2,No,13,3,3,0,21,3,2,6,0,1,3,883.2272727272727,0.14285714285714285,3.2,0,0.030197005203071333,3.02,Low Risk
E1439,23,1,Sales,Sales Representative,Travel_Frequently,638,9,3,Marketing,4,Male,33,3,1,1,Married,1790,26956,1,No,19,3,1,1,1,3,2,1,0,1,0,895.0,0.5,2.2,0,0.917864453446582,91.79,High Risk
E1440,36,0,Sales,Sales Executive,Travel_Rarely,557,3,3,Medical,1,Female,94,2,3,4,Married,7644,12695,0,No,19,3,3,2,10,2,3,9,7,3,4,694.9090909090909,0.3,2.6,0,0.11085962860771212,11.09,Low Risk
E1441,36,0,Research & Development,Manufacturing Director,Travel_Frequently,688,4,2,Life Sciences,4,Female,97,3,2,2,Divorced,5131,9192,7,No,13,3,2,3,18,3,3,4,2,0,2,270.05263157894734,0.0,2.8,0,0.07612629415935099,7.61,Low Risk
E1442,56,0,Research & Development,Healthcare Representative,Non-Travel,667,1,4,Life Sciences,3,Male,57,3,2,3,Divorced,6306,26236,1,No,21,4,1,1,13,2,2,13,12,1,9,450.42857142857144,0.07142857142857142,2.4,0,0.019830322083262568,1.98,Low Risk
E1443,29,1,Research & Development,Research Scientist,Travel_Rarely,1092,1,4,Medical,1,Male,36,3,1,4,Married,4787,26124,9,Yes,14,3,2,3,4,3,4,2,2,2,2,957.4,0.6666666666666666,2.8,1,0.7432873019098454,74.33,High Risk
E1444,42,0,Research & Development,Manager,Travel_Rarely,300,2,3,Life Sciences,1,Male,56,3,5,3,Married,18880,17312,5,No,11,3,1,0,24,2,2,22,6,4,14,755.2,0.17391304347826086,2.0,0,0.26303322127434026,26.3,Low Risk
E1445,56,1,Research & Development,Laboratory Technician,Travel_Rarely,310,7,2,Technical Degree,4,Male,72,3,1,3,Married,2339,3666,8,No,11,3,4,1,14,4,1,10,9,9,8,155.93333333333334,0.8181818181818182,3.0,0,0.6501519345871843,65.02,High Risk
E1446,41,0,Research & Development,Manufacturing Director,Travel_Rarely,582,28,4,Life Sciences,1,Female,60,2,4,2,Married,13570,5640,0,No,23,4,3,1,21,3,3,20,7,0,10,616.8181818181819,0.0,2.2,0,0.11767829717404558,11.77,Low Risk
E1447,34,0,Sales,Sales Executive,Travel_Rarely,704,28,3,Marketing,4,Female,95,2,2,3,Married,6712,8978,1,No,21,4,4,2,8,2,3,8,7,1,7,745.7777777777778,0.1111111111111111,3.2,0,0.07829286316057629,7.83,Low Risk
E1448,36,0,Sales,Sales Executive,Non-Travel,301,15,4,Marketing,4,Male,88,1,2,4,Divorced,5406,10436,1,No,24,4,1,1,15,4,2,15,12,11,11,337.875,0.6875,2.4,0,0.07802120372944146,7.8,Low Risk
E1449,41,0,Sales,Sales Executive,Travel_Rarely,930,3,3,Life Sciences,3,Male,57,2,2,2,Divorced,8938,12227,2,No,11,3,3,1,14,5,3,5,4,0,4,595.8666666666667,0.0,2.6,0,0.058356360959788,5.84,Low Risk
E1450,32,0,Research & Development,Research Scientist,Travel_Rarely,529,2,3,Technical Degree,4,Male,78,3,1,1,Single,2439,11288,1,No,14,3,4,0,4,4,3,4,2,1,2,487.8,0.2,3.0,0,0.3889403231831023,38.89,Medium Risk
E1451,35,0,Human Resources,Human Resources,Travel_Rarely,1146,26,4,Life Sciences,3,Female,31,3,3,4,Single,8837,16642,1,Yes,16,3,3,0,9,2,3,9,0,1,7,883.7,0.1,3.2,1,0.6723796631408404,67.24,High Risk
E1452,38,0,Sales,Sales Executive,Travel_Rarely,345,10,2,Life Sciences,1,Female,100,3,2,4,Married,5343,5982,1,No,11,3,3,1,10,1,3,10,7,1,9,485.72727272727275,0.09090909090909091,2.8,0,0.07857472377183297,7.86,Low Risk
E1453,50,1,Sales,Sales Executive,Travel_Frequently,878,1,4,Life Sciences,2,Male,94,3,2,3,Divorced,6728,14255,7,No,12,3,4,2,12,3,3,6,3,0,1,517.5384615384615,0.0,3.0,0,0.20305617059628409,20.31,Low Risk
E1454,36,0,Sales,Sales Executive,Travel_Rarely,1120,11,4,Marketing,2,Female,100,2,2,4,Married,6652,14369,4,No,13,3,1,1,8,2,2,6,3,0,0,739.1111111111111,0.0,2.2,0,0.638338955947512,63.83,High Risk
E1455,45,0,Sales,Sales Executive,Travel_Rarely,374,20,3,Life Sciences,4,Female,50,3,2,3,Single,4850,23333,8,No,15,3,3,0,8,3,3,5,3,0,1,538.8888888888889,0.0,3.2,0,0.4476859869996082,44.77,Medium Risk
E1456,40,0,Research & Development,Research Scientist,Travel_Rarely,1322,2,4,Life Sciences,3,Male,52,2,1,3,Single,2809,2725,2,No,14,3,4,0,8,2,3,2,2,2,2,312.1111111111111,0.6666666666666666,3.0,0,0.12327462059818914,12.33,Low Risk
E1457,35,0,Research & Development,Healthcare Representative,Travel_Frequently,1199,18,4,Life Sciences,3,Male,80,3,2,3,Married,5689,24594,1,Yes,14,3,4,2,10,2,4,10,2,0,2,517.1818181818181,0.0,3.4,1,0.4097146237250755,40.97,Medium Risk
E1458,40,0,Research & Development,Research Scientist,Travel_Rarely,1194,2,4,Medical,3,Female,98,3,1,3,Married,2001,12549,2,No,14,3,2,3,20,2,3,5,3,0,2,95.28571428571429,0.0,2.8,0,0.04915648778723616,4.92,Low Risk
E1459,35,0,Research & Development,Research Scientist,Travel_Rarely,287,1,4,Life Sciences,3,Female,62,1,1,4,Married,2977,8952,1,No,12,3,4,1,4,5,3,4,3,1,1,595.4,0.2,3.0,0,0.06773884039674352,6.77,Low Risk
E1460,29,0,Research & Development,Laboratory Technician,Travel_Rarely,1378,13,2,Other,4,Male,46,2,2,2,Married,4025,23679,4,Yes,13,3,1,1,10,2,3,4,3,0,3,365.90909090909093,0.0,2.4,1,0.8700147482683723,87.0,High Risk
E1461,29,0,Research & Development,Research Scientist,Travel_Rarely,468,28,4,Medical,4,Female,73,2,1,1,Single,3785,8489,1,No,14,3,2,0,5,3,1,5,4,0,4,630.8333333333334,0.0,2.0,0,0.6409928057745578,64.1,High Risk
E1462,50,1,Sales,Sales Executive,Travel_Rarely,410,28,3,Marketing,4,Male,39,2,3,1,Divorced,10854,16586,4,Yes,13,3,2,1,20,3,3,3,2,2,0,516.8571428571429,0.5,2.4,1,0.8357891816299773,83.58,High Risk
E1463,39,0,Sales,Sales Executive,Travel_Rarely,722,24,1,Marketing,2,Female,60,2,4,4,Married,12031,8828,0,No,11,3,1,1,21,2,2,20,9,9,6,546.8636363636364,0.42857142857142855,2.2,0,0.7461212341663546,74.61,High Risk
E1464,31,0,Research & Development,Manufacturing Director,Non-Travel,325,5,3,Medical,2,Male,74,3,2,1,Single,9936,3787,0,No,19,3,2,0,10,2,3,9,4,1,7,903.2727272727273,0.1,2.2,0,0.09529938824625218,9.53,Low Risk
E1465,26,0,Sales,Sales Representative,Travel_Rarely,1167,5,3,Other,4,Female,30,2,1,3,Single,2966,21378,0,No,18,3,4,0,5,2,3,4,2,0,0,494.3333333333333,0.0,3.2,0,0.3609402392839912,36.09,Medium Risk
E1466,36,0,Research & Development,Laboratory Technician,Travel_Frequently,884,23,2,Medical,3,Male,41,4,2,4,Married,2571,12290,4,No,17,3,3,1,17,3,3,5,2,0,3,142.83333333333334,0.0,3.4,0,0.2737372383248582,27.37,Low Risk
E1467,39,0,Research & Development,Healthcare Representative,Travel_Rarely,613,6,1,Medical,4,Male,42,2,3,1,Married,9991,21457,4,No,15,3,1,1,9,5,3,7,7,1,7,999.1,0.125,2.2,0,0.09414778458914369,9.41,Low Risk
E1468,27,0,Research & Development,Manufacturing Director,Travel_Rarely,155,4,3,Life Sciences,2,Male,87,4,2,2,Married,6142,5174,1,Yes,20,4,2,1,6,0,3,6,2,0,3,877.4285714285714,0.0,2.6,1,0.6042989334209847,60.43,High Risk
E1469,49,0,Sales,Sales Executive,Travel_Frequently,1023,2,3,Medical,4,Male,63,2,2,2,Married,5390,13243,2,No,14,3,4,0,17,3,2,9,6,0,8,299.44444444444446,0.0,2.8,0,0.10282074503108904,10.28,Low Risk
E1470,34,0,Research & Development,Laboratory Technician,Travel_Rarely,628,8,3,Medical,2,Male,82,4,2,3,Married,4404,10228,2,No,12,3,1,0,6,3,4,4,3,1,2,629.1428571428571,0.2,2.8,0,0.2490592365770762,24.91,Low Risk
